,,,,,,,,,
,,,,,,,,,
,,,,,,,,,
Customer_ID,Frequency,Monetary,LastPurchaseDate,Recency,R_Score,F_Score,M_Score,RFM_Score,Segment
18102,1040,580987.04,12/9/2011,1,5,5,5,555,Champions
14646,3849,528602.52,12/8/2011,2,5,5,5,555,Champions
14156,4038,313437.62,11/30/2011,10,5,5,5,555,Champions
14911,11077,291420.81,12/8/2011,2,5,5,5,555,Champions
17450,420,244784.25,12/1/2011,9,5,5,5,555,Champions
13694,1519,195640.69,12/6/2011,4,5,5,5,555,Champions
17511,1868,172132.87,12/7/2011,3,5,5,5,555,Champions
16684,718,147142.77,12/5/2011,5,5,5,5,555,Champions
12415,926,144458.37,11/15/2011,25,5,5,5,555,Champions
15061,898,126389.02,12/6/2011,4,5,5,5,555,Champions
16029,370,117763.62,11/1/2011,39,4,5,5,455,Champions
17949,156,117314.08,12/8/2011,2,5,5,5,555,Champions
15311,4306,114966.42,12/9/2011,1,5,5,5,555,Champions
13089,3315,113416.91,12/7/2011,3,5,5,5,555,Champions
12931,218,92347.34,11/18/2011,22,5,5,5,555,Champions
14298,2864,91194.49,12/1/2011,9,5,5,5,555,Champions
15769,223,88612.52,12/2/2011,8,5,5,5,555,Champions
13798,721,75428.87,12/8/2011,2,5,5,5,555,Champions
15838,206,73205.5,11/28/2011,12,5,5,5,555,Champions
17841,12435,68545.25,12/8/2011,2,5,5,5,555,Champions
16754,140,65500.07,12/2/2010,373,3,5,5,355,Loyal Customers
14096,5111,65164.79,12/5/2011,5,5,5,5,555,Champions
14088,682,64036.8,11/29/2011,11,5,5,5,555,Champions
16422,698,61920.87,11/22/2011,18,5,5,5,555,Champions
17389,429,57215.33,12/9/2011,1,5,5,5,555,Champions
13081,2280,56838.37,11/28/2011,12,5,5,5,555,Champions
16013,216,56078.44,12/6/2011,4,5,5,5,555,Champions
14680,1274,55688.5,11/14/2011,26,5,5,5,555,Champions
13093,1037,54144.25,3/9/2011,276,3,5,5,355,Loyal Customers
12748,6585,53539.64,12/9/2011,1,5,5,5,555,Champions
17850,2499,51208.87,12/2/2010,373,3,5,5,355,Loyal Customers
13408,826,50174.782,12/8/2011,2,5,5,5,555,Champions
13777,356,49638.26,12/9/2011,1,5,5,5,555,Champions
17404,292,47781.12,12/5/2011,5,5,5,5,555,Champions
13881,457,45179.1,12/6/2011,4,5,5,5,555,Champions
15749,10,44534.3,4/18/2011,236,3,2,5,325,Others
16705,691,43515.051,12/9/2011,1,5,5,5,555,Champions
12471,1135,39918.19,12/7/2011,3,5,5,5,555,Champions
15098,3,39916.5,6/10/2011,183,3,2,5,325,Others
15039,2695,39141.48,11/30/2011,10,5,5,5,555,Champions
14031,750,39019.51,12/2/2011,8,5,5,5,555,Champions
17675,1116,37642.48,12/8/2011,2,5,5,5,555,Champions
17381,163,36398.65,12/1/2011,9,5,5,5,555,Champions
12921,1499,35233.24,11/30/2011,10,5,5,5,555,Champions
17677,685,35058.46,12/8/2011,2,5,5,5,555,Champions
12678,376,34281.18,10/28/2011,43,4,5,5,455,Champions
13902,63,34095.26,3/17/2010,633,2,5,5,255,At Risk
13767,764,33903.57,12/7/2011,3,5,5,5,555,Champions
16210,256,33750.97,12/8/2011,2,5,5,5,555,Champions
16779,1040,32809.03,12/7/2011,3,5,5,5,555,Champions
15856,1102,32275.95,12/5/2011,5,5,5,5,555,Champions
14258,300,32051.34,11/30/2011,10,5,5,5,555,Champions
17428,720,31466.76,12/9/2011,1,5,5,5,555,Champions
17940,35,30306.79,10/21/2011,50,4,5,5,455,Champions
12709,490,30291.76,11/24/2011,16,5,5,5,555,Champions
14606,6359,29951.37,12/8/2011,2,5,5,5,555,Champions
12681,1424,29834.76,11/25/2011,15,5,5,5,555,Champions
13078,791,29018.06,12/6/2011,4,5,5,5,555,Champions
13098,572,28882.44,12/8/2011,2,5,5,5,555,Champions
17857,56,27347.04,12/5/2011,5,5,5,5,555,Champions
14527,2639,27246.88,12/7/2011,3,5,5,5,555,Champions
16333,45,26626.8,12/2/2011,8,5,5,5,555,Champions
15513,547,26437.05,11/6/2011,34,4,5,5,455,Champions
17865,1010,26312.19,11/9/2011,31,4,5,5,455,Champions
18251,108,26278.86,9/13/2011,88,4,5,5,455,Champions
13802,448,26259.11,7/24/2011,139,3,5,5,355,Loyal Customers
12731,393,25775.71,11/16/2011,24,5,5,5,555,Champions
14062,340,25585.65,11/30/2011,10,5,5,5,555,Champions
12744,339,25317.06,10/19/2011,52,4,5,5,455,Champions
12939,86,25264.8,10/6/2011,65,4,5,5,455,Champions
14895,900,25119.54,12/2/2011,8,5,5,5,555,Champions
15498,941,24972.86,12/7/2011,3,5,5,5,555,Champions
12621,756,24311.2,12/8/2011,2,5,5,5,555,Champions
16525,353,24151.3,12/7/2011,3,5,5,5,555,Champions
13001,1015,24042.65,12/5/2011,5,5,5,5,555,Champions
14607,203,23763.13,11/24/2011,16,5,5,5,555,Champions
12482,204,23691.4,5/12/2010,577,2,5,5,255,At Risk
17920,1640,23581.78,12/5/2011,5,5,5,5,555,Champions
15640,748,23494.31,12/5/2011,5,5,5,5,555,Champions
12409,264,23419.29,9/22/2011,79,4,5,5,455,Champions
16133,544,22992.26,12/6/2011,4,5,5,5,555,Champions
12682,989,22950.22,12/6/2011,4,5,5,5,555,Champions
14063,40,22710.2,9/27/2010,439,2,5,5,255,At Risk
12540,771,22254.49,11/20/2011,20,5,5,5,555,Champions
15159,810,22116.73,12/8/2011,2,5,5,5,555,Champions
13340,215,22100.56,10/25/2011,46,4,5,5,455,Champions
14051,318,21770.98,12/9/2011,1,5,5,5,555,Champions
16839,350,21758.25,12/1/2011,9,5,5,5,555,Champions
12753,197,21429.39,11/17/2011,23,5,5,5,555,Champions
15615,901,21373.97,11/29/2011,11,5,5,5,555,Champions
13319,923,21323.22,12/4/2011,6,5,5,5,555,Champions
14866,136,20746.54,11/29/2011,11,5,5,5,555,Champions
14667,1270,20395.34,11/29/2011,11,5,5,5,555,Champions
15251,230,20324.54,11/30/2011,10,5,5,5,555,Champions
12477,564,20276.37,11/17/2011,23,5,5,5,555,Champions
17706,737,20272.15,12/5/2011,5,5,5,5,555,Champions
17243,1073,20203.58,12/8/2011,2,5,5,5,555,Champions
18008,97,19759.08,9/30/2011,71,4,5,5,455,Champions
17340,678,19617.95,11/10/2011,30,4,5,5,455,Champions
16843,596,19571.43,10/28/2011,43,4,5,5,455,Champions
17139,808,19566.76,11/24/2011,16,5,5,5,555,Champions
14194,952,18670.59,12/5/2011,5,5,5,5,555,Champions
12357,296,18287.66,11/6/2011,34,4,5,5,455,Champions
13113,377,18230.07,12/9/2011,1,5,5,5,555,Champions
12557,53,18096.14,11/23/2011,17,5,5,5,555,Champions
16746,983,18046.75,12/5/2011,5,5,5,5,555,Champions
17581,811,17951.17,12/9/2011,1,5,5,5,555,Champions
12901,116,17654.54,12/1/2011,9,5,5,5,555,Champions
17377,1712,17644.27,11/16/2011,24,5,5,5,555,Champions
14952,307,17629.35,10/11/2011,60,4,5,5,455,Champions
16652,275,17550.39,10/12/2011,59,4,5,5,455,Champions
15189,241,17524.38,12/8/2011,2,5,5,5,555,Champions
18172,475,17467.24,11/25/2011,15,5,5,5,555,Champions
16019,403,17329.16,10/24/2011,47,4,5,5,455,Champions
17416,597,17298.45,11/10/2011,30,4,5,5,455,Champions
15078,771,17286.73,12/2/2011,8,5,5,5,555,Champions
15523,212,17259.19,9/16/2011,85,4,5,5,455,Champions
13027,85,17239.2,8/18/2011,114,3,5,5,355,Loyal Customers
14277,379,17197.61,11/24/2011,16,5,5,5,555,Champions
15808,772,17180.25,2/6/2011,307,3,5,5,355,Loyal Customers
15125,240,17024.87,11/14/2011,26,5,5,5,555,Champions
12647,515,16955.55,11/17/2011,23,5,5,5,555,Champions
16656,141,16833.17,11/17/2011,23,5,5,5,555,Champions
12433,559,16794.14,12/9/2011,1,5,5,5,555,Champions
17735,874,16790.33,12/7/2011,3,5,5,5,555,Champions
12454,40,16679.78,10/14/2011,57,4,5,5,455,Champions
16553,292,16584.01,6/29/2011,164,3,5,5,355,Loyal Customers
13564,1200,16498.97,7/18/2011,145,3,5,5,355,Loyal Customers
15358,1089,16425.86,12/5/2011,5,5,5,5,555,Champions
14961,670,16410.15,11/29/2011,11,5,5,5,555,Champions
13225,125,16260.07,12/6/2011,4,5,5,5,555,Champions
16180,327,16249.87,8/31/2011,101,3,5,5,355,Loyal Customers
12472,841,16249.29,11/7/2011,33,4,5,5,455,Champions
12980,52,16245.78,7/5/2011,158,3,5,5,355,Loyal Customers
17107,670,16052.72,11/6/2011,34,4,5,5,455,Champions
15044,896,16024.15,11/20/2011,20,5,5,5,555,Champions
13199,203,15964.21,12/6/2011,4,5,5,5,555,Champions
17716,601,15956.97,11/17/2011,23,5,5,5,555,Champions
12971,407,15704.6,12/6/2011,4,5,5,5,555,Champions
16191,232,15677.82,12/7/2011,3,5,5,5,555,Champions
12949,715,15526.7,11/9/2011,31,4,5,5,455,Champions
14769,1398,15514.11,12/7/2011,3,5,5,5,555,Champions
14849,738,15407.61,11/18/2011,22,5,5,5,555,Champions
15768,1208,15308.89,8/16/2011,116,3,5,5,355,Loyal Customers
18087,88,14761.52,9/2/2011,99,3,5,5,355,Loyal Customers
18092,140,14693.72,12/7/2011,3,5,5,5,555,Champions
16126,381,14644.6,11/10/2011,30,4,5,5,455,Champions
17133,56,14622.33,11/24/2011,16,5,5,5,555,Champions
16873,512,14617.39,12/5/2011,5,5,5,5,555,Champions
14543,212,14587.87,11/11/2011,29,4,5,5,455,Champions
17448,1115,14523.67,7/30/2010,498,2,5,5,255,At Risk
15482,148,14417.36,11/24/2011,16,5,5,5,555,Champions
14733,319,14335.15,11/23/2011,17,5,5,5,555,Champions
13488,679,14205.96,11/22/2011,18,5,5,5,555,Champions
15601,824,14191.74,11/28/2011,12,5,5,5,555,Champions
16713,1266,14115.56,11/21/2011,19,5,5,5,555,Champions
12714,696,14093.71,11/30/2011,10,5,5,5,555,Champions
12476,514,14083.91,11/24/2011,16,5,5,5,555,Champions
14299,335,14070.25,12/1/2011,9,5,5,5,555,Champions
13178,687,14059.19,11/13/2011,27,4,5,5,455,Champions
18223,576,14000.85,12/5/2011,5,5,5,5,555,Champions
12435,112,13925.93,9/21/2011,80,4,5,5,455,Champions
15760,2,13916.34,3/19/2010,631,2,2,5,225,Lost
17589,1302,13837.94,10/10/2011,61,4,5,5,455,Champions
15005,2387,13754.58,11/24/2011,16,5,5,5,555,Champions
15382,632,13733.55,11/25/2011,15,5,5,5,555,Champions
15093,316,13702.38,11/21/2011,19,5,5,5,555,Champions
12583,446,13591.58,12/7/2011,3,5,5,5,555,Champions
12989,97,13551.75,12/6/2011,4,5,5,5,555,Champions
15291,244,13517.76,11/14/2011,26,4,5,5,455,Champions
13629,87,13370.86,11/16/2011,24,5,5,5,555,Champions
13097,1004,13324.1,11/7/2011,33,4,5,5,455,Champions
16558,753,13304.11,12/9/2011,1,5,5,5,555,Champions
16923,1083,13157.13,11/27/2011,13,5,5,5,555,Champions
13090,274,13091.74,12/1/2011,9,5,5,5,555,Champions
15738,482,13043.32,11/21/2011,19,5,5,5,555,Champions
14049,1061,13023.4,11/23/2011,17,5,5,5,555,Champions
18225,572,13014.8,12/6/2011,4,5,5,5,555,Champions
15502,330,13003.87,11/24/2011,16,5,5,5,555,Champions
14110,399,12987.95,12/6/2011,4,5,5,5,555,Champions
13969,1064,12973.46,12/2/2011,8,5,5,5,555,Champions
13668,756,12948.48,12/7/2011,3,5,5,5,555,Champions
13316,173,12940.82,11/2/2011,38,4,5,5,455,Champions
13952,409,12823.521,5/6/2011,218,3,5,5,355,Loyal Customers
13468,693,12793.28,12/8/2011,2,5,5,5,555,Champions
16549,3093,12781.8,11/29/2011,11,5,5,5,555,Champions
12437,563,12683.4,12/8/2011,2,5,5,5,555,Champions
12451,511,12669.88,11/29/2011,11,5,5,5,555,Champions
12536,261,12601.83,10/27/2011,44,4,5,5,455,Champions
16161,1134,12580.06,12/8/2011,2,5,5,5,555,Champions
17017,378,12576.99,12/7/2011,3,5,5,5,555,Champions
14040,781,12523.81,10/30/2011,41,4,5,5,455,Champions
17858,373,12518.65,12/4/2011,6,5,5,5,555,Champions
14936,527,12410.81,11/6/2011,34,4,5,5,455,Champions
16000,9,12393.7,12/7/2011,3,5,2,5,525,New Customers
12474,708,12372.75,11/22/2011,18,5,5,5,555,Champions
14735,366,12240.16,12/6/2011,4,5,5,5,555,Champions
12481,380,12185.51,11/17/2011,23,5,5,5,555,Champions
15144,349,12160.31,12/1/2011,9,5,5,5,555,Champions
15465,255,12100.4,11/20/2011,20,5,5,5,555,Champions
15194,476,12021.53,12/6/2011,4,5,5,5,555,Champions
13050,984,11986.52,11/25/2011,15,5,5,5,555,Champions
14415,1234,11980.09,12/8/2011,2,5,5,5,555,Champions
17364,904,11972.92,12/9/2011,1,5,5,5,555,Champions
17044,149,11962.3,11/14/2011,26,5,5,5,555,Champions
13458,485,11959.27,12/2/2011,8,5,5,5,555,Champions
13854,178,11944.56,12/1/2011,9,5,5,5,555,Champions
16258,344,11942.52,10/25/2011,46,4,5,5,455,Champions
16814,767,11924.85,11/25/2011,15,5,5,5,555,Champions
16523,371,11916.33,12/8/2011,2,5,5,5,555,Champions
17338,1305,11889.33,11/22/2011,18,5,5,5,555,Champions
13687,45,11880.84,9/27/2010,439,2,5,5,255,At Risk
14505,1575,11879.08,11/22/2011,18,5,5,5,555,Champions
18226,528,11878.88,10/26/2011,45,4,5,5,455,Champions
12567,556,11767.48,11/17/2011,23,5,5,5,555,Champions
12705,599,11762.1,11/24/2011,16,5,5,5,555,Champions
14426,604,11727.94,11/16/2011,24,5,5,5,555,Champions
13004,815,11650.85,11/28/2011,12,5,5,5,555,Champions
12683,487,11633.7,12/5/2011,5,5,5,5,555,Champions
15023,958,11578.65,12/6/2011,4,5,5,5,555,Champions
14739,244,11573.62,12/5/2011,5,5,5,5,555,Champions
13418,537,11559.66,11/28/2011,12,5,5,5,555,Champions
15218,396,11468.83,11/29/2011,11,5,5,5,555,Champions
13680,646,11419.67,12/8/2011,2,5,5,5,555,Champions
14016,448,11403.41,7/1/2011,162,3,5,5,355,Loyal Customers
12668,536,11383.03,11/28/2011,12,5,5,5,555,Champions
13102,481,11380.1,12/8/2011,2,5,5,5,555,Champions
15874,342,11284.76,10/7/2011,64,4,5,5,455,Champions
15555,1591,11243.91,11/27/2011,13,5,5,5,555,Champions
12539,504,11214.75,11/17/2011,23,5,5,5,555,Champions
13576,268,11202.59,11/29/2011,11,5,5,5,555,Champions
12524,240,11126.11,11/30/2011,10,5,5,5,555,Champions
14134,180,11123.35,11/22/2010,383,2,5,5,255,At Risk
13013,487,11097.43,12/8/2011,2,5,5,5,555,Champions
15032,95,11010.05,3/28/2011,257,3,5,5,355,Loyal Customers
14045,37,10986.63,8/22/2011,110,3,5,5,355,Loyal Customers
12918,1,10953.5,3/23/2010,627,2,2,5,225,Lost
16985,243,10923.16,11/22/2011,18,5,5,5,555,Champions
18052,16,10877.18,5/24/2010,565,2,2,5,225,Lost
16033,1359,10608.81,12/4/2011,6,5,5,5,555,Champions
13324,132,10513.47,11/3/2011,37,4,5,5,455,Champions
15290,292,10496.28,12/5/2011,5,5,5,5,555,Champions
12431,390,10432.22,11/4/2011,36,4,5,5,455,Champions
14028,9,10396.5,6/7/2010,551,2,2,5,225,Lost
16168,306,10360.67,11/29/2011,11,5,5,5,555,Champions
16984,1072,10350.53,9/12/2011,89,4,5,5,455,Champions
15296,534,10323.03,10/20/2011,51,4,5,5,455,Champions
14422,552,10271.52,12/9/2011,1,5,5,5,555,Champions
17160,651,10209.16,11/8/2011,32,4,5,5,455,Champions
15719,1770,10195.97,11/7/2011,33,4,5,5,455,Champions
14796,1493,10169.33,12/8/2011,2,5,5,5,555,Champions
16327,877,10159.64,11/25/2011,15,5,5,5,555,Champions
18229,201,10150.51,11/28/2011,12,5,5,5,555,Champions
15805,529,10148.93,11/16/2011,24,5,5,5,555,Champions
18055,533,10142.64,12/2/2011,8,5,5,5,555,Champions
17809,97,10085.89,11/23/2011,17,5,5,5,555,Champions
15547,1332,10057.05,12/2/2011,8,5,5,5,555,Champions
13941,94,10027.18,11/18/2011,22,5,5,5,555,Champions
13985,480,10020.86,12/5/2011,5,5,5,5,555,Champions
15694,143,9978.48,12/9/2011,1,5,5,5,555,Champions
14755,475,9972.55,11/30/2011,10,5,5,5,555,Champions
16182,51,9971.65,9/28/2011,73,4,5,5,455,Champions
14101,90,9961.93,9/27/2011,74,4,5,5,455,Champions
16131,219,9957.42,10/19/2011,52,4,5,5,455,Champions
18260,410,9947.26,6/20/2011,173,3,5,5,355,Loyal Customers
17049,558,9942.53,12/7/2011,3,5,5,5,555,Champions
16701,275,9916.73,12/1/2011,9,5,5,5,555,Champions
12758,313,9903.24,8/15/2011,117,3,5,5,355,Loyal Customers
14329,552,9887.62,11/22/2011,18,5,5,5,555,Champions
12590,68,9864.26,5/12/2011,212,3,5,5,355,Loyal Customers
14828,101,9839.46,5/27/2011,197,3,5,5,355,Loyal Customers
12490,462,9823.64,12/4/2011,6,5,5,5,555,Champions
13599,392,9811.04,12/8/2011,2,5,5,5,555,Champions
16353,173,9795.46,12/6/2011,4,5,5,5,555,Champions
14944,303,9784.67,11/10/2011,30,4,5,5,455,Champions
17306,72,9782.35,11/29/2011,11,5,5,5,555,Champions
13018,603,9763.16,11/23/2011,17,5,5,5,555,Champions
13735,647,9762.77,11/15/2011,25,5,5,5,555,Champions
14085,1045,9720.67,12/7/2011,3,5,5,5,555,Champions
12380,277,9676.3,11/18/2011,22,5,5,5,555,Champions
12839,554,9669.12,12/7/2011,3,5,5,5,555,Champions
16782,1683,9636.12,11/29/2011,11,5,5,5,555,Champions
17315,747,9599.58,12/8/2011,2,5,5,5,555,Champions
18109,654,9555.71,12/8/2011,2,5,5,5,555,Champions
14091,13,9530.08,2/23/2010,655,2,2,5,225,Lost
17811,1152,9519.8,12/5/2011,5,5,5,5,555,Champions
13999,466,9502.26,11/29/2011,11,5,5,5,555,Champions
17504,342,9490.17,5/17/2011,207,3,5,5,355,Loyal Customers
14146,456,9450.3,12/1/2011,9,5,5,5,555,Champions
14439,129,9443.04,1/24/2011,320,3,5,5,355,Loyal Customers
13267,411,9429.81,12/7/2011,3,5,5,5,555,Champions
17230,217,9388.49,3/20/2011,265,3,5,5,355,Loyal Customers
15727,685,9371.71,11/23/2011,17,5,5,5,555,Champions
15981,288,9362.77,11/15/2011,25,5,5,5,555,Champions
13069,1038,9284.45,12/9/2011,1,5,5,5,555,Champions
13162,238,9275.49,8/9/2011,123,3,5,5,355,Loyal Customers
15249,502,9266,11/8/2011,32,4,5,5,455,Champions
14367,521,9227.82,12/1/2011,9,5,5,5,555,Champions
14292,193,9226.25,12/2/2011,8,5,5,5,555,Champions
13327,321,9134.48,11/1/2011,39,4,5,5,455,Champions
17757,1257,9074.05,12/8/2011,2,5,5,5,555,Champions
15298,425,9061.77,12/7/2011,3,5,5,5,555,Champions
15939,161,9060.39,9/11/2011,90,4,5,5,455,Champions
16709,302,9056.01,9/16/2011,85,4,5,5,455,Champions
17068,996,8987.68,11/27/2011,13,5,5,5,555,Champions
15150,573,8977.94,11/22/2011,18,5,5,5,555,Champions
15903,116,8939.84,11/30/2011,10,5,5,5,555,Champions
15867,1020,8923.3,12/4/2011,6,5,5,5,555,Champions
12766,402,8918.99,12/6/2011,4,5,5,5,555,Champions
12747,249,8898.48,12/7/2011,3,5,5,5,555,Champions
14060,258,8898.24,12/5/2011,5,5,5,5,555,Champions
13555,397,8891.84,9/27/2011,74,4,5,5,455,Champions
14709,357,8886.33,11/24/2011,16,5,5,5,555,Champions
12359,362,8873.39,10/13/2011,58,4,5,5,455,Champions
14135,219,8839.67,12/8/2011,2,5,5,5,555,Champions
16700,515,8830.77,12/1/2011,9,5,5,5,555,Champions
16550,755,8813.58,8/23/2011,109,3,5,5,355,Loyal Customers
15260,381,8767.73,8/31/2011,101,3,5,5,355,Loyal Customers
16532,6,8756.64,11/22/2011,18,5,2,5,525,New Customers
13448,533,8745.93,11/23/2011,17,5,5,5,555,Champions
15570,730,8736.49,12/2/2011,8,5,5,5,555,Champions
16186,505,8718.43,11/17/2011,23,5,5,5,555,Champions
17576,889,8711.95,12/1/2011,9,5,5,5,555,Champions
12957,490,8706.97,11/30/2011,10,5,5,5,555,Champions
13758,285,8698.13,11/28/2011,12,5,5,5,555,Champions
13263,1905,8676.2,12/8/2011,2,5,5,5,555,Champions
15497,121,8657.39,11/22/2011,18,5,5,5,555,Champions
13756,343,8655.95,12/7/2011,3,5,5,5,555,Champions
16945,474,8548.16,11/18/2011,22,5,5,5,555,Champions
15281,522,8543.57,10/12/2011,59,4,5,5,455,Champions
13269,486,8537.32,12/8/2011,2,5,5,5,555,Champions
15270,168,8524.86,11/24/2011,16,5,5,5,555,Champions
12798,33,8510.93,11/29/2011,11,5,5,5,555,Champions
13209,366,8509.51,11/9/2011,31,4,5,5,455,Champions
15786,465,8501.62,10/24/2011,47,4,5,5,455,Champions
13148,763,8497.82,11/10/2011,30,4,5,5,455,Champions
14286,499,8479.76,11/16/2011,24,5,5,5,555,Champions
18139,159,8438.34,11/22/2011,18,5,5,5,555,Champions
13047,378,8428.53,11/8/2011,32,4,5,5,455,Champions
14160,107,8421.47,4/8/2010,611,2,5,5,255,At Risk
17396,47,8409.6,10/31/2011,40,4,5,5,455,Champions
15984,700,8393.02,12/7/2011,3,5,5,5,555,Champions
14676,133,8356.79,11/8/2011,32,4,5,5,455,Champions
14057,447,8346.66,11/16/2011,24,5,5,5,555,Champions
17611,1112,8337.53,12/2/2011,8,5,5,5,555,Champions
13206,566,8308.19,11/4/2010,401,2,5,5,255,At Risk
12643,51,8304.82,8/3/2011,129,3,5,5,355,Loyal Customers
17686,429,8296.81,12/2/2011,8,5,5,5,555,Champions
12637,614,8283.81,10/3/2011,68,4,5,5,455,Champions
15998,1425,8274.14,11/3/2011,37,4,5,5,455,Champions
15034,752,8231.2,11/24/2011,16,5,5,5,555,Champions
13381,356,8224.37,11/8/2011,32,4,5,5,455,Champions
13139,265,8202.98,11/23/2011,17,5,5,5,555,Champions
16722,378,8189.56,11/22/2011,18,5,5,5,555,Champions
17365,794,8184.49,11/27/2011,13,5,5,5,555,Champions
13426,343,8167.38,12/9/2011,1,5,5,5,555,Champions
13715,512,8153.04,3/3/2011,282,3,5,5,355,Loyal Customers
14056,1088,8152.71,12/8/2011,2,5,5,5,555,Champions
16672,114,8134.94,12/7/2011,3,5,5,5,555,Champions
17593,408,8092.32,12/6/2011,4,5,5,5,555,Champions
15955,342,8085.98,11/15/2011,25,5,5,5,555,Champions
17426,427,8077.77,12/1/2011,9,5,5,5,555,Champions
16767,321,8056.76,11/9/2011,31,4,5,5,455,Champions
16670,485,8030.15,11/23/2011,17,5,5,5,555,Champions
14525,526,8026.54,11/20/2011,20,5,5,5,555,Champions
18041,832,8018.77,11/28/2011,12,5,5,5,555,Champions
16556,482,8012.58,10/4/2011,67,4,5,5,455,Champions
13869,838,7996.87,8/8/2011,124,3,5,5,355,Loyal Customers
13174,938,7995.36,11/23/2011,17,5,5,5,555,Champions
12428,294,7956.46,11/14/2011,26,4,5,5,455,Champions
16303,286,7928.27,11/14/2011,26,4,5,5,455,Champions
14291,494,7904.1,12/8/2011,2,5,5,5,555,Champions
13871,402,7885.85,11/17/2011,23,5,5,5,555,Champions
14159,1836,7860.8,11/20/2011,20,5,5,5,555,Champions
15622,426,7852.61,10/27/2011,44,4,5,5,455,Champions
17085,987,7847.67,8/8/2011,124,3,5,5,355,Loyal Customers
12757,364,7834.65,11/24/2011,16,5,5,5,555,Champions
12867,1050,7829.26,11/13/2011,27,4,5,5,455,Champions
16592,428,7807.91,12/5/2011,5,5,5,5,555,Champions
15544,531,7807.89,11/30/2011,10,5,5,5,555,Champions
14395,779,7801.93,12/7/2011,3,5,5,5,555,Champions
17409,104,7793.51,6/8/2011,185,3,5,5,355,Loyal Customers
12720,479,7787.28,12/7/2011,3,5,5,5,555,Champions
17730,314,7773.8,12/6/2011,4,5,5,5,555,Champions
17739,149,7730.59,11/28/2011,12,5,5,5,555,Champions
13534,392,7720.9,12/7/2011,3,5,5,5,555,Champions
17696,365,7679.59,11/1/2011,39,4,5,5,455,Champions
14175,331,7678.88,10/11/2011,60,4,5,5,455,Champions
13141,424,7656.08,9/16/2011,85,4,5,5,455,Champions
15046,394,7623.79,11/30/2011,10,5,5,5,555,Champions
14145,25,7600.05,10/24/2011,47,4,5,5,455,Champions
13373,358,7587.19,10/10/2011,61,4,5,5,455,Champions
13137,1394,7586.94,11/29/2011,11,5,5,5,555,Champions
13709,407,7571.35,12/6/2011,4,5,5,5,555,Champions
14030,824,7521.8,11/21/2011,19,5,5,5,555,Champions
17091,455,7495.75,12/7/2011,3,5,5,5,555,Champions
15179,314,7491.92,11/21/2011,19,5,5,5,555,Champions
15581,684,7480.4,8/11/2011,121,3,5,5,355,Loyal Customers
13815,356,7475.74,11/17/2011,23,5,5,5,555,Champions
16570,241,7434.31,11/24/2011,16,5,5,5,555,Champions
16242,672,7404.65,12/1/2011,9,5,5,5,555,Champions
17602,909,7354.43,12/7/2011,3,5,5,5,555,Champions
13082,129,7335.75,8/5/2011,127,3,5,5,355,Loyal Customers
17238,1139,7331.67,12/7/2011,3,5,5,5,555,Champions
16253,297,7272.2,10/4/2011,67,4,5,5,455,Champions
14282,239,7250.76,12/6/2011,4,5,5,5,555,Champions
14092,373,7229.45,12/2/2011,8,5,5,5,555,Champions
14243,363,7217.75,12/1/2011,9,5,5,5,555,Champions
16729,656,7205.33,11/1/2011,39,4,5,5,455,Champions
14800,600,7191.33,10/23/2011,48,4,5,5,455,Champions
14688,489,7190.42,12/2/2011,8,5,5,5,555,Champions
16745,355,7180.7,9/14/2011,87,4,5,5,455,Champions
14841,300,7163,10/17/2011,54,4,5,5,455,Champions
15950,393,7120.91,11/8/2011,32,4,5,5,455,Champions
15521,403,7098.24,10/30/2011,41,4,5,5,455,Champions
14113,122,7092.61,12/6/2011,4,5,5,5,555,Champions
13451,1022,7090.06,11/13/2011,27,4,5,5,455,Champions
17231,1201,7064.8,11/27/2011,13,5,5,5,555,Champions
17769,583,7053.38,11/27/2011,13,5,5,5,555,Champions
13183,156,7036.18,12/2/2011,8,5,5,5,555,Champions
17965,817,7006.65,11/2/2011,38,4,5,5,455,Champions
16938,824,6995.36,12/1/2011,9,5,5,5,555,Champions
17690,360,6963.8,11/9/2011,31,4,5,5,455,Champions
12841,644,6958.2,12/5/2011,5,5,5,5,555,Champions
13552,207,6948.92,10/4/2011,67,4,5,5,455,Champions
15674,351,6948.23,9/27/2011,74,4,5,5,455,Champions
16265,337,6935.17,11/30/2011,10,5,5,5,555,Champions
16187,295,6911.44,11/8/2011,32,4,5,5,455,Champions
15301,345,6909.67,10/20/2011,51,4,5,5,455,Champions
12749,338,6897.36,12/6/2011,4,5,5,5,555,Champions
16170,440,6869,10/20/2011,51,4,5,5,455,Champions
15129,207,6860.18,10/20/2011,51,4,5,5,455,Champions
18231,383,6854.17,5/31/2011,193,3,5,5,355,Loyal Customers
16401,363,6849.15,12/8/2011,2,5,5,5,555,Champions
12613,326,6817.37,10/13/2011,58,4,5,5,455,Champions
12830,38,6814.64,11/2/2011,38,4,5,5,455,Champions
16145,396,6805.44,12/1/2011,9,5,5,5,555,Champions
15413,25,6798.72,1/17/2010,692,2,5,5,255,At Risk
12417,369,6797.41,12/6/2011,4,5,5,5,555,Champions
14401,266,6795.9,12/5/2011,5,5,5,5,555,Champions
13993,261,6775.71,10/28/2011,43,4,5,5,455,Champions
13983,325,6753.89,11/10/2011,30,4,5,5,455,Champions
12662,391,6726.54,12/9/2011,1,5,5,5,555,Champions
12712,256,6723.03,11/11/2011,29,4,5,5,455,Champions
15321,309,6709.73,9/30/2011,71,4,5,5,455,Champions
14844,277,6702.43,10/7/2011,64,4,5,5,455,Champions
17975,466,6696.33,11/24/2011,16,5,5,5,555,Champions
13734,27,6695.69,7/19/2010,509,2,5,5,255,At Risk
16497,337,6695.28,10/21/2011,50,4,5,5,455,Champions
13384,264,6680.83,11/9/2011,31,4,5,5,455,Champions
17700,360,6679.97,11/23/2011,17,5,5,5,555,Champions
14461,636,6676.91,7/14/2011,149,3,5,5,355,Loyal Customers
16717,350,6663.68,11/16/2011,24,5,5,5,555,Champions
17001,275,6640.8,12/9/2011,1,5,5,5,555,Champions
13953,25,6640.68,12/2/2011,8,5,5,5,555,Champions
14562,601,6638.15,12/6/2011,4,5,5,5,555,Champions
13394,409,6621.7,12/8/2011,2,5,5,5,555,Champions
12626,294,6620.48,11/16/2011,24,5,5,5,555,Champions
13520,199,6606,10/12/2011,59,4,5,5,455,Champions
13831,182,6585.54,11/23/2011,17,5,5,5,555,Champions
12843,219,6583.36,10/5/2011,66,4,5,5,455,Champions
13015,348,6579.78,10/17/2011,54,4,5,5,455,Champions
13883,316,6560.02,11/29/2011,11,5,5,5,555,Champions
12836,411,6559.73,10/11/2011,60,4,5,5,455,Champions
15980,115,6543.68,9/12/2011,89,4,5,5,455,Champions
14855,207,6520.3,8/12/2011,120,3,5,5,355,Loyal Customers
14221,347,6517.49,10/28/2011,43,4,5,5,455,Champions
12823,18,6501.5,9/26/2011,75,4,2,5,425,New Customers
13317,344,6486.091,10/4/2011,67,4,5,5,455,Champions
12779,269,6474.11,11/2/2011,38,4,5,5,455,Champions
14154,292,6460.7,4/14/2011,240,3,5,5,355,Loyal Customers
15750,628,6452.991,12/7/2011,3,5,5,5,555,Champions
16940,629,6427.66,10/18/2011,53,4,5,5,455,Champions
16655,590,6423.26,11/22/2011,18,5,5,5,555,Champions
12656,247,6407.83,11/22/2011,18,5,5,5,555,Champions
15514,317,6392.06,11/27/2011,13,5,5,5,555,Champions
18094,126,6391.52,9/19/2011,82,4,5,5,455,Champions
12406,166,6390.36,11/17/2011,23,5,5,5,555,Champions
14388,393,6388.2,11/29/2011,11,5,5,5,555,Champions
14766,334,6375.73,12/1/2011,9,5,5,5,555,Champions
12356,142,6371.73,11/17/2011,23,5,5,5,555,Champions
14702,679,6368.78,12/8/2011,2,5,5,5,555,Champions
14227,377,6368.71,11/13/2011,27,4,5,5,455,Champions
12484,471,6354.1,11/7/2011,33,4,5,5,455,Champions
13590,406,6336.04,11/28/2011,12,5,5,5,555,Champions
18245,458,6324.98,12/2/2011,8,5,5,5,555,Champions
13654,329,6308,10/27/2011,44,4,5,5,455,Champions
12913,92,6283.24,12/5/2011,5,5,5,5,555,Champions
15480,215,6279,8/15/2011,117,3,5,5,355,Loyal Customers
13136,315,6274.56,10/14/2011,57,4,5,5,455,Champions
13615,367,6272.53,1/25/2011,319,3,5,5,355,Loyal Customers
17873,168,6265.33,9/20/2011,81,4,5,5,455,Champions
14004,241,6258.45,10/27/2011,44,4,5,5,455,Champions
15369,59,6251.26,8/4/2010,493,2,5,5,255,At Risk
12497,57,6248.5,9/19/2011,82,4,5,5,455,Champions
17799,904,6246.93,11/17/2011,23,5,5,5,555,Champions
18118,1430,6221.02,11/29/2011,11,5,5,5,555,Champions
16735,294,6217.41,9/22/2011,79,4,5,5,455,Champions
12429,153,6204.41,11/30/2011,10,5,5,5,555,Champions
15673,268,6204.32,9/12/2011,89,4,5,5,455,Champions
13334,474,6201.8,9/18/2011,83,4,5,5,455,Champions
16103,200,6191.71,12/2/2011,8,5,5,5,555,Champions
16156,261,6188.18,12/1/2011,9,5,5,5,555,Champions
14534,715,6187.66,12/7/2011,3,5,5,5,555,Champions
15299,10,6156.53,10/3/2011,68,4,2,5,425,New Customers
14390,459,6150.03,11/29/2011,11,5,5,5,555,Champions
17669,144,6142.35,10/28/2011,43,4,5,5,455,Champions
13266,307,6135.04,11/28/2011,12,5,5,5,555,Champions
14852,309,6132.43,10/12/2011,59,4,5,5,455,Champions
17419,299,6126.25,11/28/2011,12,5,5,5,555,Champions
13230,1251,6120.01,12/5/2011,5,5,5,5,555,Champions
14180,289,6117.5,11/29/2011,11,5,5,5,555,Champions
13935,80,6116.92,4/22/2010,597,2,5,5,255,At Risk
14560,200,6114.03,12/2/2011,8,5,5,5,555,Champions
18178,350,6103.74,8/3/2011,129,3,5,5,355,Loyal Customers
14530,473,6088.87,11/14/2011,26,4,5,5,455,Champions
18061,122,6083.81,11/18/2011,22,5,5,5,555,Champions
17509,364,6083.64,10/13/2011,58,4,5,5,455,Champions
16954,206,6081.88,12/9/2011,1,5,5,5,555,Champions
12664,45,6070.04,12/1/2011,9,5,5,5,555,Champions
17644,327,6028.6,12/8/2011,2,5,5,5,555,Champions
13658,237,6025.5,11/30/2011,10,5,5,5,555,Champions
17819,89,6021.05,9/29/2011,72,4,5,5,455,Champions
15372,57,6017.06,7/25/2011,138,3,5,5,355,Loyal Customers
15202,3,6001.49,10/15/2010,421,2,2,5,225,Lost
16456,391,6000.94,9/1/2011,100,3,5,5,355,Loyal Customers
12835,615,5996.83,10/8/2010,428,2,5,5,255,At Risk
15755,371,5993.12,11/29/2011,11,5,5,5,555,Champions
14105,279,5988.83,4/14/2011,240,3,5,5,355,Loyal Customers
17457,64,5984.81,8/5/2011,127,3,5,5,355,Loyal Customers
14440,128,5982.03,12/1/2011,9,5,5,5,555,Champions
17625,683,5978.9,11/21/2011,19,5,5,5,555,Champions
14535,825,5973.23,10/10/2011,61,4,5,5,455,Champions
15785,225,5969.93,11/7/2011,33,4,5,5,455,Champions
14918,141,5955.81,8/16/2011,116,3,5,5,355,Loyal Customers
12500,146,5955.21,11/16/2011,24,5,5,5,555,Champions
14257,240,5954.45,10/6/2011,65,4,5,5,455,Champions
16710,909,5921.35,11/20/2011,20,5,5,5,555,Champions
15971,42,5902.83,11/22/2011,18,5,5,5,555,Champions
12455,227,5879.95,9/27/2011,74,4,5,5,455,Champions
18065,310,5866.63,12/4/2011,6,5,5,5,555,Champions
17146,301,5852.64,8/26/2011,106,3,5,5,355,Loyal Customers
14112,326,5834.59,11/17/2011,23,5,5,5,555,Champions
12910,137,5796.52,11/16/2011,24,5,5,5,555,Champions
18075,323,5783.29,11/16/2011,24,5,5,5,555,Champions
17672,206,5778.63,10/20/2011,51,4,5,5,455,Champions
14099,521,5750.91,11/23/2011,17,5,5,5,555,Champions
16316,297,5744.91,10/6/2011,65,4,5,5,455,Champions
12615,270,5740.98,12/7/2011,3,5,5,5,555,Champions
13771,216,5728.82,10/6/2011,65,4,5,5,455,Champions
13870,241,5712.08,12/7/2011,3,5,5,5,555,Champions
16607,298,5706.87,11/22/2011,18,5,5,5,555,Champions
17651,332,5703.52,11/28/2011,12,5,5,5,555,Champions
16279,348,5698.28,11/18/2011,22,5,5,5,555,Champions
16458,381,5690.89,12/7/2011,3,5,5,5,555,Champions
13157,251,5687.36,10/21/2011,50,4,5,5,455,Champions
12727,203,5679.53,11/29/2011,11,5,5,5,555,Champions
12633,306,5678.16,10/12/2011,59,4,5,5,455,Champions
13901,310,5676.34,9/28/2011,73,4,5,5,455,Champions
17491,177,5653.67,12/8/2011,2,5,5,5,555,Champions
16409,775,5652.74,11/3/2011,37,4,5,5,455,Champions
13722,189,5635.41,7/31/2011,132,3,5,5,355,Loyal Customers
16320,241,5628.99,6/20/2011,173,3,5,5,355,Loyal Customers
16003,203,5613.83,11/10/2011,30,4,5,5,455,Champions
18145,402,5609.74,11/27/2011,13,5,5,5,555,Champions
16200,613,5608.1,12/5/2011,5,5,5,5,555,Champions
17838,254,5604.64,11/13/2011,27,4,5,5,455,Champions
16011,425,5601.01,12/1/2011,9,5,5,5,555,Champions
15228,234,5580.27,10/4/2011,67,4,5,5,455,Champions
15854,256,5578.28,12/5/2011,5,5,5,5,555,Champions
17203,261,5564.09,11/4/2011,36,4,5,5,455,Champions
14210,314,5556.57,8/26/2011,106,3,5,5,355,Loyal Customers
15527,329,5554.89,11/21/2011,19,5,5,5,555,Champions
14907,268,5547.72,12/6/2011,4,5,5,5,555,Champions
14572,507,5526.88,12/6/2011,4,5,5,5,555,Champions
17069,284,5517.23,11/11/2011,29,4,5,5,455,Champions
14732,277,5517.07,12/1/2011,9,5,5,5,555,Champions
17092,392,5511.41,10/20/2011,51,4,5,5,455,Champions
17204,177,5504.69,6/17/2011,176,3,5,5,355,Loyal Customers
14189,307,5503.15,12/7/2011,3,5,5,5,555,Champions
13115,314,5494.7,11/28/2011,12,5,5,5,555,Champions
16609,276,5493.46,11/24/2011,16,5,5,5,555,Champions
13593,408,5493.29,8/23/2011,109,3,5,5,355,Loyal Customers
13769,275,5478.12,12/7/2011,3,5,5,5,555,Champions
16992,285,5476.5,11/29/2011,11,5,5,5,555,Champions
17512,197,5467.82,11/11/2011,29,4,5,5,455,Champions
12480,242,5464.85,11/11/2011,29,4,5,5,455,Champions
17685,198,5454.95,11/23/2011,17,5,5,5,555,Champions
18198,159,5425.56,12/5/2011,5,5,5,5,555,Champions
12378,301,5416.32,8/2/2011,130,3,5,5,355,Loyal Customers
14626,232,5410.92,11/16/2011,24,5,5,5,555,Champions
14249,272,5400.461,10/25/2010,411,2,5,5,255,At Risk
17719,274,5396.04,11/2/2011,38,4,5,5,455,Champions
17612,340,5394.86,10/17/2011,54,4,5,5,455,Champions
13362,298,5394.07,11/30/2011,10,5,5,5,555,Champions
13014,224,5381.08,11/29/2011,11,5,5,5,555,Champions
14459,113,5375.741,7/7/2011,156,3,5,5,355,Loyal Customers
14442,183,5367.02,5/19/2011,205,3,5,5,355,Loyal Customers
17863,255,5360.48,10/11/2011,60,4,5,5,455,Champions
12362,267,5356.23,12/6/2011,4,5,5,5,555,Champions
15641,311,5345.55,8/26/2011,106,3,5,5,355,Loyal Customers
16008,253,5339.13,11/16/2011,24,5,5,5,555,Champions
15628,299,5333.08,12/5/2011,5,5,5,5,555,Champions
13842,335,5319.34,10/12/2011,59,4,5,5,455,Champions
17584,124,5309.42,12/2/2011,8,5,5,5,555,Champions
16546,88,5307.07,2/22/2011,291,3,5,5,355,Loyal Customers
16393,747,5297.77,12/7/2011,3,5,5,5,555,Champions
15394,227,5286.8,11/30/2011,10,5,5,5,555,Champions
15152,300,5263.83,11/30/2011,10,5,5,5,555,Champions
13931,271,5257.38,9/5/2011,96,3,5,5,355,Loyal Customers
13975,737,5256.4,11/8/2011,32,4,5,5,455,Champions
13107,178,5253.07,10/26/2011,45,4,5,5,455,Champions
14930,278,5236.73,8/23/2011,109,3,5,5,355,Loyal Customers
12755,63,5236.26,3/4/2011,281,3,5,5,355,Loyal Customers
15722,178,5234,11/4/2011,36,4,5,5,455,Champions
17061,99,5232.23,9/27/2011,74,4,5,5,455,Champions
12422,172,5231.8,9/5/2011,96,3,5,5,355,Loyal Customers
15606,145,5230.99,10/9/2011,62,4,5,5,455,Champions
13763,50,5217.44,10/7/2011,64,4,5,5,455,Champions
15812,125,5201.47,8/24/2011,108,3,5,5,355,Loyal Customers
14546,790,5184.84,12/4/2011,6,5,5,5,555,Champions
12510,145,5178.02,7/20/2011,143,3,5,5,355,Loyal Customers
17663,238,5175.83,11/14/2011,26,4,5,5,455,Champions
15796,293,5171.63,12/8/2011,2,5,5,5,555,Champions
12625,183,5164.88,5/12/2011,212,3,5,5,355,Loyal Customers
17157,141,5151.9,12/2/2011,8,5,5,5,555,Champions
16153,226,5133.49,10/21/2011,50,4,5,5,455,Champions
16308,7,5120,11/2/2011,38,4,2,5,425,New Customers
12708,296,5117.66,11/10/2011,30,4,5,5,455,Champions
14713,676,5115.76,11/30/2011,10,5,5,5,555,Champions
15443,625,5114.23,12/8/2011,2,5,5,5,555,Champions
12483,138,5097.18,11/22/2011,18,5,5,5,555,Champions
12594,199,5090.11,11/2/2011,38,4,5,5,455,Champions
17861,558,5088.29,12/6/2011,4,5,5,5,555,Champions
14493,355,5087.86,12/2/2011,8,5,5,5,555,Champions
15367,279,5081.33,10/13/2011,58,4,5,5,455,Champions
12432,108,5059.32,10/28/2011,43,4,5,5,455,Champions
17469,267,5051.25,11/23/2011,17,5,5,5,555,Champions
13634,446,5033.77,11/6/2011,34,4,5,5,455,Champions
16931,948,5032.22,12/4/2011,6,5,5,5,555,Champions
12759,302,5020.74,10/18/2011,53,4,5,5,455,Champions
12444,176,5005.46,11/18/2011,22,5,5,5,555,Champions
17084,281,5001.21,11/4/2011,36,4,5,5,455,Champions
17346,923,4998.61,12/6/2011,4,5,5,5,555,Champions
15898,619,4996.45,12/8/2011,2,5,5,5,555,Champions
14209,231,4993.27,11/29/2011,11,5,5,5,555,Champions
14639,292,4978.96,10/18/2011,53,4,5,5,455,Champions
13198,314,4974.23,11/29/2011,11,5,5,5,555,Champions
12600,130,4967.42,11/11/2011,29,4,5,5,455,Champions
12562,207,4966.92,12/1/2011,9,5,5,5,555,Champions
17758,528,4964.03,11/20/2011,20,5,5,5,555,Champions
17802,524,4946.22,9/18/2011,83,4,5,5,455,Champions
12700,268,4939.99,12/2/2011,8,5,5,5,555,Champions
12347,222,4921.53,12/7/2011,3,5,5,5,555,Champions
14970,113,4919.35,10/2/2011,69,4,5,5,455,Champions
16919,614,4909.66,7/6/2011,157,3,5,5,355,Loyal Customers
17314,256,4904.43,11/15/2011,25,5,5,5,555,Champions
18144,84,4892.95,12/2/2011,8,5,5,5,555,Champions
15332,154,4892.68,12/8/2010,367,3,5,5,355,Loyal Customers
16986,174,4888.75,11/10/2011,30,4,5,5,455,Champions
13021,257,4887.24,12/5/2011,5,5,5,5,555,Champions
13659,274,4884.68,5/18/2011,206,3,5,5,355,Loyal Customers
16686,1028,4881.07,10/23/2011,48,4,5,5,455,Champions
15379,263,4877.84,6/23/2011,170,3,5,5,355,Loyal Customers
14107,236,4877.3,10/19/2011,52,4,5,5,455,Champions
12688,171,4873.81,8/18/2011,114,3,5,5,355,Loyal Customers
17213,266,4869.4,10/30/2011,41,4,5,5,455,Champions
17449,584,4868.15,12/7/2011,3,5,5,5,555,Champions
17652,259,4867.72,11/14/2011,26,5,5,5,555,Champions
14081,844,4867.57,2/10/2011,303,3,5,5,355,Loyal Customers
17059,721,4864.57,11/10/2011,30,4,5,5,455,Champions
13495,133,4863.31,12/2/2011,8,5,5,5,555,Champions
13044,416,4848.05,2/21/2011,292,3,5,5,355,Loyal Customers
13562,196,4838.18,9/19/2011,82,4,5,5,455,Champions
17567,196,4838.08,12/2/2011,8,5,5,5,555,Champions
12449,201,4835.89,11/17/2011,23,5,5,5,555,Champions
14191,265,4817.66,12/8/2011,2,5,5,5,555,Champions
13875,270,4814.37,10/17/2011,54,4,5,5,455,Champions
15485,137,4810.92,11/9/2011,31,4,5,5,455,Champions
13329,118,4808.77,11/8/2011,32,4,5,5,455,Champions
15529,785,4783.66,11/17/2011,23,5,5,5,555,Champions
15187,91,4777.18,12/8/2011,2,5,5,5,555,Champions
17519,204,4774.17,11/22/2011,18,5,5,5,555,Champions
13988,295,4757.8,11/20/2011,20,5,5,5,555,Champions
12955,180,4757.16,12/8/2011,2,5,5,5,555,Champions
17829,171,4756.74,2/14/2011,299,3,5,5,355,Loyal Customers
14825,299,4735.08,12/6/2011,4,5,5,5,555,Champions
17082,170,4732.03,11/6/2011,34,4,5,5,455,Champions
16326,467,4721.25,12/4/2011,6,5,5,5,555,Champions
12395,242,4721.17,11/20/2011,20,5,5,5,555,Champions
14235,148,4717.99,9/25/2011,76,4,5,5,455,Champions
13958,227,4709.23,11/25/2010,380,2,5,5,255,At Risk
16905,320,4706.77,12/4/2011,6,5,5,5,555,Champions
12589,180,4695.66,11/11/2011,29,4,5,5,455,Champions
15410,162,4685.72,9/16/2011,85,4,5,5,455,Champions
16904,897,4675.36,12/5/2011,5,5,5,5,555,Champions
13971,255,4667.57,11/21/2011,19,5,5,5,555,Champions
15123,183,4656.17,12/2/2011,8,5,5,5,555,Champions
15484,240,4652.1,12/8/2011,2,5,5,5,555,Champions
17050,349,4648.59,9/4/2011,97,3,5,5,355,Loyal Customers
12578,172,4642.45,11/18/2011,22,5,5,5,555,Champions
13124,283,4641.66,9/11/2011,90,4,5,5,455,Champions
17402,178,4635.56,12/5/2011,5,5,5,5,555,Champions
18097,156,4627.92,12/2/2011,8,5,5,5,555,Champions
17400,469,4623.28,8/5/2011,127,3,5,5,355,Loyal Customers
17442,283,4620.3,11/3/2011,37,4,5,5,455,Champions
12782,227,4618.24,12/5/2011,5,5,5,5,555,Champions
14441,154,4611.69,12/9/2011,1,5,5,5,555,Champions
15245,148,4610.84,7/28/2011,135,3,5,5,355,Loyal Customers
12553,238,4608.75,12/1/2011,9,5,5,5,555,Champions
13851,140,4606.46,9/5/2011,96,4,5,5,455,Champions
18257,276,4600.15,10/31/2011,40,4,5,5,455,Champions
17188,172,4592.93,11/28/2011,12,5,5,5,555,Champions
17508,231,4579.23,3/4/2011,281,3,5,5,355,Loyal Customers
15416,228,4572.82,10/6/2011,65,4,5,5,455,Champions
13510,289,4558.29,12/8/2011,2,5,5,5,555,Champions
15365,218,4557.13,11/14/2011,26,4,5,5,455,Champions
16143,223,4555.08,12/6/2011,4,5,5,5,555,Champions
14032,230,4546.41,12/7/2011,3,5,5,5,555,Champions
17613,306,4544.55,11/17/2011,23,5,5,5,555,Champions
13527,443,4541.29,11/6/2011,34,4,5,5,455,Champions
13571,673,4537.26,11/27/2011,13,5,5,5,555,Champions
14685,187,4536.64,5/12/2010,577,2,5,5,255,At Risk
13523,201,4534.57,11/6/2011,34,4,5,5,455,Champions
12598,206,4534.09,11/30/2011,10,5,5,5,555,Champions
16255,508,4530,11/23/2011,17,5,5,5,555,Champions
15271,570,4528.54,12/2/2011,8,5,5,5,555,Champions
14290,151,4516.56,11/28/2011,12,5,5,5,555,Champions
17308,7,4511.76,11/11/2010,394,2,2,5,225,Lost
15764,249,4503.08,9/12/2011,89,4,5,5,455,Champions
14625,266,4497.88,5/27/2011,197,3,5,5,355,Loyal Customers
17596,486,4491.46,11/16/2011,24,5,5,5,555,Champions
15122,227,4487.27,8/17/2011,115,3,5,5,355,Loyal Customers
14701,595,4487.11,11/29/2011,11,5,5,5,555,Champions
18064,64,4481.83,7/29/2011,134,3,5,5,355,Loyal Customers
12916,172,4479.73,7/24/2011,139,3,5,5,355,Loyal Customers
12627,230,4478.53,11/29/2011,11,5,5,5,555,Champions
13491,261,4467.66,10/19/2011,52,4,5,5,455,Champions
14648,431,4466.65,10/19/2010,417,2,5,5,255,At Risk
18069,970,4464.92,11/13/2011,27,4,5,5,455,Champions
16912,172,4460.51,11/11/2011,29,4,5,5,455,Champions
15240,224,4459.98,10/26/2011,45,4,5,5,455,Champions
17220,672,4457.31,11/15/2011,25,5,5,5,555,Champions
18093,61,4452.71,9/7/2011,94,4,5,5,455,Champions
14341,265,4452.02,10/25/2011,46,4,5,5,455,Champions
17754,223,4451.22,12/9/2011,1,5,5,5,555,Champions
13435,149,4447.33,12/4/2011,6,5,5,5,555,Champions
12349,175,4428.69,11/21/2011,19,5,5,5,555,Champions
15845,174,4426.28,11/22/2011,18,5,5,5,555,Champions
17138,256,4417.27,3/9/2011,276,3,5,5,355,Loyal Customers
16626,179,4413.1,12/9/2011,1,5,5,5,555,Champions
16563,89,4412.56,10/17/2011,54,4,5,5,455,Champions
14211,240,4402.29,10/17/2011,54,4,5,5,455,Champions
15203,343,4400.18,11/14/2011,26,4,5,5,455,Champions
13505,215,4393.63,9/28/2011,73,4,5,5,455,Champions
16732,221,4387.64,11/8/2011,32,4,5,5,455,Champions
18272,226,4385.98,12/7/2011,3,5,5,5,555,Champions
14514,319,4380.04,10/9/2011,62,4,5,5,455,Champions
16118,41,4376.25,2/25/2010,653,2,5,5,255,At Risk
15861,788,4369.2,11/27/2011,13,5,5,5,555,Champions
13297,123,4368.62,12/2/2011,8,5,5,5,555,Champions
12752,53,4366.78,9/19/2011,82,4,5,5,455,Champions
12917,50,4359.2,8/3/2011,129,3,5,5,355,Loyal Customers
12523,249,4352.35,11/20/2011,20,5,5,5,555,Champions
16283,582,4350.32,12/4/2011,6,5,5,5,555,Champions
17372,648,4347.31,10/30/2011,41,4,5,5,455,Champions
12408,159,4340.77,11/7/2011,33,4,5,5,455,Champions
15633,176,4335.96,7/18/2010,510,2,5,5,255,At Risk
14334,258,4318.48,11/23/2011,17,5,5,5,555,Champions
12370,201,4316.56,10/19/2011,52,4,5,5,455,Champions
17191,497,4310.34,11/11/2011,29,4,5,5,455,Champions
14482,244,4306.72,11/21/2011,19,5,5,5,555,Champions
12928,179,4304.89,11/4/2011,36,4,5,5,455,Champions
14854,214,4303.06,9/22/2011,79,4,5,5,455,Champions
17937,43,4301.22,12/1/2011,9,5,5,5,555,Champions
13880,223,4293.86,11/18/2011,22,5,5,5,555,Champions
16858,126,4292.59,12/6/2010,369,3,5,5,355,Loyal Customers
16125,287,4292.35,12/7/2010,368,3,5,5,355,Loyal Customers
18230,140,4291.06,11/30/2011,10,5,5,5,555,Champions
14307,262,4287.92,9/12/2011,89,4,5,5,455,Champions
16293,225,4279.2,11/18/2011,22,5,5,5,555,Champions
16081,368,4278.96,10/14/2011,57,4,5,5,455,Champions
17930,87,4275.22,11/4/2011,36,4,5,5,455,Champions
14466,206,4267.15,11/10/2011,30,4,5,5,455,Champions
14239,210,4263.17,10/27/2011,44,4,5,5,455,Champions
12360,217,4252.89,10/18/2011,53,4,5,5,455,Champions
16571,255,4248.74,11/13/2011,27,4,5,5,455,Champions
12935,254,4243.86,12/7/2011,3,5,5,5,555,Champions
17728,244,4238.76,12/6/2011,4,5,5,5,555,Champions
13911,238,4234.99,10/13/2011,58,4,5,5,455,Champions
16875,230,4234.53,10/3/2011,68,4,5,5,455,Champions
16712,521,4232.87,11/30/2011,10,5,5,5,555,Champions
14001,103,4228.85,10/25/2011,46,4,5,5,455,Champions
17412,228,4220.22,12/7/2011,3,5,5,5,555,Champions
16743,371,4212.15,11/10/2011,30,4,5,5,455,Champions
15804,262,4206.39,12/9/2011,1,5,5,5,555,Champions
18079,136,4203.93,10/25/2011,46,4,5,5,455,Champions
15518,448,4189.99,10/6/2011,65,4,5,5,455,Champions
17406,238,4186.95,1/10/2011,334,3,5,5,355,Loyal Customers
14868,211,4184.01,12/6/2011,4,5,5,5,555,Champions
17738,230,4183.56,11/20/2011,20,5,5,5,555,Champions
18287,155,4182.99,10/28/2011,43,4,5,5,455,Champions
16072,531,4180.09,2/24/2011,289,3,5,5,355,Loyal Customers
17673,507,4173.88,12/8/2011,2,5,5,5,555,Champions
18194,28,4162.04,9/18/2011,83,4,5,5,455,Champions
14740,231,4161.06,5/26/2011,198,3,5,5,355,Loyal Customers
12653,86,4160.83,7/14/2011,149,3,5,5,355,Loyal Customers
13461,62,4160,11/1/2011,39,4,5,5,455,Champions
16749,72,4157.88,4/27/2010,592,2,5,5,255,At Risk
16209,67,4146.78,9/12/2011,89,4,5,5,455,Champions
15002,337,4138.08,8/16/2011,116,3,5,5,355,Loyal Customers
12569,188,4124.69,12/7/2011,3,5,5,5,555,Champions
15493,612,4121.68,11/7/2011,33,4,5,5,455,Champions
13450,147,4120.04,11/13/2011,27,4,5,5,455,Champions
14408,128,4102.27,11/29/2011,11,5,5,5,555,Champions
16477,246,4094.37,10/7/2011,64,4,5,5,455,Champions
14566,16,4092,8/21/2011,111,3,2,5,325,Others
15050,149,4087.19,11/14/2011,26,5,5,5,555,Champions
12876,170,4081.79,10/13/2011,58,4,5,5,455,Champions
18077,353,4078.79,12/1/2011,9,5,5,5,555,Champions
14878,369,4076.5,11/27/2011,13,5,5,5,555,Champions
14913,247,4073.13,11/4/2011,36,4,5,5,455,Champions
12371,167,4067.38,10/26/2011,45,4,5,5,455,Champions
17682,220,4065.28,11/29/2011,11,5,5,5,555,Champions
13421,265,4058.75,10/30/2011,41,4,5,5,455,Champions
14025,99,4057.9,9/1/2010,465,2,5,5,255,At Risk
17083,115,4049.79,8/22/2011,110,3,5,5,355,Loyal Customers
13048,265,4049.13,11/25/2011,15,5,5,5,555,Champions
12840,176,4041.97,7/19/2011,144,3,5,5,355,Loyal Customers
15680,236,4028.69,11/30/2011,10,5,5,5,555,Champions
14824,158,4022.91,11/29/2011,11,5,5,5,555,Champions
12726,179,4014.6,11/11/2011,29,4,5,5,455,Champions
15782,61,4014.1,11/30/2011,10,5,5,5,555,Champions
12721,239,4013.08,11/8/2011,32,4,5,5,455,Champions
16098,150,4010.7,9/13/2011,88,4,5,5,455,Champions
13895,186,4008.52,11/11/2011,29,4,5,5,455,Champions
16841,219,4006.06,11/3/2011,37,4,5,5,455,Champions
16150,216,4002.17,10/28/2011,43,4,5,5,455,Champions
17618,357,4001.64,12/4/2011,6,5,5,5,555,Champions
17307,48,3999.89,11/9/2010,396,2,5,5,255,At Risk
16455,205,3995.57,10/7/2011,64,4,5,5,455,Champions
16241,962,3992.86,11/30/2011,10,5,5,5,555,Champions
15665,286,3987.07,6/24/2011,169,3,5,5,355,Loyal Customers
14547,355,3974.75,12/6/2011,4,5,5,5,555,Champions
16218,136,3968.67,11/10/2011,30,4,5,5,455,Champions
14047,152,3968.11,12/1/2011,9,5,5,5,555,Champions
15572,343,3965.2,12/5/2011,5,5,5,5,555,Champions
14817,230,3959.86,5/23/2011,201,3,5,5,355,Loyal Customers
13542,331,3959.49,11/28/2010,377,3,5,5,355,Loyal Customers
16791,681,3957.63,11/10/2011,30,4,5,5,455,Champions
13982,225,3954.29,10/31/2011,40,4,5,5,455,Champions
17667,230,3950.7,10/4/2011,67,4,5,5,455,Champions
16771,408,3949.6,11/6/2011,34,4,5,5,455,Champions
18259,85,3941.9,11/15/2011,25,5,5,5,555,Champions
17526,92,3939.24,12/5/2011,5,5,5,5,555,Champions
15819,260,3934.79,10/21/2011,50,4,5,5,455,Champions
12473,167,3928.05,11/10/2011,30,4,5,5,455,Champions
15051,289,3926.91,11/16/2011,24,5,5,5,555,Champions
14465,193,3925.85,4/7/2011,247,3,5,5,355,Loyal Customers
15752,586,3924.91,10/31/2011,40,4,5,5,455,Champions
13037,232,3914.95,7/24/2011,139,3,5,5,355,Loyal Customers
12853,148,3907.5,7/28/2011,135,3,5,5,355,Loyal Customers
13995,230,3902.01,11/24/2011,16,5,5,5,555,Champions
12388,146,3901.11,11/24/2011,16,5,5,5,555,Champions
14498,369,3900.83,10/28/2011,43,4,5,5,455,Champions
17646,196,3898.79,5/4/2011,220,3,5,5,355,Loyal Customers
16928,319,3897.53,9/20/2011,81,4,5,5,455,Champions
15571,600,3892.35,11/28/2011,12,5,5,5,555,Champions
17218,471,3891.39,12/5/2011,5,5,5,5,555,Champions
15708,337,3887.15,10/30/2011,41,4,5,5,455,Champions
12358,77,3887.07,12/8/2011,2,5,5,5,555,Champions
15823,155,3882.17,12/2/2010,373,3,5,5,355,Loyal Customers
13446,192,3881.89,10/5/2010,431,2,5,5,255,At Risk
15696,221,3881.22,11/6/2011,34,4,5,5,455,Champions
14655,103,3878.51,12/1/2011,9,5,5,5,555,Champions
15067,177,3862.88,9/22/2011,79,4,5,5,455,Champions
15195,1,3861,12/7/2011,3,5,2,5,525,New Customers
18073,72,3859.82,8/17/2011,115,3,5,5,355,Loyal Customers
14565,160,3859.22,9/5/2011,96,3,5,5,355,Loyal Customers
16440,307,3856.97,12/2/2011,8,5,5,5,555,Champions
16057,218,3854.85,11/23/2011,17,5,5,5,555,Champions
13213,204,3851.52,10/14/2011,57,4,5,5,455,Champions
16341,158,3850.79,11/15/2011,25,5,5,5,555,Champions
14532,314,3845.78,4/17/2011,237,3,5,5,355,Loyal Customers
13481,224,3830.84,10/25/2011,46,4,5,5,455,Champions
17287,463,3826.86,11/13/2011,27,4,5,5,455,Champions
12597,206,3811.22,11/20/2011,20,5,5,5,555,Champions
13357,394,3805.51,3/27/2011,258,3,5,5,355,Loyal Customers
15421,316,3805.34,10/12/2011,59,4,5,5,455,Champions
17954,743,3804.38,12/4/2011,6,5,5,5,555,Champions
16636,73,3802.04,9/27/2010,439,2,5,5,255,At Risk
16128,182,3801.05,11/22/2011,18,5,5,5,555,Champions
17071,211,3793.71,11/11/2011,29,4,5,5,455,Champions
12619,100,3781.38,11/23/2011,17,5,5,5,555,Champions
14309,189,3780.81,12/1/2011,9,5,5,5,555,Champions
13126,238,3774.81,12/5/2011,5,5,5,5,555,Champions
17211,344,3773.35,11/13/2011,27,4,5,5,455,Champions
16466,336,3767.09,11/6/2011,34,4,5,5,455,Champions
17173,86,3766.6,12/4/2011,6,5,5,5,555,Champions
15834,374,3764.39,9/30/2011,71,4,5,5,455,Champions
12670,115,3760.29,11/29/2011,11,5,5,5,555,Champions
12530,158,3759.26,10/11/2011,60,4,5,5,455,Champions
17553,6,3757.6,8/2/2011,130,3,2,5,325,Others
17293,241,3750.63,12/1/2011,9,5,5,5,555,Champions
12623,173,3747.84,3/8/2011,277,3,5,5,355,Loyal Customers
15370,144,3739.01,10/30/2011,41,4,5,5,455,Champions
15532,617,3738.85,11/14/2011,26,5,5,5,555,Champions
15704,204,3734.66,7/22/2011,141,3,5,5,355,Loyal Customers
14515,173,3724.06,11/22/2011,18,5,5,5,555,Champions
12502,147,3723.87,9/5/2011,96,4,5,5,455,Champions
16240,135,3718.8,11/15/2011,25,5,5,5,555,Champions
14364,69,3717.35,8/23/2011,109,3,5,5,355,Loyal Customers
15288,153,3715.38,10/27/2011,44,4,5,5,455,Champions
12737,2,3710.5,7/29/2010,499,2,2,5,225,Lost
14540,264,3709.64,11/30/2011,10,5,5,5,555,Champions
14776,190,3708.3,10/19/2011,52,4,5,5,455,Champions
15255,188,3706.02,10/4/2011,67,4,5,5,455,Champions
15494,368,3702.6,11/18/2011,22,5,5,5,555,Champions
16772,68,3698.05,10/12/2010,424,2,5,5,255,At Risk
17096,205,3697.93,11/24/2011,16,5,5,5,555,Champions
16094,196,3695.56,11/28/2011,12,5,5,5,555,Champions
12857,121,3688,5/13/2011,211,3,5,5,355,Loyal Customers
12468,150,3670.74,6/5/2011,188,3,5,5,355,Loyal Customers
14593,611,3665.53,11/18/2011,22,5,5,5,555,Champions
14744,118,3660.08,11/23/2011,17,5,5,5,555,Champions
14857,213,3651.851,10/11/2011,60,4,5,5,455,Champions
14649,527,3651.19,12/5/2011,5,5,5,5,555,Champions
14640,203,3649.36,11/15/2011,25,5,5,5,555,Champions
13632,220,3645.81,11/15/2011,25,5,5,5,555,Champions
17063,205,3638.53,11/18/2011,22,5,5,5,555,Champions
14770,197,3637.64,4/21/2011,233,3,5,5,355,Loyal Customers
16748,165,3637.33,11/22/2011,18,5,5,5,555,Champions
16053,194,3634.84,11/7/2011,33,4,5,5,455,Champions
17528,253,3628.5,12/8/2011,2,5,5,5,555,Champions
16444,371,3625.88,10/24/2011,47,4,5,5,455,Champions
15079,141,3625.4,5/11/2011,213,3,5,5,355,Loyal Customers
13305,200,3616.41,12/5/2011,5,5,5,5,555,Champions
16503,213,3614.34,8/25/2011,107,3,5,5,355,Loyal Customers
15505,97,3610.96,10/18/2011,53,4,5,5,455,Champions
15791,167,3608.34,10/27/2011,44,4,5,5,455,Champions
18242,140,3605.21,9/28/2011,73,4,5,5,455,Champions
15827,217,3603.14,9/27/2011,74,4,5,5,455,Champions
17019,643,3602.29,11/28/2011,12,5,5,5,555,Champions
13750,75,3602.18,10/17/2011,54,4,5,5,455,Champions
16325,138,3597.5,10/24/2011,47,4,5,5,455,Champions
17422,205,3594.76,11/23/2011,17,5,5,5,555,Champions
14653,382,3593.06,12/8/2011,2,5,5,5,555,Champions
17659,192,3586.99,11/22/2011,18,5,5,5,555,Champions
14132,200,3586.03,12/7/2011,3,5,5,5,555,Champions
15569,140,3583.45,8/28/2011,104,3,5,5,355,Loyal Customers
17679,81,3577.61,10/18/2011,53,4,5,5,455,Champions
17311,127,3566.56,9/22/2011,79,4,5,5,455,Champions
15024,320,3559.39,11/30/2011,10,5,5,5,555,Champions
17848,165,3559.11,9/19/2011,82,4,5,5,455,Champions
14737,45,3554.17,12/6/2011,4,5,5,5,555,Champions
15858,435,3552.41,11/24/2011,16,5,5,5,555,Champions
15222,138,3550.91,1/25/2011,319,3,5,5,355,Loyal Customers
14882,65,3546.65,11/13/2011,27,4,5,5,455,Champions
14503,164,3543.26,12/6/2011,4,5,5,5,555,Champions
16950,144,3541.77,10/14/2011,57,4,5,5,455,Champions
12645,160,3539.3,11/6/2011,34,4,5,5,455,Champions
17722,174,3520.22,9/4/2011,97,3,5,5,355,Loyal Customers
16395,634,3518.41,10/10/2011,61,4,5,5,455,Champions
16336,68,3517.69,10/15/2010,421,2,5,5,255,At Risk
16719,392,3513.62,11/25/2011,15,5,5,5,555,Champions
15113,97,3509.43,11/30/2011,10,5,5,5,555,Champions
18044,200,3505.61,12/5/2011,5,5,5,5,555,Champions
14934,185,3503.5,9/19/2011,82,4,5,5,455,Champions
13929,57,3494.1,6/23/2011,170,3,5,5,355,Loyal Customers
15059,589,3491.2,10/30/2011,41,4,5,5,455,Champions
16983,231,3490.53,11/27/2011,13,5,5,5,555,Champions
13577,168,3489.28,11/14/2011,26,5,5,5,555,Champions
15811,273,3486.15,11/17/2011,23,5,5,5,555,Champions
15306,162,3484.73,10/6/2011,65,4,5,5,455,Champions
17597,128,3484.09,5/10/2011,214,3,5,5,355,Loyal Customers
12631,183,3481.57,10/13/2011,58,4,5,5,455,Champions
15712,166,3472.41,11/30/2011,10,5,5,5,555,Champions
13849,220,3469.3,10/19/2011,52,4,5,5,455,Champions
14533,89,3466.37,11/15/2011,25,5,5,5,555,Champions
14837,209,3460.32,9/11/2011,90,4,5,5,455,Champions
16360,636,3450.41,12/5/2011,5,5,5,5,555,Champions
13313,187,3445.32,11/17/2011,23,5,5,5,555,Champions
13536,178,3444.39,12/8/2011,2,5,5,5,555,Champions
16347,342,3442.96,11/28/2011,12,5,5,5,555,Champions
15974,176,3442.15,10/31/2011,40,4,5,5,455,Champions
16208,253,3440.45,10/26/2011,45,4,5,5,455,Champions
15953,167,3440.34,11/24/2011,16,5,5,5,555,Champions
17725,192,3439.08,11/23/2011,17,5,5,5,555,Champions
12609,175,3435.86,9/22/2011,79,4,5,5,455,Champions
15676,202,3435.76,11/21/2011,19,5,5,5,555,Champions
18168,363,3435.5,6/16/2011,177,3,5,5,355,Loyal Customers
16045,148,3434.93,8/12/2011,120,3,5,5,355,Loyal Customers
15351,314,3430.22,11/27/2011,13,5,5,5,555,Champions
17913,466,3429.29,10/12/2011,59,4,5,5,455,Champions
14409,104,3427.29,9/29/2011,72,4,5,5,455,Champions
12377,152,3426.32,1/28/2011,316,3,5,5,355,Loyal Customers
16281,39,3424.02,9/28/2011,73,4,5,5,455,Champions
17876,4,3424.02,11/5/2010,400,2,2,5,225,Lost
13437,167,3408.06,11/25/2011,15,5,5,5,555,Champions
13823,163,3403.45,11/21/2011,19,5,5,5,555,Champions
17931,351,3402.24,7/28/2011,135,3,5,5,355,Loyal Customers
15114,231,3400.12,11/9/2011,31,4,5,5,455,Champions
16271,299,3397.82,12/7/2011,3,5,5,5,555,Champions
13425,177,3390.43,8/23/2011,109,3,5,5,355,Loyal Customers
15058,347,3387.58,11/14/2011,26,5,5,5,555,Champions
13979,393,3379.93,9/27/2011,74,4,5,5,455,Champions
17723,12,3378.4,8/4/2011,128,3,2,5,325,Others
13135,18,3371.45,5/27/2011,197,3,2,5,325,Others
14898,291,3365.95,11/16/2011,24,5,5,5,555,Champions
13707,155,3365.86,3/17/2011,268,3,5,5,355,Loyal Customers
13285,231,3364.59,11/16/2011,24,5,5,5,555,Champions
15538,14,3358.4,6/20/2010,538,2,2,5,225,Lost
14608,43,3352.94,12/5/2011,5,5,5,5,555,Champions
18219,190,3352.7,12/7/2011,3,5,5,5,555,Champions
13246,371,3351.75,11/21/2011,19,5,5,5,555,Champions
16818,188,3349.57,11/29/2011,11,5,5,5,555,Champions
17183,73,3347.31,12/2/2011,8,5,5,5,555,Champions
15265,193,3345.64,7/11/2011,152,3,5,5,355,Loyal Customers
12424,92,3340.03,6/30/2011,163,3,5,5,355,Loyal Customers
16351,187,3330.03,1/11/2011,333,3,5,5,355,Loyal Customers
15065,166,3326.86,11/2/2011,38,4,5,5,455,Champions
12865,195,3323.47,11/13/2011,27,4,5,5,455,Champions
13431,129,3316.24,10/3/2011,68,4,5,5,455,Champions
13824,100,3314.76,11/7/2011,33,4,5,5,455,Champions
13131,149,3313.77,11/16/2011,24,5,5,5,555,Champions
14217,174,3298.59,12/8/2011,2,5,5,5,555,Champions
13611,226,3297.93,9/11/2011,90,4,5,5,455,Champions
13031,407,3292.84,10/28/2010,408,2,5,5,255,At Risk
17768,182,3292.73,12/1/2011,9,5,5,5,555,Champions
16539,131,3289.66,12/7/2011,3,5,5,5,555,Champions
13650,172,3288,11/23/2011,17,5,5,5,555,Champions
15632,167,3285.31,11/24/2011,16,5,5,5,555,Champions
14285,61,3284.42,11/18/2011,22,5,5,5,555,Champions
12872,394,3283.96,1/17/2011,327,3,5,5,355,Loyal Customers
18188,133,3280.59,11/24/2011,16,5,5,5,555,Champions
15978,129,3279.42,9/23/2011,78,4,5,5,455,Champions
17774,397,3273.83,9/4/2011,97,3,5,5,355,Loyal Customers
13291,318,3270.79,7/7/2011,156,3,5,5,355,Loyal Customers
16067,68,3269.11,5/26/2010,563,2,5,5,255,At Risk
13214,229,3264.23,10/18/2010,418,2,5,5,255,At Risk
14064,236,3260.24,11/10/2011,30,4,5,5,455,Champions
14451,512,3258.68,10/10/2011,61,4,5,5,455,Champions
17924,33,3257.7,11/28/2011,12,5,5,5,555,Champions
15057,70,3255.96,3/9/2011,276,3,5,5,355,Loyal Customers
14215,186,3250.33,11/28/2011,12,5,5,5,555,Champions
15380,52,3248.96,12/1/2011,9,5,5,5,555,Champions
12770,28,3246.45,5/13/2011,211,3,5,5,355,Loyal Customers
16612,167,3245.43,11/7/2011,33,4,5,5,455,Champions
15140,112,3243.69,10/18/2011,53,4,5,5,455,Champions
17353,14,3242,8/2/2011,130,3,2,5,325,Others
15356,669,3239.57,11/8/2011,32,4,5,5,455,Champions
15625,171,3236.4,8/28/2011,104,3,5,5,355,Loyal Customers
12963,174,3235.79,12/1/2011,9,5,5,5,555,Champions
16101,192,3229.16,9/30/2011,71,4,5,5,455,Champions
14669,387,3216.78,4/12/2011,242,3,5,5,355,Loyal Customers
14507,258,3216.74,11/16/2011,24,5,5,5,555,Champions
12951,194,3213.72,12/1/2011,9,5,5,5,555,Champions
16918,454,3206.54,10/21/2011,50,4,5,5,455,Champions
16107,31,3204.16,11/22/2011,18,5,5,5,555,Champions
17147,136,3199.95,11/17/2011,23,5,5,5,555,Champions
14315,133,3197.82,10/26/2011,45,4,5,5,455,Champions
15027,91,3195.6,11/9/2011,31,4,5,5,455,Champions
13868,33,3192.54,12/2/2011,8,5,5,5,555,Champions
13397,89,3191.87,9/28/2011,73,4,5,5,455,Champions
12456,125,3181.04,10/26/2011,45,4,5,5,455,Champions
16515,236,3179.06,10/18/2011,53,4,5,5,455,Champions
17621,66,3175.12,11/18/2011,22,5,5,5,555,Champions
13268,433,3174.75,11/22/2011,18,5,5,5,555,Champions
16837,165,3170.98,11/8/2011,32,4,5,5,455,Champions
17640,66,3168.94,9/14/2011,87,4,5,5,455,Champions
16365,124,3167.34,11/22/2011,18,5,5,5,555,Champions
16041,6,3166.4,11/9/2011,31,4,2,5,425,New Customers
13804,167,3161.12,11/9/2011,31,4,5,5,455,Champions
12976,154,3156.38,5/12/2011,212,3,5,5,355,Loyal Customers
16584,82,3156.17,9/20/2011,81,4,5,5,455,Champions
14306,46,3151.4,10/19/2011,52,4,5,5,455,Champions
15614,81,3147.36,9/28/2010,438,2,5,5,255,At Risk
15916,306,3145.24,11/23/2011,17,5,5,5,555,Champions
17702,153,3144.04,11/9/2011,31,4,5,5,455,Champions
15095,124,3141.64,8/28/2011,104,3,5,5,355,Loyal Customers
14897,127,3140.54,12/2/2011,8,5,5,5,555,Champions
15602,125,3137.96,12/1/2011,9,5,5,5,555,Champions
17354,101,3133.96,10/20/2011,51,4,5,5,455,Champions
13786,116,3127.99,12/7/2010,368,3,5,5,355,Loyal Customers
14963,476,3123.57,11/30/2011,10,5,5,5,555,Champions
15199,51,3122.4,10/11/2011,60,4,5,5,455,Champions
17145,180,3120.91,7/15/2010,513,2,5,5,255,At Risk
13685,39,3119.44,12/7/2011,3,5,5,5,555,Champions
13052,248,3119.33,5/11/2011,213,3,5,5,355,Loyal Customers
13692,96,3114.4,11/15/2011,25,5,5,5,555,Champions
14978,290,3112.19,9/28/2011,73,4,5,5,455,Champions
15983,258,3110.37,11/17/2011,23,5,5,5,555,Champions
16678,163,3109.99,12/7/2011,3,5,5,5,555,Champions
13742,313,3107.87,11/23/2011,17,5,5,5,555,Champions
12909,158,3103.19,10/31/2011,40,4,5,5,455,Champions
13538,142,3103.13,10/27/2011,44,4,5,5,455,Champions
15031,395,3102.94,12/5/2011,5,5,5,5,555,Champions
15491,154,3100.09,9/5/2011,96,4,5,5,455,Champions
13772,567,3100.02,11/6/2011,34,4,5,5,455,Champions
16933,282,3099.3,12/8/2011,2,5,5,5,555,Champions
13464,151,3097.64,10/12/2011,59,4,5,5,455,Champions
12937,217,3097.61,11/24/2011,16,5,5,5,555,Champions
15105,151,3094.91,11/21/2011,19,5,5,5,555,Champions
14312,180,3090.29,10/24/2011,47,4,5,5,455,Champions
15373,189,3084.54,12/1/2011,9,5,5,5,555,Champions
12511,190,3084.02,10/7/2010,429,2,5,5,255,At Risk
17929,15,3082.1,11/28/2011,12,5,2,5,525,New Customers
17090,90,3080.18,12/5/2011,5,5,5,5,555,Champions
14044,826,3077.7,11/13/2011,27,4,5,5,455,Champions
14700,167,3076.06,11/7/2011,33,4,5,5,455,Champions
12469,76,3070.54,7/5/2010,523,2,5,5,255,At Risk
13631,11,3070.42,9/1/2011,100,3,2,5,325,Others
14038,161,3069.88,9/22/2011,79,4,5,5,455,Champions
13196,188,3068.84,11/28/2011,12,5,5,5,555,Champions
16400,267,3059.85,9/6/2011,95,4,5,5,455,Champions
16059,391,3053.57,10/5/2011,66,4,5,5,455,Champions
16007,657,3053.06,10/23/2011,48,4,5,5,455,Champions
15241,184,3050.16,10/4/2011,67,4,5,5,455,Champions
16560,198,3048.38,11/13/2011,27,4,5,5,455,Champions
14916,134,3042.95,9/30/2011,71,4,5,5,455,Champions
12849,144,3042.47,11/8/2011,32,4,5,5,455,Champions
13647,139,3041.68,11/30/2011,10,5,5,5,555,Champions
15754,131,3037.61,10/19/2011,52,4,5,5,455,Champions
14673,148,3037.32,12/6/2011,4,5,5,5,555,Champions
13557,180,3032.26,11/11/2011,29,4,5,5,455,Champions
13485,158,3019.22,4/20/2011,234,3,5,5,355,Loyal Customers
14456,947,3017.28,12/4/2011,6,5,5,5,555,Champions
13848,10,3015,9/8/2011,93,4,2,5,425,New Customers
12754,63,3010.74,4/18/2011,236,3,5,5,355,Loyal Customers
16718,177,3006.08,12/5/2010,370,3,5,5,355,Loyal Customers
14621,159,3000.57,12/8/2011,2,5,5,5,555,Champions
13635,162,2999.16,10/3/2011,68,4,5,5,455,Champions
15810,166,2999.04,9/22/2011,79,4,5,5,455,Champions
15182,125,2998.952,7/8/2011,155,3,5,5,355,Loyal Customers
15611,94,2997.28,11/30/2011,10,5,5,5,555,Champions
14161,277,2996.93,5/8/2011,216,3,5,5,355,Loyal Customers
12457,84,2995.91,10/4/2011,67,4,5,5,455,Champions
14590,202,2993.37,10/11/2010,425,2,5,5,255,At Risk
15687,166,2993.1,12/1/2011,9,5,5,5,555,Champions
14344,230,2993.05,8/4/2011,128,3,5,5,355,Loyal Customers
15681,88,2989.7,11/14/2011,26,5,5,5,555,Champions
12374,83,2989.22,11/14/2011,26,5,5,5,555,Champions
18241,159,2986.99,11/30/2011,10,5,5,5,555,Champions
14226,97,2985.13,11/11/2011,29,4,5,5,455,Champions
17032,237,2984.32,6/10/2010,548,2,5,5,255,At Risk
16012,239,2978.59,11/4/2011,36,4,5,5,455,Champions
17655,111,2976.38,11/29/2011,11,5,5,5,555,Champions
12838,356,2975.91,11/6/2011,34,4,5,5,455,Champions
17692,162,2975.8,8/4/2011,128,3,5,5,355,Loyal Customers
12854,261,2970.97,9/22/2011,79,4,5,5,455,Champions
16120,92,2967.51,10/11/2011,60,4,5,5,455,Champions
15967,480,2966,11/16/2011,24,5,5,5,555,Champions
14506,398,2960.25,11/22/2011,18,5,5,5,555,Champions
15329,154,2958.83,10/31/2011,40,4,5,5,455,Champions
16416,186,2957.88,11/13/2011,27,4,5,5,455,Champions
13012,153,2957.83,11/30/2011,10,5,5,5,555,Champions
13110,252,2957.47,11/8/2011,32,4,5,5,455,Champions
16736,143,2956.56,7/22/2010,506,2,5,5,255,At Risk
14867,137,2952.06,6/7/2011,186,3,5,5,355,Loyal Customers
13253,75,2951.11,7/6/2011,157,3,5,5,355,Loyal Customers
12877,274,2942.14,12/6/2011,4,5,5,5,555,Champions
15757,193,2940.36,10/5/2011,66,4,5,5,455,Champions
17444,135,2940.04,7/15/2011,148,3,5,5,355,Loyal Customers
17588,71,2939.55,8/31/2011,101,3,5,5,355,Loyal Customers
14544,187,2938.53,11/15/2011,25,5,5,5,555,Champions
12967,65,2938.52,12/16/2010,359,3,5,5,355,Loyal Customers
12635,179,2930.41,9/11/2011,90,4,5,5,455,Champions
15312,163,2930.19,9/25/2011,76,4,5,5,455,Champions
13890,173,2927.38,12/8/2011,2,5,5,5,555,Champions
12906,63,2919.81,11/28/2011,12,5,5,5,555,Champions
16358,154,2919.65,12/8/2011,2,5,5,5,555,Champions
13764,370,2919.62,9/30/2011,71,4,5,5,455,Champions
15392,144,2911.62,12/5/2011,5,5,5,5,555,Champions
13784,43,2910.23,11/30/2011,10,5,5,5,555,Champions
14524,322,2909.86,11/8/2011,32,4,5,5,455,Champions
12438,98,2906.85,11/25/2011,15,5,5,5,555,Champions
14233,73,2904.27,10/21/2011,50,4,5,5,455,Champions
14293,119,2903.01,12/6/2011,4,5,5,5,555,Champions
16383,400,2896.69,9/26/2011,75,4,5,5,455,Champions
17242,84,2889.28,8/23/2011,109,3,5,5,355,Loyal Customers
13501,114,2885.11,2/24/2011,289,3,5,5,355,Loyal Customers
16633,152,2883.1,11/22/2011,18,5,5,5,555,Champions
14251,78,2879.7,12/8/2011,2,5,5,5,555,Champions
12806,67,2878.96,9/30/2010,436,2,5,5,255,At Risk
18170,126,2878,11/6/2011,34,4,5,5,455,Champions
14005,84,2874.72,11/30/2011,10,5,5,5,555,Champions
15043,51,2870.32,11/8/2011,32,4,5,5,455,Champions
16467,24,2869.16,7/19/2010,509,2,5,5,255,At Risk
16711,33,2868.48,12/6/2011,4,5,5,5,555,Champions
16229,176,2867.86,9/13/2011,88,4,5,5,455,Champions
17961,630,2866.74,11/18/2011,22,5,5,5,555,Champions
14758,136,2864.97,7/18/2011,145,3,5,5,355,Loyal Customers
16755,319,2864.68,8/17/2011,115,3,5,5,355,Loyal Customers
16062,185,2863.45,11/30/2011,10,5,5,5,555,Champions
12685,157,2863.08,11/11/2011,29,4,5,5,455,Champions
14875,89,2862.4,8/24/2011,108,3,5,5,355,Loyal Customers
13963,165,2860.57,2/4/2011,309,3,5,5,355,Loyal Customers
16979,129,2859.74,12/6/2011,4,5,5,5,555,Champions
15563,257,2859.46,11/17/2011,23,5,5,5,555,Champions
16225,300,2859.31,10/26/2011,45,4,5,5,455,Champions
13728,164,2855.17,11/3/2011,37,4,5,5,455,Champions
12352,103,2849.84,11/3/2011,37,4,5,5,455,Champions
14935,26,2849.83,2/15/2011,298,3,5,5,355,Loyal Customers
12676,107,2843.09,11/15/2011,25,5,5,5,555,Champions
16554,167,2841.72,10/28/2011,43,4,5,5,455,Champions
14711,345,2839.62,11/29/2011,11,5,5,5,555,Champions
14842,145,2824.69,10/27/2011,44,4,5,5,455,Champions
15797,12,2821.08,8/18/2011,114,3,2,5,325,Others
16775,259,2820.84,11/29/2011,11,5,5,5,555,Champions
17228,327,2820.03,11/24/2011,16,5,5,5,555,Champions
13477,157,2819.17,11/2/2011,38,4,5,5,455,Champions
13032,207,2815.96,10/18/2011,53,4,5,5,455,Champions
17386,38,2812.77,12/2/2011,8,5,5,5,555,Champions
16871,137,2812.34,11/17/2011,23,5,5,5,555,Champions
13799,106,2803.57,8/15/2011,117,3,5,5,355,Loyal Customers
13205,1,2803.2,9/22/2010,444,2,2,5,225,Lost
12826,157,2800.75,12/7/2011,3,5,5,5,555,Champions
16742,104,2799.87,10/24/2011,47,4,5,5,455,Champions
13330,117,2796.1,9/8/2011,93,4,5,5,455,Champions
14903,350,2795.33,11/18/2011,22,5,5,5,555,Champions
14035,145,2794.75,11/11/2011,29,4,5,5,455,Champions
15353,360,2794.47,3/30/2011,255,3,5,5,355,Loyal Customers
12863,48,2792.55,10/18/2011,53,4,5,5,455,Champions
17530,477,2791.69,12/8/2011,2,5,5,5,555,Champions
16764,700,2790.95,12/6/2011,4,5,5,5,555,Champions
17284,373,2788.06,10/10/2011,61,4,5,5,455,Champions
15073,159,2788.02,11/30/2011,10,5,5,5,555,Champions
17552,143,2786.77,10/10/2011,61,4,5,5,455,Champions
13719,248,2783.08,11/24/2011,16,5,5,5,555,Champions
14121,159,2780.15,12/6/2011,4,5,5,5,555,Champions
17790,302,2779.41,11/13/2011,27,4,5,5,455,Champions
14869,244,2778.14,12/1/2011,9,5,5,5,555,Champions
15993,543,2777.67,12/1/2011,9,5,5,5,555,Champions
16104,232,2774.46,10/9/2011,62,4,5,5,455,Champions
17031,50,2773.85,11/28/2011,12,5,5,5,555,Champions
15235,178,2772.76,5/6/2011,218,3,5,5,355,Loyal Customers
15965,332,2771.94,11/22/2011,18,5,5,5,555,Champions
13695,96,2770.73,11/8/2011,32,4,5,5,455,Champions
18210,144,2768.83,12/8/2011,2,5,5,5,555,Champions
15817,152,2766.4,10/15/2010,421,2,5,5,255,At Risk
13813,143,2765.47,10/31/2011,40,4,5,5,455,Champions
16407,225,2761.65,11/27/2011,13,5,5,5,555,Champions
17115,120,2761.49,12/1/2011,9,5,5,5,555,Champions
17368,226,2758.29,11/16/2011,24,5,5,5,555,Champions
16335,361,2753.52,6/6/2010,552,2,5,5,255,At Risk
17870,272,2753.29,12/7/2011,3,5,5,5,555,Champions
13736,554,2752.47,12/4/2011,6,5,5,5,555,Champions
17490,116,2750.5,12/9/2011,1,5,5,5,555,Champions
14665,132,2749.65,10/10/2011,61,4,5,5,455,Champions
12982,178,2744.81,4/11/2011,243,3,5,5,355,Loyal Customers
12669,101,2744.03,7/12/2011,151,3,5,5,355,Loyal Customers
15841,92,2742.41,9/28/2011,73,4,5,5,455,Champions
13077,330,2740.65,12/8/2011,2,5,5,5,555,Champions
17241,170,2736.64,11/19/2010,386,2,5,5,255,At Risk
15389,6,2733.8,6/20/2011,173,3,2,5,325,Others
12986,102,2729.84,10/7/2010,429,2,5,5,255,At Risk
15596,155,2727.72,8/31/2011,101,3,5,5,355,Loyal Customers
12739,89,2726.73,9/22/2011,79,4,5,5,455,Champions
12391,267,2724.84,11/18/2011,22,5,5,5,555,Champions
14404,181,2724.13,11/6/2011,34,4,5,5,455,Champions
16190,119,2723.55,10/30/2011,41,4,5,5,455,Champions
14125,166,2720.63,11/29/2011,11,5,5,5,555,Champions
14808,231,2718.6,10/31/2011,40,4,5,5,455,Champions
15985,104,2715.28,8/8/2011,124,3,5,5,355,Loyal Customers
16232,105,2712.97,10/27/2011,44,4,5,5,455,Champions
17884,406,2698.47,12/6/2011,4,5,5,5,555,Champions
16359,125,2697.75,12/2/2011,8,5,5,5,555,Champions
18173,45,2696.36,9/14/2011,87,4,5,5,455,Champions
12820,159,2689.52,12/6/2011,4,5,5,5,555,Champions
16086,129,2687.73,10/11/2011,60,4,5,5,455,Champions
14748,159,2681.9,11/10/2011,30,4,5,5,455,Champions
17388,55,2675.37,9/23/2011,78,4,5,5,455,Champions
16434,180,2673.69,11/10/2011,30,4,5,5,455,Champions
17720,132,2666.91,11/13/2011,27,4,5,5,455,Champions
18283,938,2664.9,12/6/2011,4,5,5,5,555,Champions
15910,620,2661.17,12/9/2011,1,5,5,5,555,Champions
13473,70,2657.76,10/10/2011,61,4,5,5,455,Champions
15671,78,2657.13,11/21/2011,19,5,5,5,555,Champions
16369,169,2656.56,11/21/2011,19,5,5,5,555,Champions
15157,152,2654.11,12/6/2011,4,5,5,5,555,Champions
14756,119,2653.76,11/24/2011,16,5,5,5,555,Champions
17744,151,2649.14,12/6/2011,4,5,5,5,555,Champions
12516,74,2648.62,9/23/2011,78,4,5,5,455,Champions
13203,169,2648.25,11/30/2011,10,5,5,5,555,Champions
16618,96,2647.59,11/8/2011,32,4,5,5,455,Champions
13819,101,2642.35,2/11/2011,302,3,5,5,355,Loyal Customers
15814,98,2634.44,11/23/2011,17,5,5,5,555,Champions
12520,152,2634.26,9/21/2011,80,4,5,5,455,Champions
14410,385,2631.9,9/8/2011,93,4,5,5,455,Champions
16276,26,2629.39,6/16/2011,177,3,5,5,355,Loyal Customers
17470,155,2626.47,10/26/2011,45,4,5,5,455,Champions
13422,127,2626.3,10/6/2011,65,4,5,5,455,Champions
13644,146,2624.26,11/23/2011,17,5,5,5,555,Champions
12671,45,2622.481,4/12/2010,607,2,5,5,255,At Risk
12423,165,2622.39,12/9/2011,1,5,5,5,555,Champions
15142,142,2619.92,10/24/2011,47,4,5,5,455,Champions
13211,201,2618.77,11/29/2011,11,5,5,5,555,Champions
14262,143,2618.23,12/1/2011,9,5,5,5,555,Champions
14195,16,2615.6,5/22/2011,202,3,2,5,325,Others
14431,81,2614.2,2/10/2011,303,3,5,5,355,Loyal Customers
14397,87,2612.96,12/7/2011,3,5,5,5,555,Champions
14564,107,2605.62,10/1/2010,435,2,5,5,255,At Risk
15660,151,2603.69,11/14/2011,26,5,5,5,555,Champions
17317,9,2600.34,10/24/2011,47,4,2,5,425,New Customers
15826,119,2598.28,10/14/2011,57,4,5,5,455,Champions
13700,240,2596.97,11/13/2011,27,4,5,5,455,Champions
12412,127,2596.93,9/26/2011,75,4,5,5,455,Champions
14163,58,2594.62,9/13/2011,88,4,5,5,455,Champions
14229,72,2594.04,10/19/2011,52,4,5,5,455,Champions
17043,199,2593.65,11/7/2011,33,4,5,5,455,Champions
14129,109,2591.34,12/8/2011,2,5,5,5,555,Champions
14147,30,2590.2,9/22/2011,79,4,5,5,455,Champions
16206,240,2589.87,10/16/2011,55,4,5,5,455,Champions
15062,159,2585.62,9/29/2011,72,4,5,5,455,Champions
12592,81,2582.66,9/8/2011,93,4,5,5,455,Champions
16499,144,2578.34,12/14/2010,361,3,5,5,355,Loyal Customers
17095,137,2572.25,11/17/2011,23,5,5,5,555,Champions
17002,84,2571.55,9/15/2011,86,4,5,5,455,Champions
15434,134,2567.06,12/1/2011,9,5,5,5,555,Champions
16817,141,2560.7,12/7/2011,3,5,5,5,555,Champions
13192,162,2558.58,9/5/2011,96,4,5,5,455,Champions
15033,501,2557.18,12/5/2011,5,5,5,5,555,Champions
16036,140,2556.84,9/13/2011,88,4,5,5,455,Champions
13862,160,2556.09,11/21/2011,19,5,5,5,555,Champions
16115,419,2553.8,11/30/2011,10,5,5,5,555,Champions
14745,140,2551.41,8/19/2011,113,3,5,5,355,Loyal Customers
18179,109,2547.55,11/30/2011,10,5,5,5,555,Champions
17465,142,2542.79,10/10/2010,426,2,5,5,255,At Risk
14548,110,2541.29,7/12/2011,151,3,5,5,355,Loyal Customers
17463,316,2535.26,11/23/2011,17,5,5,5,555,Champions
13623,284,2533.06,11/9/2011,31,4,5,5,455,Champions
15906,201,2530.19,11/20/2011,20,5,5,5,555,Champions
14659,253,2529.93,12/1/2011,9,5,5,5,555,Champions
16889,217,2526.65,5/29/2011,195,3,5,5,355,Loyal Customers
14790,145,2526.62,11/23/2011,17,5,5,5,555,Champions
16987,261,2521.4,12/6/2011,4,5,5,5,555,Champions
15862,498,2512.29,12/1/2011,9,5,5,5,555,Champions
13344,116,2511.69,10/3/2011,68,4,5,5,455,Champions
17101,73,2507.05,11/29/2011,11,5,5,5,555,Champions
17550,321,2506.64,5/26/2011,198,3,5,5,355,Loyal Customers
12978,163,2502.82,11/19/2010,386,2,5,5,255,At Risk
16202,124,2501.99,12/14/2010,361,3,5,5,355,Loyal Customers
13471,254,2501.84,12/8/2011,2,5,5,5,555,Champions
15021,623,2500.59,12/1/2011,9,5,5,5,555,Champions
15747,216,2499.81,11/27/2011,13,5,5,5,555,Champions
17594,104,2497.88,9/15/2011,86,4,5,5,455,Champions
15932,115,2495.87,12/5/2011,5,5,5,5,555,Champions
13414,55,2494.14,7/29/2011,134,3,5,5,355,Loyal Customers
14541,175,2491.38,10/12/2011,59,4,5,5,455,Champions
17262,19,2488.76,10/18/2011,53,4,2,5,425,New Customers
15227,120,2488.49,11/3/2011,37,4,5,5,455,Champions
15117,131,2485.97,11/25/2011,15,5,5,5,555,Champions
15716,286,2485.26,7/17/2011,146,3,5,5,355,Loyal Customers
12517,279,2481.6,11/11/2011,29,4,5,5,455,Champions
13507,162,2479.16,12/6/2011,4,5,5,5,555,Champions
13588,174,2478.95,11/24/2011,16,5,5,5,555,Champions
13134,121,2475.23,9/15/2011,86,4,5,5,455,Champions
14696,154,2473.28,12/5/2011,5,5,5,5,555,Champions
13762,35,2472.48,5/5/2011,219,3,5,5,355,Loyal Customers
12924,74,2469.4,9/12/2011,89,4,5,5,455,Champions
14421,96,2469.37,10/13/2011,58,4,5,5,455,Champions
17288,288,2468.43,11/30/2011,10,5,5,5,555,Champions
17164,144,2467.35,11/7/2011,33,4,5,5,455,Champions
13151,158,2465.21,2/17/2011,296,3,5,5,355,Loyal Customers
17131,134,2463.17,12/4/2011,6,5,5,5,555,Champions
14256,133,2460.79,3/24/2011,261,3,5,5,355,Loyal Customers
17629,156,2455.52,12/4/2011,6,5,5,5,555,Champions
17676,148,2448.64,12/5/2011,5,5,5,5,555,Champions
12701,147,2446.41,9/21/2011,80,4,5,5,455,Champions
13338,128,2445.62,7/5/2011,158,3,5,5,355,Loyal Customers
17320,152,2444.85,8/31/2011,101,3,5,5,355,Loyal Customers
15111,135,2442.37,11/10/2011,30,4,5,5,455,Champions
17348,443,2442.29,11/25/2011,15,5,5,5,555,Champions
18171,92,2437.31,10/12/2011,59,4,5,5,455,Champions
15623,108,2437.05,7/21/2011,142,3,5,5,355,Loyal Customers
17505,102,2435.48,7/1/2011,162,3,5,5,355,Loyal Customers
13085,84,2433.28,7/5/2011,158,3,5,5,355,Loyal Customers
14502,608,2429.83,11/20/2011,20,5,5,5,555,Champions
15077,32,2428.08,8/2/2010,495,2,5,5,255,At Risk
13949,160,2427.32,12/7/2011,3,5,5,5,555,Champions
12733,157,2424.87,4/19/2011,235,3,5,5,355,Loyal Customers
15215,113,2422.43,10/24/2011,47,4,5,5,455,Champions
15089,145,2420.84,11/29/2011,11,5,5,5,555,Champions
15489,114,2419.61,11/17/2011,23,5,5,5,555,Champions
13878,102,2416.9,10/16/2011,55,4,5,5,455,Champions
16040,125,2416.9,10/5/2011,66,4,5,5,455,Champions
16470,468,2416.85,10/19/2011,52,4,5,5,455,Champions
12802,138,2416.42,6/6/2011,187,3,5,5,355,Loyal Customers
13118,148,2415.41,11/20/2011,20,5,5,5,555,Champions
14205,123,2414.2,11/23/2011,17,5,5,5,555,Champions
12397,126,2409.9,11/4/2011,36,4,5,5,455,Champions
16833,92,2409.04,12/8/2011,2,5,5,5,555,Champions
16163,68,2407.98,4/21/2011,233,3,5,5,355,Loyal Customers
15341,24,2402.72,9/20/2011,81,4,5,5,455,Champions
13173,216,2399.82,12/5/2011,5,5,5,5,555,Champions
15793,30,2399.57,11/25/2011,15,5,5,5,555,Champions
12393,107,2399.45,9/28/2011,73,4,5,5,455,Champions
14414,118,2399.33,9/9/2011,92,4,5,5,455,Champions
16147,136,2398.91,7/29/2011,134,3,5,5,355,Loyal Customers
17921,360,2394.36,10/6/2011,65,4,5,5,455,Champions
16812,115,2392,12/14/2010,361,3,5,5,355,Loyal Customers
15366,138,2389.08,9/25/2011,76,4,5,5,455,Champions
16105,110,2386.19,4/5/2011,249,3,5,5,355,Loyal Customers
16638,138,2380.13,11/17/2011,23,5,5,5,555,Champions
17827,281,2376.17,12/4/2011,6,5,5,5,555,Champions
17434,134,2373.82,12/7/2011,3,5,5,5,555,Champions
13908,122,2369.55,9/21/2011,80,4,5,5,455,Champions
17623,194,2365.77,11/7/2011,33,4,5,5,455,Champions
16005,484,2365.49,11/27/2011,13,5,5,5,555,Champions
14496,106,2363.89,2/1/2011,312,3,5,5,355,Loyal Customers
14295,72,2362.91,10/30/2011,41,4,5,5,455,Champions
16676,133,2361.9,11/6/2011,34,4,5,5,455,Champions
15860,343,2361.3,10/30/2011,41,4,5,5,455,Champions
17634,296,2358.59,11/3/2011,37,4,5,5,455,Champions
15015,294,2354.97,7/26/2010,502,2,5,5,255,At Risk
17969,204,2354.29,6/26/2011,167,3,5,5,355,Loyal Customers
14810,301,2354.03,10/30/2011,41,4,5,5,455,Champions
16083,71,2351.42,8/31/2011,101,3,5,5,355,Loyal Customers
16085,375,2341.03,11/16/2011,24,5,5,5,555,Champions
12704,88,2340.84,12/2/2011,8,5,5,5,555,Champions
17591,176,2339.32,9/27/2011,74,4,5,5,455,Champions
12584,96,2338.15,12/6/2011,4,5,5,5,555,Champions
15549,161,2334.16,9/23/2011,78,4,5,5,455,Champions
13614,264,2332.74,11/15/2011,25,5,5,5,555,Champions
16496,138,2330.77,12/1/2011,9,5,5,5,555,Champions
17313,24,2328.84,11/8/2011,32,4,5,5,455,Champions
17004,69,2324.36,10/24/2011,47,4,5,5,455,Champions
14938,71,2322.43,5/26/2010,563,2,5,5,255,At Risk
13091,45,2321.82,11/11/2011,29,4,5,5,455,Champions
13055,154,2321.11,9/22/2011,79,4,5,5,455,Champions
16628,125,2318.1,11/10/2011,30,4,5,5,455,Champions
12724,129,2317.52,12/4/2011,6,5,5,5,555,Champions
12948,125,2317.43,11/23/2011,17,5,5,5,555,Champions
14346,146,2315.75,8/11/2011,121,3,5,5,355,Loyal Customers
17193,44,2310.04,11/4/2011,36,4,5,5,455,Champions
17282,204,2308.54,8/1/2011,131,3,5,5,355,Loyal Customers
13704,134,2308.06,12/4/2011,6,5,5,5,555,Champions
17113,158,2305.59,5/14/2010,575,2,5,5,255,At Risk
17894,402,2304.58,9/29/2011,72,4,5,5,455,Champions
15946,26,2304.18,7/25/2010,503,2,5,5,255,At Risk
14555,117,2304.03,10/13/2011,58,4,5,5,455,Champions
18095,48,2303.09,1/31/2011,313,3,5,5,355,Loyal Customers
16077,8,2300.4,3/24/2010,626,2,2,5,225,Lost
16531,138,2298.33,11/17/2011,23,5,5,5,555,Champions
13371,92,2297.66,7/22/2010,506,2,5,5,255,At Risk
12599,133,2296.72,11/10/2011,30,4,5,5,455,Champions
12649,118,2294.65,8/24/2011,108,3,5,5,355,Loyal Customers
13280,205,2293.33,8/9/2011,123,3,5,5,355,Loyal Customers
13059,198,2291.77,4/4/2011,250,3,5,5,355,Loyal Customers
17047,142,2289.23,9/15/2011,86,4,5,5,455,Champions
17018,37,2287.7,10/30/2011,41,4,5,5,455,Champions
16485,144,2287.19,9/23/2011,78,4,5,5,455,Champions
14481,150,2284.69,6/28/2011,165,3,5,5,355,Loyal Customers
12684,105,2283.63,12/2/2011,8,5,5,5,555,Champions
18051,55,2282.28,3/15/2010,635,2,5,5,255,At Risk
13655,119,2280.51,8/17/2011,115,3,5,5,355,Loyal Customers
14554,203,2279.49,11/29/2011,11,5,5,5,555,Champions
13994,148,2274.14,12/6/2011,4,5,5,5,555,Champions
17994,306,2270.03,8/10/2011,122,3,5,5,355,Loyal Customers
12725,106,2266.76,12/3/2010,372,3,5,5,355,Loyal Customers
15638,25,2265.2,11/26/2010,379,3,5,5,355,Loyal Customers
15734,43,2263.3,8/17/2011,115,3,5,5,355,Loyal Customers
13652,141,2262.05,10/25/2011,46,4,5,5,455,Champions
13814,79,2257.32,9/8/2011,93,4,5,5,455,Champions
13117,162,2255.66,11/18/2011,22,5,5,5,555,Champions
16350,122,2253.89,11/18/2011,22,5,5,5,555,Champions
17414,21,2249.52,10/27/2011,44,4,5,5,455,Champions
14432,377,2248.5,11/30/2011,10,5,5,5,555,Champions
14644,62,2247.72,10/3/2011,68,4,5,5,455,Champions
16177,118,2247.31,10/20/2011,51,4,5,5,455,Champions
16174,65,2246.75,8/5/2011,127,3,5,5,355,Loyal Customers
16883,267,2246.06,6/5/2011,188,3,5,5,355,Loyal Customers
13627,129,2245.9,10/11/2011,60,4,5,5,455,Champions
16042,129,2245.32,11/17/2011,23,5,5,5,555,Champions
13407,85,2244.7,5/10/2010,579,2,5,5,255,At Risk
16823,173,2243.09,4/26/2011,228,3,5,5,355,Loyal Customers
14462,281,2242.81,10/4/2011,67,4,5,5,455,Champions
15865,126,2241.42,10/30/2011,41,4,5,5,455,Champions
15629,77,2240.9,9/15/2010,451,2,5,5,255,At Risk
16551,88,2237.12,9/5/2011,96,3,5,5,355,Loyal Customers
17180,400,2236.77,10/14/2011,57,4,5,5,455,Champions
17075,199,2236.63,11/22/2011,18,5,5,5,555,Champions
16108,135,2235.92,9/16/2011,85,4,5,5,455,Champions
16076,129,2234.73,12/6/2011,4,5,5,5,555,Champions
13662,136,2233.61,9/15/2011,86,4,5,5,455,Champions
18215,89,2232.49,9/11/2011,90,4,5,5,455,Champions
14449,483,2230.96,11/21/2011,19,5,5,5,555,Champions
12783,84,2225.91,12/7/2011,3,5,5,5,555,Champions
13365,128,2225.37,11/6/2011,34,4,5,5,455,Champions
14321,179,2218.06,11/29/2011,11,5,5,5,555,Champions
17648,125,2216.37,10/10/2011,61,4,5,5,455,Champions
18177,99,2216.32,11/8/2011,32,4,5,5,455,Champions
13478,125,2215.78,8/27/2010,470,2,5,5,255,At Risk
13455,114,2212.99,11/15/2011,25,5,5,5,555,Champions
13320,149,2211.6,9/22/2011,79,4,5,5,455,Champions
15550,235,2211.05,12/5/2011,5,5,5,5,555,Champions
15476,79,2209.98,11/24/2010,381,2,5,5,255,At Risk
14177,205,2209.69,9/14/2011,87,4,5,5,455,Champions
13094,29,2209.44,11/18/2011,22,5,5,5,555,Champions
14834,87,2206.16,11/22/2011,18,5,5,5,555,Champions
14467,303,2203.24,11/22/2011,18,5,5,5,555,Champions
13410,50,2201.96,11/15/2011,25,5,5,5,555,Champions
14006,77,2196.67,8/16/2011,116,3,5,5,355,Loyal Customers
15100,16,2193.9,1/10/2011,334,3,2,5,325,Others
16317,117,2192.51,8/12/2011,120,3,5,5,355,Loyal Customers
15934,29,2190.66,10/18/2010,418,2,5,5,255,At Risk
14212,21,2190.14,9/11/2011,90,4,5,5,455,Champions
14597,95,2184.63,11/28/2011,12,5,5,5,555,Champions
15864,23,2180.76,11/17/2011,23,5,5,5,555,Champions
17905,146,2178.87,9/29/2011,72,4,5,5,455,Champions
17324,145,2171.07,11/22/2011,18,5,5,5,555,Champions
12856,311,2170.78,12/2/2011,8,5,5,5,555,Champions
12501,149,2169.39,1/7/2011,337,3,5,5,355,Loyal Customers
17732,122,2166.42,12/2/2010,373,3,5,5,355,Loyal Customers
14595,136,2164.45,11/20/2011,20,5,5,5,555,Champions
15944,38,2164.24,3/8/2011,277,3,5,5,355,Loyal Customers
14573,310,2163.12,6/13/2011,180,3,5,5,355,Loyal Customers
17822,169,2162.93,10/15/2010,421,2,5,5,255,At Risk
17460,137,2157.97,9/6/2011,95,4,5,5,455,Champions
14407,73,2157.73,8/24/2011,108,3,5,5,355,Loyal Customers
16379,108,2157.4,12/5/2011,5,5,5,5,555,Champions
13643,102,2156.77,11/8/2011,32,4,5,5,455,Champions
15426,429,2156.35,11/20/2011,20,5,5,5,555,Champions
13224,108,2155.95,10/10/2011,61,4,5,5,455,Champions
16966,28,2154.97,12/1/2011,9,5,5,5,555,Champions
16600,143,2153.41,12/5/2011,5,5,5,5,555,Champions
16275,111,2151.11,5/27/2011,197,3,5,5,355,Loyal Customers
14216,77,2150.04,12/6/2011,4,5,5,5,555,Champions
16716,8,2149.68,3/18/2011,267,3,2,5,325,Others
17272,114,2148.63,10/28/2011,43,4,5,5,455,Champions
16520,352,2148.38,6/6/2011,187,3,5,5,355,Loyal Customers
16004,90,2146.39,8/22/2010,475,2,5,5,255,At Risk
13152,135,2146.38,10/18/2010,418,2,5,5,255,At Risk
16134,116,2145.34,11/18/2011,22,5,5,5,555,Champions
18009,179,2144.23,4/18/2011,236,3,5,5,355,Loyal Customers
12576,142,2142.72,11/4/2011,36,4,5,5,455,Champions
13092,105,2140.28,9/30/2011,71,4,5,5,455,Champions
12687,126,2138.91,8/16/2010,481,2,5,5,255,At Risk
17029,29,2137.3,8/21/2011,111,3,5,5,355,Loyal Customers
17305,9,2135.46,3/1/2010,649,2,2,5,225,Lost
18116,564,2134.49,10/3/2011,68,4,5,5,455,Champions
12560,105,2134.01,12/4/2011,6,5,5,5,555,Champions
16493,111,2132.09,9/21/2011,80,4,5,5,455,Champions
13517,141,2128.42,10/11/2011,60,4,5,5,455,Champions
14634,109,2124.46,9/28/2010,438,2,5,5,255,At Risk
16807,142,2123.88,7/20/2011,143,3,5,5,355,Loyal Customers
16996,75,2123.61,11/9/2011,31,4,5,5,455,Champions
14472,309,2118.72,8/28/2011,104,3,5,5,355,Loyal Customers
14360,117,2118.03,11/8/2011,32,4,5,5,455,Champions
15658,102,2117.27,6/2/2011,191,3,5,5,355,Loyal Customers
14691,71,2114.33,11/9/2011,31,4,5,5,455,Champions
16201,124,2112.12,12/6/2011,4,5,5,5,555,Champions
16054,122,2111.88,7/17/2011,146,3,5,5,355,Loyal Customers
12997,107,2110.91,11/17/2011,23,5,5,5,555,Champions
14399,192,2108.21,11/10/2010,395,2,5,5,255,At Risk
13755,321,2108.06,12/6/2011,4,5,5,5,555,Champions
13610,399,2103.71,11/27/2011,13,5,5,5,555,Champions
15252,118,2103.41,11/3/2011,37,4,5,5,455,Champions
14276,121,2102.68,9/2/2011,99,3,5,5,355,Loyal Customers
14499,311,2101.79,11/13/2011,27,4,5,5,455,Champions
15815,49,2100.6,10/7/2011,64,4,5,5,455,Champions
12975,112,2100.09,9/29/2010,437,2,5,5,255,At Risk
17897,262,2099.89,6/20/2011,173,3,5,5,355,Loyal Customers
17159,130,2099.59,11/18/2011,22,5,5,5,555,Champions
12610,106,2099.54,11/17/2011,23,5,5,5,555,Champions
17742,85,2098.48,8/18/2011,114,3,5,5,355,Loyal Customers
13753,80,2094.57,2/25/2011,288,3,5,5,355,Loyal Customers
13591,101,2093.94,10/6/2011,65,4,5,5,455,Champions
14469,145,2093.46,10/19/2010,417,2,5,5,255,At Risk
13265,90,2092.66,10/17/2011,54,4,5,5,455,Champions
15456,227,2091.52,3/1/2011,284,3,5,5,355,Loyal Customers
15151,57,2085.61,10/12/2010,424,2,5,5,255,At Risk
17705,120,2083.9,12/6/2011,4,5,5,5,555,Champions
16016,297,2083.4,12/6/2011,4,5,5,5,555,Champions
16934,141,2083.14,10/16/2011,55,4,5,5,455,Champions
14443,133,2082.97,10/17/2011,54,4,5,5,455,Champions
18026,17,2074.07,7/27/2010,501,2,2,5,225,Lost
17048,101,2071.68,8/14/2011,118,3,5,5,355,Loyal Customers
17585,384,2064.71,8/22/2011,110,3,5,5,355,Loyal Customers
13748,58,2064.35,9/5/2011,96,3,5,5,355,Loyal Customers
16726,262,2063.88,11/13/2011,27,4,5,5,455,Champions
12586,94,2062.67,11/22/2011,18,5,5,5,555,Champions
16795,336,2062.41,12/9/2010,366,3,5,5,355,Loyal Customers
15221,29,2062.2,12/8/2010,367,3,5,5,355,Loyal Customers
13476,106,2061.47,6/14/2011,179,3,5,5,355,Loyal Customers
18258,50,2059.67,9/1/2010,465,2,5,5,255,At Risk
17633,101,2057.39,11/8/2011,32,4,5,5,455,Champions
12518,124,2056.89,12/9/2011,1,5,5,5,555,Champions
15253,116,2055.09,11/23/2011,17,5,5,5,555,Champions
14188,65,2054.36,11/9/2011,31,4,5,5,455,Champions
16235,115,2053.71,10/30/2011,41,4,5,5,455,Champions
16794,502,2052.7,12/8/2011,2,5,5,5,555,Champions
16176,72,2052.69,10/14/2010,422,2,5,5,255,At Risk
17086,96,2050.08,12/2/2011,8,5,5,5,555,Champions
13874,69,2049.15,12/16/2010,359,3,5,5,355,Loyal Customers
16027,35,2048.36,9/9/2011,92,4,5,5,455,Champions
14232,115,2048.07,10/28/2011,43,4,5,5,455,Champions
17666,44,2047.8,12/6/2011,4,5,5,5,555,Champions
13663,99,2047.51,6/13/2011,180,3,5,5,355,Loyal Customers
14000,49,2046.34,5/12/2011,212,3,5,5,355,Loyal Customers
15473,14,2046,11/25/2011,15,5,2,5,525,New Customers
12868,134,2043.76,6/7/2011,186,3,5,5,355,Loyal Customers
17289,266,2041.8,11/8/2011,32,4,5,5,455,Champions
12585,87,2040.1,4/19/2011,235,3,5,5,355,Loyal Customers
14988,235,2038.65,5/12/2011,212,3,5,5,355,Loyal Customers
16214,98,2038.25,6/22/2011,171,3,5,5,355,Loyal Customers
16331,34,2037.7,10/3/2010,433,2,5,5,255,At Risk
17846,1,2033.1,9/15/2011,86,4,2,5,425,New Customers
13630,71,2031.78,12/4/2011,6,5,5,5,555,Champions
14225,86,2031.07,10/1/2010,435,2,5,5,255,At Risk
15272,286,2030.95,10/13/2011,58,4,5,5,455,Champions
15506,273,2030.33,11/17/2011,23,5,5,5,555,Champions
15164,352,2028.11,10/2/2011,69,4,5,5,455,Champions
15384,118,2027.79,6/23/2011,170,3,5,5,355,Loyal Customers
12873,35,2027.3,3/2/2011,283,3,5,5,355,Loyal Customers
13989,86,2026.06,10/5/2011,66,4,5,5,455,Champions
14631,91,2025.69,10/20/2011,51,4,5,5,455,Champions
14651,283,2025.52,10/3/2011,68,4,5,5,455,Champions
12418,102,2021.2,8/19/2011,113,3,5,5,355,Loyal Customers
13696,24,2020.4,10/14/2010,422,2,5,5,255,At Risk
16221,239,2019.92,11/3/2011,37,4,5,5,455,Champions
12348,51,2019.4,9/25/2011,76,4,5,5,455,Champions
14623,282,2016.98,11/7/2011,33,4,5,5,455,Champions
16197,93,2016.71,8/27/2010,470,2,5,5,255,At Risk
17152,16,2016.5,5/29/2011,195,3,2,5,325,Others
17126,445,2016.43,7/10/2011,153,3,5,5,355,Loyal Customers
13693,106,2011.82,11/30/2010,375,3,5,5,355,Loyal Customers
17671,75,2009.16,11/24/2011,16,5,5,5,555,Champions
13888,171,2001.59,8/12/2011,120,3,5,5,355,Loyal Customers
16332,197,2000.01,11/11/2011,29,4,5,5,455,Champions
14628,86,1998,9/9/2011,92,4,5,5,455,Champions
16698,5,1998,4/27/2011,227,3,2,5,325,Others
15990,177,1997.75,10/26/2011,45,4,5,5,455,Champions
14152,133,1997.34,9/25/2011,76,4,5,5,455,Champions
15481,38,1993.34,11/3/2010,402,2,5,5,255,At Risk
14301,53,1992.18,8/14/2011,118,3,5,5,355,Loyal Customers
16065,353,1992.13,12/9/2010,366,3,5,5,355,Loyal Customers
13889,83,1991.23,9/8/2011,93,4,5,5,455,Champions
17088,115,1991.01,11/11/2011,29,4,5,5,455,Champions
16960,449,1990.88,11/1/2011,39,4,5,5,455,Champions
17351,69,1988.23,11/3/2011,37,4,5,5,455,Champions
16529,128,1986.8,6/2/2011,191,3,5,5,355,Loyal Customers
15478,69,1983.48,10/30/2011,41,4,5,5,455,Champions
14967,29,1982.61,10/21/2011,50,4,5,5,455,Champions
17337,521,1981.06,7/11/2011,152,3,5,5,355,Loyal Customers
13725,104,1980.56,10/21/2011,50,4,5,5,455,Champions
12582,103,1980.4,4/15/2011,239,3,5,5,355,Loyal Customers
17158,113,1980,11/7/2011,33,4,5,5,455,Champions
15030,33,1979.91,9/29/2011,72,4,5,5,455,Champions
15795,131,1979.87,7/13/2011,150,3,5,5,355,Loyal Customers
13208,252,1976.3,10/12/2011,59,4,5,5,455,Champions
18204,192,1975.35,9/29/2011,72,4,5,5,455,Champions
15531,219,1972.39,12/1/2011,9,5,5,5,555,Champions
17797,271,1971.87,11/17/2011,23,5,5,5,555,Champions
14905,78,1971.39,7/5/2011,158,3,5,5,355,Loyal Customers
12674,83,1970.6,11/1/2011,39,4,5,5,455,Champions
14477,14,1969.6,11/20/2011,20,5,2,5,525,New Customers
14396,249,1969.38,10/5/2011,66,4,5,5,455,Champions
16032,210,1965.72,9/9/2010,457,2,5,5,255,At Risk
17966,113,1963.92,11/2/2011,38,4,5,5,455,Champions
17997,164,1962.46,9/26/2011,75,4,5,5,455,Champions
12399,110,1962.3,8/12/2011,120,3,5,5,355,Loyal Customers
15789,138,1962.01,12/16/2010,359,3,5,5,355,Loyal Customers
16290,124,1957.7,9/1/2010,465,2,5,5,255,At Risk
17039,44,1954.99,4/14/2010,605,2,5,5,255,At Risk
18016,169,1954.56,11/7/2011,33,4,5,5,455,Champions
14794,104,1953.9,12/7/2011,3,5,5,5,555,Champions
17554,88,1952.45,12/8/2011,2,5,5,5,555,Champions
13761,122,1952.17,10/20/2011,51,4,5,5,455,Champions
15885,115,1951.82,9/8/2011,93,4,5,5,455,Champions
16993,28,1950.95,9/2/2010,464,2,5,5,255,At Risk
14014,76,1948.21,9/23/2011,78,4,5,5,455,Champions
15620,129,1942.36,10/14/2011,57,4,5,5,455,Champions
15425,143,1941.12,11/4/2010,401,2,5,5,255,At Risk
12385,65,1938.4,11/25/2010,380,3,5,5,355,Loyal Customers
16619,116,1938.33,3/21/2011,264,3,5,5,355,Loyal Customers
14418,124,1937.25,12/6/2011,4,5,5,5,555,Champions
15561,92,1934.39,11/28/2011,12,5,5,5,555,Champions
12528,92,1933.48,11/30/2011,10,5,5,5,555,Champions
12531,127,1933.2,11/25/2011,15,5,5,5,555,Champions
16859,110,1932.41,7/18/2011,145,3,5,5,355,Loyal Customers
15803,51,1929.66,10/19/2011,52,4,5,5,455,Champions
17236,158,1929.26,11/27/2011,13,5,5,5,555,Champions
16788,478,1928.93,8/8/2011,124,3,5,5,355,Loyal Customers
13029,17,1927.3,11/9/2011,31,4,2,5,425,New Customers
14492,92,1921.91,10/5/2010,431,2,5,5,255,At Risk
16681,49,1921.84,9/28/2011,73,4,5,5,455,Champions
18220,25,1921.76,4/27/2011,227,3,5,5,355,Loyal Customers
14901,134,1919,11/28/2011,12,5,5,5,555,Champions
12644,111,1918.49,8/2/2011,130,3,5,5,355,Loyal Customers
12842,48,1917.99,9/30/2011,71,4,5,5,455,Champions
14332,62,1917.41,11/17/2011,23,5,5,5,555,Champions
16650,98,1916.11,9/29/2011,72,4,5,5,455,Champions
16555,66,1915.68,11/4/2011,36,4,5,5,455,Champions
16692,5,1914.7,3/28/2011,257,3,2,5,325,Others
17046,85,1906.07,7/5/2011,158,3,5,5,355,Loyal Customers
16942,277,1904.99,11/27/2011,13,5,5,5,555,Champions
14250,111,1904.05,12/2/2011,8,5,5,5,555,Champions
14127,117,1900.08,8/9/2011,123,3,5,5,355,Loyal Customers
14710,432,1899.79,11/25/2011,15,5,5,5,555,Champions
12762,69,1898.52,12/2/2011,8,5,5,5,555,Champions
14389,87,1898.01,10/5/2011,66,4,5,5,455,Champions
14730,462,1897.57,12/8/2011,2,5,5,5,555,Champions
17560,55,1895.8,9/6/2011,95,4,5,5,455,Champions
14327,106,1894.93,6/29/2011,164,3,5,5,355,Loyal Customers
15248,106,1893.93,10/24/2010,412,2,5,5,255,At Risk
13984,88,1893.8,11/13/2011,27,4,5,5,455,Champions
17350,143,1893.701,12/1/2011,9,5,5,5,555,Champions
16631,80,1892.52,8/15/2010,482,2,5,5,255,At Risk
13276,239,1891.91,10/7/2011,64,4,5,5,455,Champions
15381,24,1890.57,5/10/2011,214,3,5,5,355,Loyal Customers
14912,63,1889.25,11/23/2011,17,5,5,5,555,Champions
17609,385,1887.9,10/30/2011,41,4,5,5,455,Champions
16172,113,1884.55,9/5/2011,96,4,5,5,455,Champions
14403,25,1880.51,8/1/2011,131,3,5,5,355,Loyal Customers
16660,24,1879.55,11/23/2011,17,5,5,5,555,Champions
18151,106,1879.44,7/28/2011,135,3,5,5,355,Loyal Customers
17227,114,1878.93,11/21/2011,19,5,5,5,555,Champions
15197,59,1877.51,11/29/2011,11,5,5,5,555,Champions
13946,56,1876.23,9/21/2011,80,4,5,5,455,Champions
16426,353,1863.76,12/7/2011,3,5,5,5,555,Champions
14887,6,1862,9/21/2011,80,4,2,5,425,New Customers
13503,189,1859.24,9/29/2011,72,4,5,5,455,Champions
14305,105,1858.96,9/29/2011,72,4,5,5,455,Champions
14130,220,1858.77,1/24/2011,320,3,5,5,355,Loyal Customers
16043,73,1856.59,11/2/2011,38,4,5,5,455,Champions
15081,101,1854.57,11/17/2011,23,5,5,5,555,Champions
16049,485,1852.15,10/30/2011,41,4,5,5,455,Champions
16917,50,1851.88,3/8/2011,277,3,5,5,355,Loyal Customers
12383,99,1850.56,6/8/2011,185,3,5,5,355,Loyal Customers
12381,87,1845.31,12/5/2011,5,5,5,5,555,Champions
12507,49,1844.06,7/28/2011,135,3,5,5,355,Loyal Customers
18180,119,1843.75,12/5/2011,5,5,5,5,555,Champions
12694,83,1843.35,9/30/2011,71,4,5,5,455,Champions
12950,23,1843,12/7/2011,3,5,5,5,555,Champions
15201,100,1842.95,9/13/2011,88,4,5,5,455,Champions
16102,57,1842.14,10/28/2011,43,4,5,5,455,Champions
14224,229,1841.71,8/21/2011,111,3,5,5,355,Loyal Customers
13168,173,1840.73,11/3/2011,37,4,5,5,455,Champions
17919,40,1840.32,9/12/2011,89,4,5,5,455,Champions
15822,65,1840.06,12/6/2011,4,5,5,5,555,Champions
14870,65,1838.95,3/23/2011,262,3,5,5,355,Loyal Customers
13924,117,1838.85,12/8/2011,2,5,5,5,555,Champions
17015,214,1838.61,11/11/2011,29,4,5,5,455,Champions
16175,98,1836.44,9/6/2011,95,4,5,5,455,Champions
15402,131,1830.54,7/14/2011,149,3,5,5,355,Loyal Customers
16152,29,1829.04,3/16/2011,269,3,5,5,355,Loyal Customers
16825,64,1826.89,11/1/2011,39,4,5,5,455,Champions
17244,120,1826.04,10/17/2011,54,4,5,5,455,Champions
14896,253,1826,5/19/2011,205,3,5,5,355,Loyal Customers
15678,92,1825.94,10/18/2011,53,4,5,5,455,Champions
14715,137,1825.45,11/15/2011,25,5,5,5,555,Champions
13884,182,1825.03,12/2/2011,8,5,5,5,555,Champions
17642,108,1824.49,8/12/2011,120,3,5,5,355,Loyal Customers
16169,85,1822.97,12/1/2011,9,5,5,5,555,Champions
14738,80,1821.9,10/28/2011,43,4,5,5,455,Champions
15339,220,1821.02,10/4/2011,67,4,5,5,455,Champions
16205,197,1820.11,11/9/2011,31,4,5,5,455,Champions
17828,67,1820.09,11/17/2011,23,5,5,5,555,Champions
14553,288,1818.6,11/20/2011,20,5,5,5,555,Champions
16233,73,1818.31,9/29/2011,72,4,5,5,455,Champions
17787,128,1817.54,7/10/2011,153,3,5,5,355,Loyal Customers
15807,88,1817.52,10/20/2011,51,4,5,5,455,Champions
12494,108,1815.27,11/24/2011,16,5,5,5,555,Champions
16880,183,1813.21,11/9/2011,31,4,5,5,455,Champions
14915,90,1811.25,9/9/2011,92,4,5,5,455,Champions
16474,337,1810.65,12/2/2011,8,5,5,5,555,Champions
14893,106,1809.61,11/30/2011,10,5,5,5,555,Champions
15530,142,1808.68,11/18/2011,22,5,5,5,555,Champions
17888,160,1807.44,11/18/2011,22,5,5,5,555,Champions
15133,49,1806.9,8/4/2011,128,3,5,5,355,Loyal Customers
13561,229,1803.4,5/8/2011,216,3,5,5,355,Loyal Customers
18161,93,1803.1,11/24/2011,16,5,5,5,555,Champions
14723,416,1803.06,11/29/2011,11,5,5,5,555,Champions
16797,398,1802.02,11/11/2010,394,2,5,5,255,At Risk
16249,69,1800.07,10/18/2011,53,4,5,5,455,Champions
18235,104,1796.48,9/29/2011,72,4,5,5,455,Champions
18236,98,1795.35,11/10/2011,30,4,5,5,455,Champions
17165,100,1794.32,2/28/2011,285,3,5,5,355,Loyal Customers
14708,41,1793.22,12/7/2011,3,5,5,5,555,Champions
18122,357,1793.06,12/1/2011,9,5,5,5,555,Champions
13711,92,1792.26,5/5/2011,219,3,5,5,355,Loyal Customers
13375,71,1792.23,9/12/2011,89,4,5,5,455,Champions
12369,93,1791.15,10/22/2010,414,2,5,5,255,At Risk
17603,106,1788.38,9/22/2011,79,4,5,5,455,Champions
13782,238,1786.08,11/27/2011,13,5,5,5,555,Champions
15608,105,1785.98,11/11/2011,29,4,5,5,455,Champions
16611,110,1785.13,6/6/2011,187,3,5,5,355,Loyal Customers
15452,199,1785.11,11/10/2011,30,4,5,5,455,Champions
15128,123,1783.68,10/10/2011,61,4,5,5,455,Champions
16110,430,1781.59,10/25/2011,46,4,5,5,455,Champions
18214,58,1780.34,6/27/2010,531,2,5,5,255,At Risk
15220,117,1778.96,10/19/2011,52,4,5,5,455,Champions
16770,339,1778.93,10/13/2011,58,4,5,5,455,Champions
16510,112,1777.5,12/2/2010,373,3,5,5,355,Loyal Customers
12458,84,1777.49,9/29/2011,72,4,5,5,455,Champions
12908,5,1776,6/16/2011,177,3,2,5,325,Others
12778,114,1775.68,11/20/2011,20,5,5,5,555,Champions
13920,86,1774.68,10/4/2010,432,2,5,5,255,At Risk
16124,82,1772.49,1/26/2011,318,3,5,5,355,Loyal Customers
15594,103,1771.78,11/24/2011,16,5,5,5,555,Champions
14850,195,1770.96,2/1/2011,312,3,5,5,355,Loyal Customers
14933,4,1770,9/22/2010,444,2,2,5,225,Lost
15972,139,1769.33,9/9/2010,457,2,5,5,255,At Risk
15736,100,1767.12,9/30/2010,436,2,5,5,255,At Risk
13456,63,1766.72,11/22/2011,18,5,5,5,555,Champions
16751,25,1764.72,11/9/2011,31,4,5,5,455,Champions
13648,106,1764.02,11/4/2010,401,2,5,5,255,At Risk
13717,124,1763.3,11/7/2011,33,4,5,5,455,Champions
12784,129,1763.15,11/30/2011,10,5,5,5,555,Champions
15777,39,1762.61,4/12/2011,242,3,5,5,355,Loyal Customers
16511,304,1760.49,11/18/2011,22,5,5,5,555,Champions
16620,94,1758.93,12/6/2011,4,5,5,5,555,Champions
16266,109,1757.95,9/27/2011,74,4,5,5,455,Champions
16595,452,1757.75,10/9/2011,62,4,5,5,455,Champions
12809,81,1755.94,6/15/2011,178,3,5,5,355,Loyal Customers
14704,455,1752.92,11/28/2011,12,5,5,5,555,Champions
14522,45,1748.42,11/15/2011,25,5,5,5,555,Champions
16639,81,1747.98,11/8/2011,32,4,5,5,455,Champions
13808,76,1747.66,12/4/2011,6,5,5,5,555,Champions
17695,61,1746.04,7/31/2011,132,3,5,5,355,Loyal Customers
16348,253,1744.42,11/7/2011,33,4,5,5,455,Champions
16380,31,1743.15,10/9/2011,62,4,5,5,455,Champions
15605,99,1741.95,11/3/2011,37,4,5,5,455,Champions
12425,91,1741.41,9/22/2011,79,4,5,5,455,Champions
16087,10,1739.92,11/15/2010,390,2,2,5,225,Lost
17974,361,1739.09,11/15/2011,25,5,5,5,555,Champions
14584,218,1738.16,6/23/2011,170,3,5,5,355,Loyal Customers
14075,81,1734.87,12/5/2011,5,5,5,5,555,Champions
17268,30,1733.89,8/24/2011,108,3,5,5,355,Loyal Customers
13026,82,1733.08,12/8/2011,2,5,5,5,555,Champions
14400,73,1732.47,7/13/2011,150,3,5,5,355,Loyal Customers
17432,274,1728.99,11/21/2011,19,5,5,5,555,Champions
16891,418,1727.94,12/8/2011,2,5,5,5,555,Champions
14387,139,1727.6,11/7/2011,33,4,5,5,455,Champions
16809,259,1727.43,11/16/2011,24,5,5,5,555,Champions
15730,111,1726.58,10/5/2011,66,4,5,5,455,Champions
17190,190,1726.57,10/12/2011,59,4,5,5,455,Champions
14304,88,1725.01,5/1/2011,223,3,5,5,355,Loyal Customers
13363,102,1723.86,11/22/2011,18,5,5,5,555,Champions
16374,346,1723.4,10/4/2011,67,4,5,5,455,Champions
17135,143,1722.18,11/23/2011,17,5,5,5,555,Champions
17451,100,1721.4,12/8/2011,2,5,5,5,555,Champions
16119,54,1720.81,12/1/2011,9,5,5,5,555,Champions
15267,11,1717.36,11/17/2011,23,5,2,5,525,New Customers
13705,74,1717.19,12/2/2011,8,5,5,5,555,Champions
14021,90,1716.58,7/7/2011,156,3,5,5,355,Loyal Customers
17162,104,1715.46,11/11/2011,29,4,5,5,455,Champions
14692,159,1715.14,7/25/2011,138,3,5,5,355,Loyal Customers
14741,76,1713.09,11/28/2011,12,5,5,5,555,Champions
18239,96,1712.26,5/5/2011,219,3,5,5,355,Loyal Customers
14447,106,1711.73,11/21/2011,19,5,5,5,555,Champions
13665,106,1711.66,11/18/2010,387,2,5,5,255,At Risk
17750,184,1710.45,12/4/2011,6,5,5,5,555,Champions
12405,54,1710.39,7/14/2011,149,3,5,5,355,Loyal Customers
13104,30,1709.1,12/6/2011,4,5,5,5,555,Champions
17731,99,1708.99,9/21/2011,80,4,5,5,455,Champions
15607,109,1708.97,1/7/2011,337,3,5,5,355,Loyal Customers
15947,29,1708.24,9/18/2011,83,4,5,5,455,Champions
12407,77,1708.12,10/21/2011,50,4,5,5,455,Champions
16902,44,1706.88,8/15/2011,117,3,5,5,355,Loyal Customers
13309,130,1706.37,12/2/2011,8,5,5,5,555,Champions
16398,82,1705.8,7/8/2011,155,3,5,5,355,Loyal Customers
14859,66,1705.64,11/27/2011,13,5,5,5,555,Champions
12693,79,1703.02,8/4/2011,128,3,5,5,355,Loyal Customers
15326,129,1700.52,1/10/2011,334,3,5,5,355,Loyal Customers
15911,258,1700.24,3/26/2010,624,2,5,5,255,At Risk
16768,161,1698.57,10/23/2011,48,4,5,5,455,Champions
12932,95,1698.56,6/18/2010,540,2,5,5,255,At Risk
17813,348,1698.07,11/25/2011,15,5,5,5,555,Champions
17694,81,1695.97,7/21/2011,142,3,5,5,355,Loyal Customers
16899,173,1695.77,12/2/2011,8,5,5,5,555,Champions
16010,289,1694.86,4/8/2011,246,3,5,5,355,Loyal Customers
15976,378,1694.41,6/27/2011,166,3,5,5,355,Loyal Customers
12764,45,1693.88,1/27/2011,317,3,5,5,355,Loyal Customers
14245,108,1693.45,5/4/2011,220,3,5,5,355,Loyal Customers
16671,6,1692.27,11/11/2011,29,4,2,5,425,New Customers
13838,403,1690.07,12/4/2011,6,5,5,5,555,Champions
13294,102,1689.53,6/3/2011,190,3,5,5,355,Loyal Customers
13566,366,1688.6,10/30/2011,41,4,5,5,455,Champions
16725,348,1688.26,2/10/2011,303,3,5,5,355,Loyal Customers
12813,45,1687.8,7/26/2010,502,2,5,5,255,At Risk
12775,81,1686.12,11/22/2011,18,5,5,5,555,Champions
13516,61,1685.26,11/18/2011,22,5,5,5,555,Champions
14643,62,1679.89,6/22/2011,171,3,5,5,355,Loyal Customers
15551,143,1679.81,11/3/2011,37,4,5,5,455,Champions
13800,73,1679.56,2/3/2011,310,3,5,5,355,Loyal Customers
12870,93,1676.95,11/29/2010,376,3,5,5,355,Loyal Customers
14831,82,1676.57,1/28/2010,681,2,5,5,255,At Risk
13149,86,1676.06,11/25/2011,15,5,5,5,555,Champions
17656,82,1674.69,9/27/2011,74,4,5,5,455,Champions
13587,30,1673.5,10/7/2011,64,4,5,5,455,Champions
13308,71,1670.37,11/17/2011,23,5,5,5,555,Champions
13417,77,1669.49,12/5/2011,5,5,5,5,555,Champions
13184,179,1668.95,11/25/2011,15,5,5,5,555,Champions
17534,92,1668.83,10/17/2011,54,4,5,5,455,Champions
13434,35,1666.86,9/26/2011,75,4,5,5,455,Champions
13064,93,1666.84,11/27/2011,13,5,5,5,555,Champions
15192,91,1666.39,8/12/2011,120,3,5,5,355,Loyal Customers
17321,271,1665.21,12/1/2011,9,5,5,5,555,Champions
16329,104,1664.92,10/8/2010,428,2,5,5,255,At Risk
12912,24,1662.3,12/7/2011,3,5,5,5,555,Champions
15214,110,1661.44,12/8/2011,2,5,5,5,555,Champions
15649,11,1660.35,1/7/2011,337,3,2,5,325,Others
14583,464,1660.29,12/4/2011,6,5,5,5,555,Champions
18096,391,1657.87,11/28/2011,12,5,5,5,555,Champions
18276,94,1656.52,10/27/2011,44,4,5,5,455,Champions
17041,126,1655.2,11/13/2011,27,4,5,5,455,Champions
16625,99,1654.03,3/10/2011,275,3,5,5,355,Loyal Customers
16813,426,1652.18,12/1/2011,9,5,5,5,555,Champions
12911,236,1651.72,6/6/2010,552,2,5,5,255,At Risk
16634,83,1649.81,5/1/2011,223,3,5,5,355,Loyal Customers
12657,47,1643.18,11/28/2011,12,5,5,5,555,Champions
14420,93,1639.17,9/1/2011,100,3,5,5,355,Loyal Customers
12933,289,1636.63,11/15/2011,25,5,5,5,555,Champions
12398,85,1635.66,10/25/2011,46,4,5,5,455,Champions
17006,129,1635.27,12/5/2011,5,5,5,5,555,Champions
15310,45,1634.64,8/18/2010,479,2,5,5,255,At Risk
18062,54,1632.67,6/19/2011,174,3,5,5,355,Loyal Customers
14164,29,1631.77,9/30/2011,71,4,5,5,455,Champions
18136,88,1631.36,10/7/2011,64,4,5,5,455,Champions
17571,325,1630.91,10/20/2011,51,4,5,5,455,Champions
14904,141,1630.49,12/7/2011,3,5,5,5,555,Champions
16256,29,1629.37,3/18/2011,267,3,5,5,355,Loyal Customers
13554,196,1629.35,11/24/2010,381,2,5,5,255,At Risk
15167,304,1627.62,1/23/2011,321,3,5,5,355,Loyal Customers
14759,102,1625.97,12/5/2011,5,5,5,5,555,Champions
13154,93,1624.84,11/5/2010,400,2,5,5,255,At Risk
15172,110,1624.05,12/1/2011,9,5,5,5,555,Champions
14937,34,1621.88,10/14/2011,57,4,5,5,455,Champions
12379,81,1620.22,9/19/2011,82,4,5,5,455,Champions
15422,120,1619.97,1/20/2011,324,3,5,5,355,Loyal Customers
12577,298,1617.1,11/4/2011,36,4,5,5,455,Champions
16224,116,1616.54,10/13/2011,58,4,5,5,455,Champions
14336,90,1614.91,11/23/2011,17,5,5,5,555,Champions
15013,340,1610.82,8/9/2010,488,2,5,5,255,At Risk
16860,43,1610.62,9/13/2010,453,2,5,5,255,At Risk
13900,95,1610.59,6/9/2011,184,3,5,5,355,Loyal Customers
17814,143,1609.37,11/29/2010,376,3,5,5,355,Loyal Customers
12847,119,1609,11/17/2011,23,5,5,5,555,Champions
13249,35,1608.93,9/8/2011,93,4,5,5,455,Champions
14920,97,1607.17,5/11/2011,213,3,5,5,355,Loyal Customers
12947,97,1603.99,7/19/2011,144,3,5,5,355,Loyal Customers
17515,179,1602.51,11/8/2011,32,4,5,5,455,Champions
15325,224,1601.46,8/28/2011,104,3,5,5,355,Loyal Customers
14178,318,1600.26,12/1/2011,9,5,5,5,555,Champions
14885,31,1598.12,7/31/2011,132,3,5,5,355,Loyal Customers
12514,84,1597.76,3/17/2011,268,3,5,5,355,Loyal Customers
17853,105,1596.29,10/28/2010,408,2,5,5,255,At Risk
15134,85,1596.29,11/25/2011,15,5,5,5,555,Champions
13850,93,1595.48,8/2/2011,130,3,5,5,355,Loyal Customers
13239,93,1594.69,3/23/2011,262,3,5,5,355,Loyal Customers
16801,75,1594.23,6/29/2011,164,3,5,5,355,Loyal Customers
17028,95,1593.83,5/7/2010,582,2,5,5,255,At Risk
15289,97,1593.09,11/10/2011,30,4,5,5,455,Champions
17540,64,1590.6,11/15/2011,25,5,5,5,555,Champions
16092,90,1587.94,8/17/2011,115,3,5,5,355,Loyal Customers
17345,209,1586.63,11/24/2011,16,5,5,5,555,Champions
13156,104,1586.54,11/19/2010,386,2,5,5,255,At Risk
16096,66,1584.97,3/20/2011,265,3,5,5,355,Loyal Customers
13740,94,1582.77,4/13/2011,241,3,5,5,355,Loyal Customers
17867,130,1582.05,11/9/2011,31,4,5,5,455,Champions
14719,235,1581.84,12/8/2011,2,5,5,5,555,Champions
15279,94,1580.54,12/20/2010,355,3,5,5,355,Loyal Customers
13202,69,1580.3,11/10/2010,395,2,5,5,255,At Risk
14587,371,1580.29,11/21/2011,19,5,5,5,555,Champions
13752,94,1579.83,8/7/2011,125,3,5,5,355,Loyal Customers
17222,112,1579.51,10/5/2011,66,4,5,5,455,Champions
12607,101,1579.51,10/10/2011,61,4,5,5,455,Champions
17649,98,1578.89,7/24/2011,139,3,5,5,355,Loyal Customers
13186,79,1575.89,10/31/2011,40,4,5,5,455,Champions
12549,49,1575.68,5/13/2010,576,2,5,5,255,At Risk
13337,87,1575.26,6/11/2010,547,2,5,5,255,At Risk
14489,100,1574.93,5/16/2011,208,3,5,5,355,Loyal Customers
16099,69,1573.2,10/20/2011,51,4,5,5,455,Champions
17886,166,1572.55,11/8/2011,32,4,5,5,455,Champions
14136,106,1570.81,11/4/2010,401,2,5,5,255,At Risk
14198,91,1569.73,11/21/2011,19,5,5,5,555,Champions
13539,86,1569.36,9/15/2011,86,4,5,5,455,Champions
17624,97,1568.63,11/25/2011,15,5,5,5,555,Champions
16774,131,1567.48,10/3/2011,68,4,5,5,455,Champions
17235,89,1562.98,11/14/2011,26,5,5,5,555,Champions
13939,110,1560.96,11/16/2011,24,5,5,5,555,Champions
15466,262,1560.46,9/15/2011,86,4,5,5,455,Champions
12629,45,1558.22,11/19/2010,386,2,5,5,255,At Risk
14236,47,1555.34,9/20/2011,81,4,5,5,455,Champions
16394,83,1555.34,10/14/2011,57,4,5,5,455,Champions
15149,69,1554.61,7/29/2011,134,3,5,5,355,Loyal Customers
18149,91,1553.96,10/20/2011,51,4,5,5,455,Champions
13360,66,1553.65,10/4/2010,432,2,5,5,255,At Risk
14078,148,1553.47,8/30/2011,102,3,5,5,355,Loyal Customers
15074,72,1553.13,8/26/2011,106,3,5,5,355,Loyal Customers
13377,78,1552.88,11/8/2010,397,2,5,5,255,At Risk
17851,232,1552.35,10/13/2010,423,2,5,5,255,At Risk
17323,331,1551.04,11/24/2011,16,5,5,5,555,Champions
14987,15,1550.65,11/24/2011,16,5,2,5,525,New Customers
14186,104,1550.63,10/8/2010,428,2,5,5,255,At Risk
16366,78,1548.13,11/21/2011,19,5,5,5,555,Champions
17454,126,1547.94,5/31/2011,193,3,5,5,355,Loyal Customers
14754,136,1547.93,10/26/2011,45,4,5,5,455,Champions
16461,252,1545.83,6/15/2011,178,3,5,5,355,Loyal Customers
16790,93,1545.62,12/6/2011,4,5,5,5,555,Champions
16017,130,1545.58,10/23/2011,48,4,5,5,455,Champions
18036,326,1545.49,11/7/2011,33,4,5,5,455,Champions
15732,99,1543.97,5/11/2011,213,3,5,5,355,Loyal Customers
16915,74,1543.18,11/30/2011,10,5,5,5,555,Champions
13783,10,1542.09,8/9/2010,488,2,2,5,225,Lost
12818,14,1542.08,3/23/2011,262,3,2,5,325,Others
17837,162,1541.23,10/28/2011,43,4,5,5,455,Champions
13310,95,1541.2,11/11/2011,29,4,5,5,455,Champions
15987,169,1535.99,11/27/2011,13,5,5,5,555,Champions
15798,83,1535.37,8/4/2010,493,2,5,5,255,At Risk
14695,82,1534.22,7/8/2010,520,2,5,5,255,At Risk
18252,134,1533.69,10/20/2011,51,4,5,5,455,Champions
16491,87,1533.16,10/24/2011,47,4,5,5,455,Champions
14567,33,1530.36,10/14/2011,57,4,5,5,455,Champions
15701,230,1529,12/7/2011,3,5,5,5,555,Champions
17990,57,1527.61,4/17/2011,237,3,5,5,355,Loyal Customers
12926,262,1523.97,10/24/2010,412,2,5,5,255,At Risk
16244,91,1522.75,5/12/2011,212,3,5,5,355,Loyal Customers
15587,14,1522.08,10/20/2011,51,4,2,5,425,New Customers
16066,101,1521.04,11/23/2011,17,5,5,5,555,Champions
14055,33,1520.96,8/25/2011,107,3,5,5,355,Loyal Customers
14264,79,1517.36,7/8/2011,155,3,5,5,355,Loyal Customers
14068,108,1516.72,1/23/2011,321,3,5,5,355,Loyal Customers
14267,55,1516.24,6/30/2011,163,3,5,5,355,Loyal Customers
13791,11,1516,8/4/2011,128,3,2,5,325,Others
14220,38,1515,4/6/2011,248,3,5,5,355,Loyal Customers
14682,86,1514.81,6/5/2011,188,3,5,5,355,Loyal Customers
17764,149,1513.57,10/20/2011,51,4,5,5,455,Champions
17610,154,1511.94,6/17/2010,541,2,5,5,255,At Risk
17977,104,1511.45,11/10/2011,30,4,5,5,455,Champions
16037,71,1509.34,3/15/2011,270,3,5,5,355,Loyal Customers
15948,95,1509.09,12/1/2011,9,5,5,5,555,Champions
16910,545,1508.96,12/5/2011,5,5,5,5,555,Champions
13158,100,1508.18,9/6/2011,95,4,5,5,455,Champions
15261,92,1508,7/27/2011,136,3,5,5,355,Loyal Customers
17179,158,1507.26,6/14/2011,179,3,5,5,355,Loyal Customers
18022,425,1507.25,11/4/2011,36,4,5,5,455,Champions
15110,53,1505.85,11/16/2011,24,5,5,5,555,Champions
16450,43,1505.73,7/13/2011,150,3,5,5,355,Loyal Customers
14802,2,1502.98,9/27/2010,439,2,2,5,225,Lost
13810,35,1499.01,11/11/2011,29,4,5,5,455,Champions
16714,110,1497.33,5/5/2011,219,3,5,5,355,Loyal Customers
15590,87,1496.6,11/22/2010,383,2,5,5,255,At Risk
16340,357,1496.24,8/24/2011,108,3,5,5,355,Loyal Customers
15173,86,1494.6,11/24/2010,381,2,5,5,255,At Risk
14894,46,1492.81,9/15/2011,86,4,5,5,455,Champions
16239,35,1492.2,10/14/2011,57,4,5,5,455,Champions
16314,62,1491.4,11/15/2010,390,2,5,5,255,At Risk
18268,67,1490.23,7/28/2011,135,3,5,5,355,Loyal Customers
13042,184,1488.59,4/20/2010,599,2,5,5,255,At Risk
17290,196,1487.96,12/6/2011,4,5,5,5,555,Champions
14609,13,1486.2,9/28/2011,73,4,2,5,425,New Customers
16654,74,1484.07,7/21/2011,142,3,5,5,355,Loyal Customers
15630,80,1481.4,10/25/2011,46,4,5,5,455,Champions
15101,58,1477.94,12/1/2011,9,5,5,5,555,Champions
13240,201,1475.79,9/4/2011,97,3,5,5,355,Loyal Customers
14246,75,1474.06,8/21/2011,111,3,5,5,355,Loyal Customers
16907,209,1470.89,11/10/2011,30,4,5,5,455,Champions
17590,196,1468.02,12/7/2011,3,5,5,5,555,Champions
13500,85,1466.3,11/16/2011,24,5,5,5,555,Champions
16419,90,1463.7,8/19/2011,113,3,5,5,355,Loyal Customers
12882,13,1463.04,11/30/2011,10,5,2,5,525,New Customers
16586,28,1462.78,4/5/2011,249,3,5,5,355,Loyal Customers
18196,277,1457.19,9/5/2011,96,4,5,5,455,Champions
16835,82,1456.66,8/3/2011,129,3,5,5,355,Loyal Customers
14829,91,1455.87,11/10/2011,30,4,5,5,455,Champions
15071,54,1455.56,9/7/2011,94,4,5,5,455,Champions
16569,35,1455.23,12/6/2011,4,5,5,5,555,Champions
13649,108,1453.68,3/28/2011,257,3,5,5,355,Loyal Customers
12970,345,1453.6,12/2/2011,8,5,5,5,555,Champions
17259,230,1452.39,7/14/2011,149,3,5,5,355,Loyal Customers
13165,49,1451.16,10/24/2011,47,4,5,5,455,Champions
13361,34,1450.5,8/24/2010,473,2,5,5,255,At Risk
14657,209,1450.19,11/22/2011,18,5,5,5,555,Champions
16121,344,1450.04,10/13/2011,58,4,5,5,455,Champions
15876,11,1449.14,10/26/2010,410,2,2,5,225,Lost
13023,76,1449.03,10/6/2011,65,4,5,5,455,Champions
15076,80,1447.74,6/20/2011,173,3,5,5,355,Loyal Customers
17582,122,1446.95,4/17/2011,237,3,5,5,355,Loyal Customers
17073,174,1446.09,11/22/2011,18,5,5,5,555,Champions
13583,96,1445.031,7/7/2011,156,3,5,5,355,Loyal Customers
15636,57,1444.58,9/11/2011,90,4,5,5,455,Champions
17175,63,1443.69,10/26/2011,45,4,5,5,455,Champions
17734,86,1442.32,10/17/2011,54,4,5,5,455,Champions
18106,191,1441.06,1/14/2011,330,3,5,5,355,Loyal Customers
18066,53,1440.4,9/25/2011,76,4,5,5,455,Champions
13543,47,1439.61,3/15/2010,635,2,5,5,255,At Risk
14071,323,1437.57,12/6/2011,4,5,5,5,555,Champions
16088,6,1437.43,5/13/2010,576,2,2,5,225,Lost
13278,108,1435.85,10/30/2011,41,4,5,5,455,Champions
12805,58,1434.95,11/23/2010,382,2,5,5,255,At Risk
16140,64,1433.46,10/5/2011,66,4,5,5,455,Champions
12389,49,1433.33,11/2/2010,403,2,5,5,255,At Risk
17941,7,1433.28,8/1/2011,131,3,2,5,325,Others
13531,75,1433.07,5/18/2011,206,3,5,5,355,Loyal Customers
13475,86,1431.78,6/1/2011,192,3,5,5,355,Loyal Customers
15427,292,1430.54,11/6/2011,34,4,5,5,455,Champions
15468,80,1430.48,10/19/2011,52,4,5,5,455,Champions
14684,486,1430.03,11/14/2011,26,5,5,5,555,Champions
13159,120,1429.35,12/1/2011,9,5,5,5,555,Champions
15889,301,1427.6,7/6/2011,157,3,5,5,355,Loyal Customers
14412,84,1426.19,10/28/2011,43,4,5,5,455,Champions
17411,75,1425.38,11/27/2011,13,5,5,5,555,Champions
18221,84,1424.94,11/17/2011,23,5,5,5,555,Champions
16980,106,1422.83,3/29/2011,256,3,5,5,355,Loyal Customers
17438,71,1422.77,3/31/2011,254,3,5,5,355,Loyal Customers
15106,100,1422.52,11/22/2011,18,5,5,5,555,Champions
16463,82,1422.4,11/18/2011,22,5,5,5,555,Champions
14019,66,1421.61,10/24/2011,47,4,5,5,455,Champions
15799,154,1421.34,9/25/2011,76,4,5,5,455,Champions
16173,84,1418.32,11/24/2011,16,5,5,5,555,Champions
17856,15,1418.03,12/8/2011,2,5,2,5,525,New Customers
15223,34,1417.95,4/28/2011,226,3,5,5,355,Loyal Customers
16245,90,1413.66,11/16/2011,24,5,5,5,555,Champions
17496,72,1412.89,12/16/2010,359,3,5,5,355,Loyal Customers
15237,99,1412.32,12/8/2011,2,5,5,5,555,Champions
16848,85,1411.62,10/18/2011,53,4,5,5,455,Champions
15444,214,1411.21,11/30/2011,10,5,5,5,555,Champions
16906,213,1410.92,9/19/2011,82,4,5,5,455,Champions
17714,81,1410.18,1/23/2011,321,3,5,5,355,Loyal Customers
17545,260,1409.86,10/27/2011,44,4,5,5,455,Champions
16854,75,1408.96,10/18/2010,418,2,5,5,255,At Risk
13049,26,1408.24,10/6/2011,65,4,5,5,455,Champions
12695,59,1407.12,12/2/2011,8,5,5,5,555,Champions
15652,102,1405.94,9/9/2011,92,4,5,5,455,Champions
14909,80,1404.68,9/28/2010,438,2,5,5,255,At Risk
12765,68,1404.58,8/24/2010,473,2,5,5,255,At Risk
18189,86,1403.73,9/23/2011,78,4,5,5,455,Champions
15186,52,1403.2,11/25/2011,15,5,5,5,555,Champions
13259,313,1402.54,10/9/2011,62,4,5,5,455,Champions
14687,40,1402.06,8/25/2011,107,3,5,5,355,Loyal Customers
18202,68,1396.99,5/24/2011,200,3,5,5,355,Loyal Customers
16129,96,1396.05,10/28/2010,408,2,5,5,255,At Risk
15322,83,1390.86,9/15/2011,86,4,5,5,455,Champions
15141,80,1388.47,9/8/2010,458,2,5,5,255,At Risk
12952,79,1387.79,12/4/2011,6,5,5,5,555,Champions
13382,86,1387.58,3/4/2011,281,3,5,5,355,Loyal Customers
15996,173,1386.4,9/12/2011,89,4,5,5,455,Champions
16167,63,1386.12,10/21/2010,415,2,5,5,255,At Risk
18167,37,1384.86,11/16/2011,24,5,5,5,555,Champions
13572,33,1384.25,5/18/2011,206,3,5,5,355,Loyal Customers
14116,72,1382.74,11/20/2011,20,5,5,5,555,Champions
16389,34,1382.07,10/17/2011,54,4,5,5,455,Champions
14861,86,1380.73,10/18/2011,53,4,5,5,455,Champions
15751,130,1380.44,9/5/2010,461,2,5,5,255,At Risk
13821,204,1379.08,7/18/2011,145,3,5,5,355,Loyal Customers
17878,82,1378.93,10/27/2011,44,4,5,5,455,Champions
13074,29,1378.74,7/16/2010,512,2,5,5,255,At Risk
12886,82,1378.4,10/3/2011,68,4,5,5,455,Champions
16727,205,1377.77,12/10/2010,365,3,5,5,355,Loyal Customers
14853,31,1376.87,11/15/2011,25,5,5,5,555,Champions
14662,238,1376.43,11/11/2011,29,4,5,5,455,Champions
15580,225,1375.39,11/28/2010,377,3,5,5,355,Loyal Customers
13579,81,1374.34,11/25/2011,15,5,5,5,555,Champions
14265,79,1373.35,8/22/2011,110,3,5,5,355,Loyal Customers
14434,12,1372.8,11/18/2011,22,5,2,5,525,New Customers
15453,279,1371.77,12/8/2011,2,5,5,5,555,Champions
14538,52,1370.84,10/6/2011,65,4,5,5,455,Champions
13155,112,1370.48,11/6/2011,34,4,5,5,455,Champions
14316,31,1370.34,10/13/2010,423,2,5,5,255,At Risk
12533,72,1367.89,3/22/2010,628,2,5,5,255,At Risk
16300,238,1367.32,10/5/2010,431,2,5,5,255,At Risk
13035,42,1364.2,9/27/2011,74,4,5,5,455,Champions
14577,182,1364.15,11/27/2011,13,5,5,5,555,Champions
14114,74,1364.09,3/11/2011,274,3,5,5,355,Loyal Customers
13760,119,1363.64,10/16/2011,55,4,5,5,455,Champions
16588,71,1361.28,11/18/2010,387,2,5,5,255,At Risk
13396,43,1360.99,11/10/2011,30,4,5,5,455,Champions
13919,77,1360.68,10/11/2011,60,4,5,5,455,Champions
16384,81,1358.95,9/11/2011,90,4,5,5,455,Champions
17150,92,1357.95,11/28/2010,377,3,5,5,355,Loyal Customers
17429,95,1357.46,8/3/2011,129,3,5,5,355,Loyal Customers
12875,8,1356.99,7/19/2011,144,3,2,5,325,Others
17054,83,1356.33,11/11/2011,29,4,5,5,455,Champions
15116,45,1352.75,11/22/2011,18,5,5,5,555,Champions
16079,21,1352,11/23/2011,17,5,5,5,555,Champions
16367,223,1350.48,11/2/2011,38,4,5,5,455,Champions
17025,37,1349.67,10/10/2011,61,4,5,5,455,Champions
14847,62,1348.95,7/14/2011,149,3,5,5,355,Loyal Customers
15411,98,1348.93,11/13/2011,27,4,5,5,455,Champions
16669,156,1348.88,11/16/2011,24,5,5,5,555,Champions
12646,45,1346.97,12/5/2011,5,5,5,5,555,Champions
14320,81,1346.75,5/17/2011,207,3,5,5,355,Loyal Customers
13639,59,1346.27,9/26/2011,75,4,5,5,455,Champions
15398,73,1345.53,11/23/2011,17,5,5,5,555,Champions
12426,77,1345.21,5/29/2011,195,3,5,5,355,Loyal Customers
14550,97,1345.06,11/29/2011,11,5,5,5,555,Champions
12463,83,1344.78,10/17/2011,54,4,5,5,455,Champions
15154,173,1343.72,9/25/2011,76,4,5,5,455,Champions
14618,51,1342.32,11/30/2011,10,5,5,5,555,Champions
18085,62,1341.85,1/13/2011,331,3,5,5,355,Loyal Customers
13743,41,1341.6,12/7/2011,3,5,5,5,555,Champions
17499,71,1341.39,2/23/2011,290,3,5,5,355,Loyal Customers
17951,28,1340.58,10/31/2011,40,4,5,5,455,Champions
12620,92,1339.41,11/25/2011,15,5,5,5,555,Champions
12711,60,1339.05,4/7/2010,612,2,5,5,255,At Risk
12591,68,1338.95,1/26/2011,318,3,5,5,355,Loyal Customers
13803,78,1338.91,3/29/2011,256,3,5,5,355,Loyal Customers
13506,81,1338.08,1/27/2011,317,3,5,5,355,Loyal Customers
13220,53,1336.09,9/22/2011,79,4,5,5,455,Champions
12919,50,1335.19,12/1/2011,9,5,5,5,555,Champions
17033,40,1332.79,9/14/2011,87,4,5,5,455,Champions
17932,90,1331.57,11/10/2011,30,4,5,5,455,Champions
14899,129,1331.38,11/9/2010,396,2,5,5,255,At Risk
16295,79,1328.55,11/30/2011,10,5,5,5,555,Champions
13232,202,1328.35,11/27/2011,13,5,5,5,555,Champions
14712,32,1328.07,11/10/2011,30,4,5,5,455,Champions
15146,91,1327.16,6/28/2011,165,3,5,5,355,Loyal Customers
14956,4,1325,10/14/2010,422,2,2,5,225,Lost
12960,70,1322.07,10/22/2010,414,2,5,5,255,At Risk
14591,176,1320.21,11/24/2011,16,5,5,5,555,Champions
12526,71,1316.66,12/9/2011,1,5,5,5,555,Champions
14921,78,1316.07,11/9/2011,31,4,5,5,455,Champions
14511,68,1314.81,11/28/2011,12,5,5,5,555,Champions
14973,32,1314.45,8/24/2011,108,3,5,5,355,Loyal Customers
16296,74,1313.67,3/23/2010,627,2,5,5,255,At Risk
13282,51,1313.19,11/21/2011,19,5,5,5,555,Champions
12364,85,1313.1,12/2/2011,8,5,5,5,555,Champions
12639,64,1312.37,4/15/2011,239,3,5,5,355,Loyal Customers
16756,79,1312.37,5/9/2011,215,3,5,5,355,Loyal Customers
12987,66,1312.21,9/27/2011,74,4,5,5,455,Champions
17027,178,1310.63,9/22/2011,79,4,5,5,455,Champions
13855,73,1310.34,7/27/2010,501,2,5,5,255,At Risk
12717,71,1308.91,7/11/2011,152,3,5,5,355,Loyal Customers
13328,17,1308.48,1/27/2011,317,3,2,5,325,Others
16377,10,1308.48,3/17/2011,268,3,2,5,325,Others
13846,81,1307.79,11/15/2011,25,5,5,5,555,Champions
16282,33,1307.58,1/4/2011,340,3,5,5,355,Loyal Customers
16894,187,1306.96,7/25/2010,503,2,5,5,255,At Risk
15677,72,1305.63,10/21/2011,50,4,5,5,455,Champions
14297,62,1305.33,11/22/2011,18,5,5,5,555,Champions
15813,40,1303.91,5/16/2011,208,3,5,5,355,Loyal Customers
15400,27,1302.3,9/8/2011,93,4,5,5,455,Champions
16370,221,1301.91,9/18/2011,83,4,5,5,455,Champions
16574,86,1301.78,9/29/2011,72,4,5,5,455,Champions
15108,60,1300.25,7/21/2011,142,3,5,5,355,Loyal Customers
14284,67,1299.65,11/9/2011,31,4,5,5,455,Champions
14480,65,1299.52,11/28/2011,12,5,5,5,555,Champions
16943,35,1299.49,5/12/2011,212,3,5,5,355,Loyal Customers
16464,230,1298.66,11/20/2011,20,5,5,5,555,Champions
12488,55,1298.66,11/30/2011,10,5,5,5,555,Champions
12372,52,1298.04,9/29/2011,72,4,5,5,455,Champions
18286,67,1296.43,8/20/2010,477,2,5,5,255,At Risk
16929,77,1295.39,12/6/2011,4,5,5,5,555,Champions
13440,59,1295.25,10/12/2010,424,2,5,5,255,At Risk
16212,78,1293.71,11/20/2011,20,5,5,5,555,Champions
15621,16,1293.03,12/5/2011,5,5,2,5,525,New Customers
16777,142,1292.18,9/20/2011,81,4,5,5,455,Champions
15471,155,1292.01,12/7/2011,3,5,5,5,555,Champions
16744,236,1291.91,11/28/2011,12,5,5,5,555,Champions
17109,139,1291.71,11/10/2011,30,4,5,5,455,Champions
14619,60,1291.24,4/8/2011,246,3,5,5,355,Loyal Customers
14856,65,1290.53,11/3/2011,37,4,5,5,455,Champions
16372,315,1290.31,11/6/2011,34,4,5,5,455,Champions
15171,5,1289.5,1/12/2011,332,3,2,5,325,Others
14679,63,1289.44,11/23/2010,382,2,5,5,255,At Risk
15774,110,1288.34,10/2/2011,69,4,5,5,455,Champions
15136,68,1286.7,12/7/2011,3,5,5,5,555,Champions
16608,121,1286.62,9/12/2010,454,2,5,5,255,At Risk
16949,60,1286.27,12/6/2011,4,5,5,5,555,Champions
13300,55,1285.51,6/23/2011,170,3,5,5,355,Loyal Customers
13617,107,1278.75,10/30/2011,41,4,5,5,455,Champions
17521,78,1278.06,11/10/2011,30,4,5,5,455,Champions
16951,86,1277.75,7/28/2011,135,3,5,5,355,Loyal Customers
14478,68,1276.66,11/22/2010,383,2,5,5,255,At Risk
17034,58,1276.42,11/23/2011,17,5,5,5,555,Champions
13916,74,1275.81,9/2/2010,464,2,5,5,255,At Risk
17142,89,1275.25,4/14/2011,240,3,5,5,355,Loyal Customers
14820,64,1274.76,11/18/2011,22,5,5,5,555,Champions
15809,58,1274.44,11/3/2011,37,4,5,5,455,Champions
14167,115,1274.29,10/31/2011,40,4,5,5,455,Champions
13138,85,1274.01,11/17/2011,23,5,5,5,555,Champions
14490,80,1273.47,10/29/2010,407,2,5,5,255,At Risk
13443,200,1273.16,9/17/2010,449,2,5,5,255,At Risk
17478,40,1272.8,10/27/2010,409,2,5,5,255,At Risk
12394,27,1272.48,10/7/2011,64,4,5,5,455,Champions
17341,219,1272.21,7/6/2011,157,3,5,5,355,Loyal Customers
16222,145,1272.05,1/25/2011,319,3,5,5,355,Loyal Customers
12630,64,1270.88,11/30/2011,10,5,5,5,555,Champions
13492,50,1269.84,7/26/2011,137,3,5,5,355,Loyal Customers
15439,57,1269.05,10/31/2010,405,2,5,5,255,At Risk
15584,220,1268.2,11/16/2011,24,5,5,5,555,Champions
13892,36,1267.65,11/13/2011,27,4,5,5,455,Champions
17037,75,1267.32,9/13/2011,88,4,5,5,455,Champions
17531,58,1266.82,6/2/2011,191,3,5,5,355,Loyal Customers
14487,168,1266.27,11/13/2011,27,4,5,5,455,Champions
13515,76,1265.82,9/28/2011,73,4,5,5,455,Champions
17635,74,1265.58,10/11/2010,425,2,5,5,255,At Risk
14379,128,1265.16,10/26/2011,45,4,5,5,455,Champions
16842,63,1264.19,8/31/2011,101,3,5,5,355,Loyal Customers
14427,44,1263.52,10/20/2011,51,4,5,5,455,Champions
17759,133,1261.88,11/22/2011,18,5,5,5,555,Champions
16688,62,1260.86,12/8/2011,2,5,5,5,555,Champions
14984,54,1260.51,11/20/2011,20,5,5,5,555,Champions
18035,57,1260.23,11/4/2011,36,4,5,5,455,Champions
17343,80,1259.94,12/19/2010,356,3,5,5,355,Loyal Customers
12993,76,1259.63,11/16/2011,24,5,5,5,555,Champions
13689,9,1259.5,10/7/2011,64,4,2,5,425,New Customers
15009,180,1259.43,11/27/2011,13,5,5,5,555,Champions
15651,60,1259.06,11/3/2011,37,4,5,5,455,Champions
14474,127,1258.89,10/24/2011,47,4,5,5,455,Champions
14931,41,1257.68,12/5/2011,5,5,5,5,555,Champions
12402,70,1256.9,1/20/2011,324,3,5,5,355,Loyal Customers
17481,82,1255.59,12/6/2011,4,5,5,5,555,Champions
17862,99,1254.89,1/20/2011,324,3,5,5,355,Loyal Customers
14419,225,1254.64,11/29/2011,11,5,5,5,555,Champions
15064,81,1254.41,10/25/2010,411,2,5,5,255,At Risk
15441,57,1254.21,11/8/2010,397,2,5,5,255,At Risk
15664,70,1254.03,10/20/2011,51,4,5,5,455,Champions
16292,62,1253.76,8/10/2011,122,3,5,5,355,Loyal Customers
14725,100,1252.74,11/15/2011,25,5,5,5,555,Champions
15579,161,1250.63,10/2/2011,69,4,5,5,455,Champions
15599,83,1250.06,11/13/2011,27,4,5,5,455,Champions
18135,37,1249.62,11/10/2011,30,4,5,5,455,Champions
14020,72,1249.01,11/23/2011,17,5,5,5,555,Champions
12666,31,1248.42,11/10/2010,395,2,5,5,255,At Risk
14383,59,1247.69,11/1/2011,39,4,5,5,455,Champions
12689,72,1247.61,11/14/2011,26,4,5,5,455,Champions
14240,61,1247.49,11/9/2011,31,4,5,5,455,Champions
13860,76,1245.9,12/8/2011,2,5,5,5,555,Champions
17076,50,1242.75,11/3/2011,37,4,5,5,455,Champions
17529,82,1240.25,4/8/2010,611,2,5,5,255,At Risk
13863,70,1239.55,4/6/2011,248,3,5,5,355,Loyal Customers
12985,76,1239.38,12/9/2011,1,5,5,5,555,Champions
17796,203,1236.39,10/30/2011,41,4,5,5,455,Champions
14231,69,1235.62,6/9/2011,184,3,5,5,355,Loyal Customers
13201,86,1233.06,7/25/2010,503,2,5,5,255,At Risk
12605,76,1232.95,11/28/2010,377,3,5,5,355,Loyal Customers
16527,73,1232.94,9/19/2011,82,4,5,5,455,Champions
16159,52,1232.79,3/3/2011,282,3,5,5,355,Loyal Customers
18080,2,1231.5,11/21/2011,19,5,2,5,525,New Customers
16723,124,1231.36,9/9/2011,92,4,5,5,455,Champions
14821,69,1230.15,12/8/2010,367,3,5,5,355,Loyal Customers
12673,74,1230.02,12/4/2011,6,5,5,5,555,Champions
13019,55,1229.95,11/25/2010,380,3,5,5,355,Loyal Customers
14871,194,1228.17,12/6/2011,4,5,5,5,555,Champions
17342,35,1227.54,11/25/2010,380,3,5,5,355,Loyal Customers
12866,63,1227.35,3/1/2011,284,3,5,5,355,Loyal Customers
15800,232,1227.07,8/24/2011,108,3,5,5,355,Loyal Customers
13402,79,1226.85,8/4/2011,128,3,5,5,355,Loyal Customers
15269,35,1225.36,11/16/2011,24,5,5,5,555,Champions
15303,69,1224.18,2/22/2011,291,3,5,5,355,Loyal Customers
14428,137,1224.06,12/2/2011,8,5,5,5,555,Champions
13787,86,1222.5,9/25/2011,76,4,5,5,455,Champions
16946,75,1222.04,11/21/2010,384,2,5,5,255,At Risk
15376,116,1221.56,10/30/2011,41,4,5,5,455,Champions
17132,71,1220.91,9/13/2010,453,2,5,5,255,At Risk
14430,35,1220.9,7/16/2010,512,2,5,5,255,At Risk
15004,154,1220.77,7/15/2011,148,3,5,5,355,Loyal Customers
13243,205,1220.38,5/20/2011,204,3,5,5,355,Loyal Customers
13299,62,1218.7,3/16/2011,269,3,5,5,355,Loyal Customers
13304,78,1217.99,12/23/2010,352,3,5,5,355,Loyal Customers
14698,200,1217.27,12/8/2011,2,5,5,5,555,Champions
15390,77,1216.66,11/8/2010,397,2,5,5,255,At Risk
14512,79,1215.97,6/5/2011,188,3,5,5,355,Loyal Customers
15661,44,1215.95,1/26/2011,318,3,5,5,355,Loyal Customers
17410,64,1214.72,11/23/2011,17,5,5,5,555,Champions
13405,43,1213.811,9/26/2011,75,4,5,5,455,Champions
18263,61,1213.16,11/14/2011,26,4,5,5,455,Champions
16872,18,1213.13,9/23/2011,78,4,2,5,425,New Customers
13918,30,1212.84,10/21/2011,50,4,5,5,455,Champions
16653,69,1212.66,11/23/2011,17,5,5,5,555,Champions
12464,29,1212.05,11/29/2011,11,5,5,5,555,Champions
15377,21,1211.75,11/22/2010,383,2,5,5,255,At Risk
14193,64,1210.19,10/3/2011,68,4,5,5,455,Champions
17653,44,1207.56,11/3/2011,37,4,5,5,455,Champions
16830,75,1207.5,11/1/2011,39,4,5,5,455,Champions
18193,70,1207.35,6/27/2011,166,3,5,5,355,Loyal Customers
16762,63,1207.24,11/20/2011,20,5,5,5,555,Champions
12742,67,1201.52,3/24/2010,626,2,5,5,255,At Risk
17360,229,1200.51,11/22/2011,18,5,5,5,555,Champions
14446,319,1200.28,12/9/2011,1,5,5,5,555,Champions
15181,20,1200.2,10/4/2011,67,4,5,5,455,Champions
15600,71,1199.31,10/7/2010,429,2,5,5,255,At Risk
17397,134,1198.28,11/17/2011,23,5,5,5,555,Champions
17713,76,1198.09,11/22/2010,383,2,5,5,255,At Risk
16307,75,1194.92,10/6/2010,430,2,5,5,255,At Risk
15145,67,1194.73,12/5/2011,5,5,5,5,555,Champions
13723,58,1194.08,5/6/2011,218,3,5,5,355,Loyal Customers
14382,279,1193.63,11/13/2011,27,4,5,5,455,Champions
14201,55,1193.54,10/10/2011,61,4,5,5,455,Champions
12611,65,1193.32,10/18/2011,53,4,5,5,455,Champions
13293,72,1192.94,11/12/2010,393,2,5,5,255,At Risk
13976,56,1192.36,5/17/2011,207,3,5,5,355,Loyal Customers
14213,5,1192.2,10/31/2010,405,2,2,5,225,Lost
16501,199,1191.23,11/21/2010,384,2,5,5,255,At Risk
13882,65,1191.13,12/7/2011,3,5,5,5,555,Champions
16471,62,1189.98,3/10/2011,275,3,5,5,355,Loyal Customers
12462,62,1189.59,11/21/2011,19,5,5,5,555,Champions
17239,32,1189.45,1/31/2011,313,3,5,5,355,Loyal Customers
14275,23,1189.38,11/9/2010,396,2,5,5,255,At Risk
18057,134,1188.46,11/11/2010,394,2,5,5,255,At Risk
15573,211,1188.42,11/8/2011,32,4,5,5,455,Champions
18181,178,1188.34,11/15/2011,25,5,5,5,555,Champions
15737,71,1188.12,11/25/2011,15,5,5,5,555,Champions
17800,103,1187.21,11/2/2011,38,4,5,5,455,Champions
13388,69,1185.65,7/31/2011,132,3,5,5,355,Loyal Customers
18060,75,1185.46,10/27/2010,409,2,5,5,255,At Risk
14206,71,1185.01,4/14/2011,240,3,5,5,355,Loyal Customers
15259,57,1182.38,7/15/2010,513,2,5,5,255,At Risk
17021,48,1182.22,9/23/2010,443,2,5,5,255,At Risk
13526,44,1182,12/1/2009,739,2,5,5,255,At Risk
13395,81,1180.23,6/7/2011,186,3,5,5,355,Loyal Customers
18277,64,1180.05,10/12/2011,59,4,5,5,455,Champions
17058,62,1179.89,9/19/2011,82,4,5,5,455,Champions
16614,49,1179.79,6/10/2011,183,3,5,5,355,Loyal Customers
16693,168,1179.48,10/2/2011,69,4,5,5,455,Champions
13797,78,1179.45,9/29/2010,437,2,5,5,255,At Risk
16345,108,1178.79,10/26/2011,45,4,5,5,455,Champions
18025,112,1177.72,11/25/2010,380,3,5,5,355,Loyal Customers
17539,144,1176.84,4/1/2010,618,2,5,5,255,At Risk
13233,76,1176.46,9/26/2011,75,4,5,5,455,Champions
15210,67,1176.19,4/28/2011,226,3,5,5,355,Loyal Customers
14370,44,1175.78,9/15/2010,451,2,5,5,255,At Risk
15994,108,1175.68,10/16/2011,55,4,5,5,455,Champions
12885,71,1175.22,10/7/2011,64,4,5,5,455,Champions
15068,218,1174.9,10/24/2011,47,4,5,5,455,Champions
12640,53,1174.58,11/16/2011,24,5,5,5,555,Champions
14126,43,1172.46,12/2/2011,8,5,5,5,555,Champions
12691,39,1170.4,11/11/2011,29,4,5,5,455,Champions
18071,71,1169.68,3/27/2011,258,3,5,5,355,Loyal Customers
16926,96,1169.61,12/3/2010,372,3,5,5,355,Loyal Customers
17373,91,1167.5,10/30/2011,41,4,5,5,455,Champions
13497,58,1166.83,3/2/2011,283,3,5,5,355,Loyal Customers
17950,165,1166.29,9/28/2011,73,4,5,5,455,Champions
17664,80,1166.23,11/21/2011,19,5,5,5,555,Champions
14693,75,1165.36,3/20/2011,265,3,5,5,355,Loyal Customers
14261,52,1163.45,10/20/2011,51,4,5,5,455,Champions
16800,156,1162.65,11/28/2011,12,5,5,5,555,Champions
15347,36,1162,12/8/2010,367,3,5,5,355,Loyal Customers
17525,26,1161.9,12/15/2010,360,3,5,5,355,Loyal Customers
12546,69,1161.5,10/24/2011,47,4,5,5,455,Champions
12972,77,1161.2,10/22/2010,414,2,5,5,255,At Risk
13897,59,1160.72,10/20/2011,51,4,5,5,455,Champions
13459,73,1160.41,3/25/2010,625,2,5,5,255,At Risk
15088,57,1160.07,11/18/2011,22,5,5,5,555,Champions
17978,67,1159.99,12/9/2010,366,3,5,5,355,Loyal Customers
13601,185,1159.99,10/25/2011,46,4,5,5,455,Champions
16838,59,1159.61,5/26/2011,198,3,5,5,355,Loyal Customers
13499,42,1159.11,11/22/2011,18,5,5,5,555,Champions
17513,18,1158.8,9/28/2011,73,4,2,5,425,New Customers
16184,45,1158.79,10/6/2011,65,4,5,5,455,Champions
17169,75,1156.73,10/13/2011,58,4,5,5,455,Champions
14788,58,1156.32,12/2/2011,8,5,5,5,555,Champions
17127,37,1155.03,10/7/2010,429,2,5,5,255,At Risk
16637,69,1154.47,11/7/2011,33,4,5,5,455,Champions
13462,71,1153.85,4/1/2011,253,3,5,5,355,Loyal Customers
14818,104,1153.56,9/27/2011,74,4,5,5,455,Champions
17984,242,1152.19,7/17/2011,146,3,5,5,355,Loyal Customers
14475,48,1151.15,9/29/2011,72,4,5,5,455,Champions
12475,61,1149.64,10/17/2011,54,4,5,5,455,Champions
12710,77,1149.02,9/4/2011,97,3,5,5,355,Loyal Customers
14308,2,1147.02,6/8/2010,550,2,2,5,225,Lost
15038,235,1146.53,10/12/2011,59,4,5,5,455,Champions
16766,34,1145.6,3/11/2011,274,3,5,5,355,Loyal Customers
17477,44,1144.3,4/6/2010,613,2,5,5,255,At Risk
12769,32,1143.6,4/15/2011,239,3,5,5,355,Loyal Customers
17097,267,1143.36,12/7/2011,3,5,5,5,555,Champions
14585,111,1143.27,10/20/2011,51,4,5,5,455,Champions
17770,38,1143.27,5/25/2011,199,3,5,5,355,Loyal Customers
17201,171,1143.1,10/17/2011,54,4,5,5,455,Champions
12439,71,1142.88,1/26/2010,683,2,5,5,255,At Risk
17908,208,1142.47,12/1/2010,374,3,5,5,355,Loyal Customers
13856,54,1142.03,6/24/2011,169,3,5,5,355,Loyal Customers
16270,54,1141.24,12/21/2010,354,3,5,5,355,Loyal Customers
16521,237,1140.11,10/20/2010,416,2,5,5,255,At Risk
15586,38,1139.1,4/26/2010,593,2,5,5,255,At Risk
17500,5,1138,11/22/2011,18,5,2,5,525,New Customers
15879,179,1137.8,10/31/2010,405,2,5,5,255,At Risk
17302,79,1135.63,11/25/2011,15,5,5,5,555,Champions
17866,26,1134.95,7/20/2011,143,3,5,5,355,Loyal Customers
13109,70,1134.03,10/11/2011,60,4,5,5,455,Champions
15022,140,1133.44,11/28/2011,12,5,5,5,555,Champions
16989,12,1133.25,12/2/2011,8,5,2,5,525,New Customers
18125,192,1131.75,11/10/2011,30,4,5,5,455,Champions
15500,68,1131.56,12/1/2011,9,5,5,5,555,Champions
13393,69,1131.45,5/5/2010,584,2,5,5,255,At Risk
12616,54,1131.1,9/5/2011,96,4,5,5,455,Champions
15695,59,1131.04,3/18/2011,267,3,5,5,355,Loyal Customers
17622,38,1130.21,4/21/2010,598,2,5,5,255,At Risk
13447,59,1129.14,11/16/2011,24,5,5,5,555,Champions
13145,9,1128.52,10/31/2011,40,4,2,5,425,New Customers
14450,76,1128.44,6/12/2011,181,3,5,5,355,Loyal Customers
12373,51,1127.65,2/1/2011,312,3,5,5,355,Loyal Customers
14671,55,1127.45,6/8/2010,550,2,5,5,255,At Risk
15969,35,1127.05,12/7/2011,3,5,5,5,555,Champions
12503,2,1126,5/4/2010,585,2,2,5,225,Lost
13167,81,1125.15,11/21/2011,19,5,5,5,555,Champions
16306,67,1124.72,5/10/2011,214,3,5,5,355,Loyal Customers
14479,139,1124.71,3/31/2011,254,3,5,5,355,Loyal Customers
15882,59,1124.66,5/25/2011,199,3,5,5,355,Loyal Customers
13778,44,1124.49,8/28/2011,104,3,5,5,355,Loyal Customers
14917,29,1123.75,4/22/2010,597,2,5,5,255,At Risk
17492,39,1122.42,4/5/2011,249,3,5,5,355,Loyal Customers
13486,69,1122.41,9/22/2011,79,4,5,5,455,Champions
17562,63,1122.38,11/25/2011,15,5,5,5,555,Champions
18218,38,1121.84,5/12/2011,212,3,5,5,355,Loyal Customers
13368,52,1121.5,3/28/2011,257,3,5,5,355,Loyal Customers
13589,52,1120.74,11/25/2011,15,5,5,5,555,Champions
16955,50,1120.31,6/8/2011,185,3,5,5,355,Loyal Customers
17007,67,1120.1,10/20/2011,51,4,5,5,455,Champions
16354,140,1119.46,10/7/2011,64,4,5,5,455,Champions
17423,43,1118.95,10/24/2011,47,4,5,5,455,Champions
16430,28,1117.94,10/13/2011,58,4,5,5,455,Champions
17788,5,1117.9,9/27/2011,74,4,2,5,425,New Customers
16278,55,1117.84,8/31/2011,101,3,5,5,355,Loyal Customers
16769,97,1117.05,3/24/2011,261,3,5,5,355,Loyal Customers
14080,83,1115.68,11/7/2011,33,4,5,5,455,Champions
13509,49,1114.72,12/1/2011,9,5,5,5,555,Champions
14672,106,1113.14,4/19/2011,235,3,5,5,355,Loyal Customers
12679,48,1113.02,10/12/2011,59,4,5,5,455,Champions
12648,65,1112,7/8/2011,155,3,5,5,355,Loyal Customers
16139,57,1111.15,11/21/2011,19,5,5,5,555,Champions
16702,91,1110.83,10/20/2010,416,2,5,5,255,At Risk
15069,70,1109.53,6/13/2011,180,3,5,5,355,Loyal Customers
15559,62,1109.4,5/20/2010,569,2,5,5,255,At Risk
15828,74,1108.82,11/29/2010,376,3,5,5,355,Loyal Customers
15933,74,1107.46,11/18/2011,22,5,5,5,555,Champions
14375,205,1106.82,6/7/2011,186,3,5,5,355,Loyal Customers
14891,63,1106.73,7/14/2011,149,3,5,5,355,Loyal Customers
14102,58,1105.88,12/4/2011,6,5,5,5,555,Champions
12434,70,1103.43,9/16/2011,85,4,5,5,455,Champions
16895,163,1102.9,10/6/2011,65,4,5,5,455,Champions
13295,67,1101.97,12/15/2010,360,3,5,5,355,Loyal Customers
14948,63,1101.97,11/16/2011,24,5,5,5,555,Champions
15574,230,1101.44,6/15/2011,178,3,5,5,355,Loyal Customers
12785,56,1100.4,12/10/2010,365,3,5,5,355,Loyal Customers
16014,275,1100.28,11/2/2011,38,4,5,5,455,Champions
14009,74,1099.91,5/25/2011,199,3,5,5,355,Loyal Customers
17137,167,1099.81,10/19/2010,417,2,5,5,255,At Risk
12421,65,1098.6,11/24/2011,16,5,5,5,555,Champions
14971,155,1097.98,11/4/2011,36,4,5,5,455,Champions
13835,71,1095.27,11/14/2011,26,5,5,5,555,Champions
17703,78,1094.84,11/4/2011,36,4,5,5,455,Champions
15745,62,1094.59,11/20/2011,20,5,5,5,555,Champions
14460,42,1093.5,8/21/2011,111,3,5,5,355,Loyal Customers
12803,55,1092.81,11/11/2010,394,2,5,5,255,At Risk
17726,64,1092.06,11/9/2010,396,2,5,5,255,At Risk
14199,18,1091.7,5/5/2011,219,3,2,5,325,Others
16805,249,1091.34,6/19/2011,174,3,5,5,355,Loyal Customers
16211,36,1090.59,9/12/2011,89,4,5,5,455,Champions
13853,23,1090.14,10/13/2011,58,4,5,5,455,Champions
12534,63,1089.18,8/1/2011,131,3,5,5,355,Loyal Customers
15254,67,1088.35,8/4/2011,128,3,5,5,355,Loyal Customers
16188,74,1087.66,10/26/2011,45,4,5,5,455,Champions
16223,123,1087.05,11/30/2010,375,3,5,5,355,Loyal Customers
15763,61,1086.92,11/8/2011,32,4,5,5,455,Champions
14139,69,1086.8,10/24/2011,47,4,5,5,455,Champions
13546,152,1086.24,11/27/2011,13,5,5,5,555,Champions
16298,47,1085.7,11/17/2011,23,5,5,5,555,Champions
14013,68,1084.57,8/21/2011,111,3,5,5,355,Loyal Customers
16533,176,1082.81,11/20/2011,20,5,5,5,555,Champions
14805,127,1082.55,11/24/2011,16,5,5,5,555,Champions
14083,185,1082.19,12/5/2011,5,5,5,5,555,Champions
14561,69,1080.76,9/25/2011,76,4,5,5,455,Champions
13744,63,1080.52,9/5/2011,96,4,5,5,455,Champions
14343,234,1079.66,10/14/2010,422,2,5,5,255,At Risk
13726,42,1079.66,11/1/2011,39,4,5,5,455,Champions
12354,58,1079.4,4/21/2011,233,3,5,5,355,Loyal Customers
13567,201,1079.29,10/7/2010,429,2,5,5,255,At Risk
15546,12,1079.1,4/12/2010,607,2,2,5,225,Lost
14352,47,1078.96,7/5/2011,158,3,5,5,355,Loyal Customers
13656,87,1078.85,6/28/2011,165,3,5,5,355,Loyal Customers
16183,41,1077.81,10/3/2011,68,4,5,5,455,Champions
16642,54,1077.45,12/5/2011,5,5,5,5,555,Champions
17366,131,1077.24,10/3/2010,433,2,5,5,255,At Risk
16071,73,1076.8,10/26/2011,45,4,5,5,455,Champions
13607,121,1075.81,10/30/2011,41,4,5,5,455,Champions
15912,95,1074.7,6/14/2011,179,3,5,5,355,Loyal Customers
16231,100,1074.47,11/25/2010,380,3,5,5,355,Loyal Customers
13727,83,1074.15,11/11/2011,29,4,5,5,455,Champions
15238,50,1071.99,11/10/2011,30,4,5,5,455,Champions
13467,98,1071.91,11/29/2011,11,5,5,5,555,Champions
12801,50,1071.82,7/27/2010,501,2,5,5,255,At Risk
13521,418,1071.73,12/8/2011,2,5,5,5,555,Champions
16593,78,1071.14,10/20/2011,51,4,5,5,455,Champions
14484,53,1070.98,10/20/2011,51,4,5,5,455,Champions
16884,74,1070.97,11/2/2011,38,4,5,5,455,Champions
17522,73,1070.71,12/8/2011,2,5,5,5,555,Champions
12728,61,1070.17,9/29/2011,72,4,5,5,455,Champions
17871,83,1068.95,5/19/2011,205,3,5,5,355,Loyal Customers
17854,118,1068.5,6/7/2011,186,3,5,5,355,Loyal Customers
16386,139,1068.16,11/11/2011,29,4,5,5,455,Champions
15436,291,1067.75,11/27/2011,13,5,5,5,555,Champions
15626,80,1067.52,9/26/2011,75,4,5,5,455,Champions
17277,69,1065.35,4/26/2011,228,3,5,5,355,Loyal Customers
15639,69,1065.08,7/28/2011,135,3,5,5,355,Loyal Customers
13959,157,1064.77,9/21/2011,80,4,5,5,455,Champions
14488,46,1064.28,10/3/2011,68,4,5,5,455,Champions
14966,151,1064.26,11/25/2011,15,5,5,5,555,Champions
15801,64,1063.95,10/24/2011,47,4,5,5,455,Champions
12936,62,1063.9,11/22/2011,18,5,5,5,555,Champions
17849,50,1063.76,5/5/2011,219,3,5,5,355,Loyal Customers
12815,47,1063.46,7/15/2011,148,3,5,5,355,Loyal Customers
14411,14,1063,2/2/2011,311,3,2,5,325,Others
15706,55,1060.56,10/7/2011,64,4,5,5,455,Champions
17727,66,1060.25,11/24/2011,16,5,5,5,555,Champions
17421,58,1059.41,11/18/2010,387,2,5,5,255,At Risk
18130,70,1059.39,11/24/2011,16,5,5,5,555,Champions
17214,101,1059.12,10/10/2011,61,4,5,5,455,Champions
14734,63,1056.42,10/10/2010,426,2,5,5,255,At Risk
15645,68,1055.17,11/21/2011,19,5,5,5,555,Champions
13065,62,1055.05,12/1/2010,374,3,5,5,355,Loyal Customers
13140,105,1054.92,8/23/2011,109,3,5,5,355,Loyal Customers
15977,65,1054.73,11/22/2011,18,5,5,5,555,Champions
12716,69,1053.49,12/6/2011,4,5,5,5,555,Champions
12580,58,1052.9,4/7/2011,247,3,5,5,355,Loyal Customers
15886,62,1052.87,10/10/2011,61,4,5,5,455,Champions
15855,95,1052.72,7/26/2011,137,3,5,5,355,Loyal Customers
16391,304,1052.26,11/4/2010,401,2,5,5,255,At Risk
14947,54,1049.79,9/28/2011,73,4,5,5,455,Champions
13775,63,1049.66,4/28/2010,591,2,5,5,255,At Risk
17934,41,1049.15,10/19/2011,52,4,5,5,455,Champions
15026,138,1048.89,9/20/2011,81,4,5,5,455,Champions
15839,62,1048.49,11/6/2011,34,4,5,5,455,Champions
16728,263,1048.28,10/24/2011,47,4,5,5,455,Champions
17578,65,1047.33,5/5/2011,219,3,5,5,355,Loyal Customers
17474,6,1047,4/19/2010,600,2,2,5,225,Lost
15407,148,1046.74,11/6/2011,34,4,5,5,455,Champions
15091,57,1046.61,10/3/2011,68,4,5,5,455,Champions
17555,264,1045.74,11/20/2011,20,5,5,5,555,Champions
14108,52,1044.96,11/9/2011,31,4,5,5,455,Champions
15464,155,1044.65,1/5/2011,339,3,5,5,355,Loyal Customers
15535,130,1044.37,6/19/2011,174,3,5,5,355,Loyal Customers
13359,56,1043.31,10/7/2011,64,4,5,5,455,Champions
16903,182,1041.75,11/10/2011,30,4,5,5,455,Champions
16991,74,1041.21,10/14/2010,422,2,5,5,255,At Risk
16261,163,1041.16,11/22/2011,18,5,5,5,555,Champions
13613,59,1039.85,9/13/2010,453,2,5,5,255,At Risk
13873,60,1038.92,8/12/2011,120,3,5,5,355,Loyal Customers
12486,49,1037.28,10/4/2010,432,2,5,5,255,At Risk
17042,97,1036.58,12/7/2011,3,5,5,5,555,Champions
14902,59,1035.62,11/14/2011,26,4,5,5,455,Champions
17926,44,1035.49,7/29/2011,134,3,5,5,355,Loyal Customers
16260,18,1035.45,10/20/2011,51,4,2,5,425,New Customers
12811,56,1033.9,3/24/2011,261,3,5,5,355,Loyal Customers
17724,40,1033,9/29/2011,72,4,5,5,455,Champions
14248,47,1032.95,1/25/2011,319,3,5,5,355,Loyal Customers
13000,62,1032.5,8/25/2011,107,3,5,5,355,Loyal Customers
17405,82,1031.41,12/8/2011,2,5,5,5,555,Champions
13235,58,1031.07,5/11/2011,213,3,5,5,355,Loyal Customers
16198,33,1030.041,9/25/2011,76,4,5,5,455,Champions
16418,156,1028.74,10/26/2011,45,4,5,5,455,Champions
15333,16,1028.56,5/15/2011,209,3,2,5,325,Others
16682,30,1028,12/5/2011,5,5,5,5,555,Champions
16227,34,1027.22,4/28/2011,226,3,5,5,355,Loyal Customers
15887,37,1027.15,10/29/2010,407,2,5,5,255,At Risk
15003,329,1027.03,8/23/2010,474,2,5,5,255,At Risk
17749,57,1026.18,6/14/2011,179,3,5,5,355,Loyal Customers
16160,20,1025.44,10/5/2011,66,4,5,5,455,Champions
13602,58,1025.17,10/6/2011,65,4,5,5,455,Champions
17310,2,1025.1,11/17/2010,388,2,2,5,225,Lost
14204,220,1024.83,12/7/2011,3,5,5,5,555,Champions
17362,144,1024.04,4/14/2011,240,3,5,5,355,Loyal Customers
16568,5,1020.9,10/8/2010,428,2,2,5,225,Lost
12572,60,1020.42,12/1/2011,9,5,5,5,555,Champions
13376,53,1019.76,9/1/2011,100,3,5,5,355,Loyal Customers
18142,15,1019.52,7/5/2011,158,3,2,5,325,Others
18074,43,1019.44,12/1/2010,374,3,5,5,355,Loyal Customers
12403,9,1019.36,10/21/2011,50,4,2,5,425,New Customers
13956,147,1019.27,12/4/2011,6,5,5,5,555,Champions
16441,85,1019.13,10/3/2011,68,4,5,5,455,Champions
12828,56,1018.71,12/7/2011,3,5,5,5,555,Champions
16284,133,1018.48,11/8/2011,32,4,5,5,455,Champions
12905,54,1018.42,5/12/2010,577,2,5,5,255,At Risk
16787,112,1017.53,11/7/2010,398,2,5,5,255,At Risk
15970,24,1017.32,2/9/2011,304,3,5,5,355,Loyal Customers
12652,51,1017.03,1/12/2011,332,3,5,5,355,Loyal Customers
13641,44,1016.47,3/9/2010,641,2,5,5,255,At Risk
13333,55,1015.74,10/24/2010,412,2,5,5,255,At Risk
14675,221,1015.58,11/23/2011,17,5,5,5,555,Champions
16623,51,1015.24,4/8/2011,246,3,5,5,355,Loyal Customers
12410,40,1013.71,2/4/2011,309,3,5,5,355,Loyal Customers
13466,55,1013.35,6/8/2011,185,3,5,5,355,Loyal Customers
12642,47,1013.26,11/14/2011,26,5,5,5,555,Champions
15951,59,1013.17,12/1/2011,9,5,5,5,555,Champions
16451,65,1013.15,9/13/2011,88,4,5,5,455,Champions
17197,29,1013.01,11/10/2011,30,4,5,5,455,Champions
17980,61,1012.72,6/27/2011,166,3,5,5,355,Loyal Customers
14775,60,1011.9,10/12/2011,59,4,5,5,455,Champions
13039,55,1010.73,5/4/2010,585,2,5,5,255,At Risk
16572,57,1009.6,8/4/2011,128,3,5,5,355,Loyal Customers
13258,44,1009.43,11/28/2011,12,5,5,5,555,Champions
16287,42,1006.98,6/23/2011,170,3,5,5,355,Loyal Customers
13429,67,1006.8,11/29/2011,11,5,5,5,555,Champions
15850,311,1006.75,11/20/2011,20,5,5,5,555,Champions
13238,47,1006.63,11/22/2011,18,5,5,5,555,Champions
15771,28,1006.54,4/14/2010,605,2,5,5,255,At Risk
12703,74,1006.53,9/29/2011,72,4,5,5,455,Champions
13427,52,1006.53,11/20/2011,20,5,5,5,555,Champions
13549,59,1005.8,11/14/2011,26,4,5,5,455,Champions
13867,60,1005.09,11/8/2011,32,4,5,5,455,Champions
14214,67,1004.38,11/9/2011,31,4,5,5,455,Champions
18160,65,1003.88,10/13/2011,58,4,5,5,455,Champions
16435,125,1003.07,7/15/2010,513,2,5,5,255,At Risk
12446,57,1002.31,10/13/2011,58,4,5,5,455,Champions
13857,128,1001.01,11/11/2010,394,2,5,5,255,At Risk
14255,1,1000.63,6/11/2010,547,2,2,5,225,Lost
12545,50,1000.39,9/25/2011,76,4,5,5,455,Champions
15508,92,1000.27,6/3/2011,190,3,5,5,355,Loyal Customers
18143,61,1000.16,8/15/2011,117,3,5,5,355,Loyal Customers
13005,56,999.68,6/19/2011,174,3,5,5,355,Loyal Customers
12413,51,999.45,10/4/2011,67,4,5,5,455,Champions
17205,35,999.35,10/17/2011,54,4,5,5,455,Champions
17329,104,998.53,11/25/2011,15,5,5,5,555,Champions
17631,69,998.49,12/8/2011,2,5,5,5,555,Champions
12722,53,997.63,9/15/2011,86,4,5,5,455,Champions
13965,24,996.61,8/20/2010,477,2,5,5,255,At Risk
16699,62,994.6,11/24/2010,381,2,5,5,255,At Risk
13292,59,994.51,11/1/2011,39,4,5,5,455,Champions
17237,79,994.13,11/28/2011,12,5,5,5,555,Champions
15104,67,993.54,5/27/2011,197,3,5,5,355,Loyal Customers
17299,113,993.23,11/28/2011,12,5,5,5,555,Champions
14223,60,991.13,9/8/2011,93,4,5,5,455,Champions
13559,2,990,7/15/2010,513,2,2,5,225,Lost
13245,45,989.22,10/20/2011,51,4,5,5,455,Champions
17883,173,988.42,12/6/2011,4,5,5,5,555,Champions
15176,52,988.04,2/10/2010,668,2,5,5,255,At Risk
16130,55,987.48,10/13/2010,423,2,5,5,255,At Risk
18237,61,987.1,12/7/2011,3,5,5,5,555,Champions
13439,167,986.61,3/29/2011,256,3,5,5,355,Loyal Customers
12862,131,984.62,10/10/2010,426,2,5,5,255,At Risk
17144,48,984.57,12/8/2011,2,5,5,5,555,Champions
15109,48,983.1,4/8/2011,246,3,5,5,355,Loyal Customers
12541,52,981.18,11/10/2011,30,4,5,5,455,Champions
12543,43,980.25,9/17/2010,449,2,5,5,255,At Risk
14510,75,979.85,11/29/2010,376,3,5,5,355,Loyal Customers
14230,33,979.8,9/30/2010,436,2,5,5,255,At Risk
15025,139,979.79,11/6/2011,34,4,5,5,455,Champions
17369,1,979.2,9/10/2010,456,2,2,5,225,Lost
13350,40,979.12,11/23/2011,17,5,5,5,555,Champions
14157,85,978.69,11/20/2011,20,5,5,5,555,Champions
15132,52,977.93,11/21/2011,19,5,5,5,555,Champions
14454,110,977.3,11/28/2010,377,3,5,5,355,Loyal Customers
17123,43,977.17,7/1/2011,162,3,5,5,355,Loyal Customers
17221,124,976.62,12/2/2011,8,5,5,5,555,Champions
15247,17,976.06,8/9/2011,123,3,2,5,325,Others
15406,122,975.87,11/8/2011,32,4,5,5,455,Champions
17456,60,975.56,12/9/2010,366,3,5,5,355,Loyal Customers
12915,60,975.1,7/14/2011,149,3,5,5,355,Loyal Customers
16376,122,974.96,12/1/2011,9,5,5,5,555,Champions
15449,60,974.52,11/13/2011,27,4,5,5,455,Champions
12994,61,974.42,12/5/2011,5,5,5,5,555,Champions
17958,36,973.88,8/15/2011,117,3,5,5,355,Loyal Customers
12525,60,973.73,7/29/2010,499,2,5,5,255,At Risk
16009,82,972.11,11/17/2011,23,5,5,5,555,Champions
16535,71,972.04,12/4/2011,6,5,5,5,555,Champions
14350,59,972.03,3/10/2011,275,3,5,5,355,Loyal Customers
17100,65,971.74,11/21/2011,19,5,5,5,555,Champions
14953,245,971.32,11/14/2011,26,5,5,5,555,Champions
15208,48,970.52,12/8/2011,2,5,5,5,555,Champions
18006,63,969.51,11/16/2011,24,5,5,5,555,Champions
13223,13,969.12,5/23/2011,201,3,2,5,325,Others
16254,74,967.44,11/26/2010,379,3,5,5,355,Loyal Customers
13204,57,966.66,12/8/2009,732,2,5,5,255,At Risk
14138,46,965.88,12/8/2011,2,5,5,5,555,Champions
17987,164,965.44,6/7/2011,186,3,5,5,355,Loyal Customers
15084,31,965.2,11/25/2010,380,3,5,5,355,Loyal Customers
12550,57,964.83,9/21/2011,80,4,5,5,455,Champions
16763,44,964.7,5/25/2011,199,3,5,5,355,Loyal Customers
15028,102,962.94,12/1/2011,9,5,5,5,555,Champions
15268,22,961.9,8/18/2010,479,2,5,5,255,At Risk
15156,55,961.49,12/8/2011,2,5,5,5,555,Champions
16518,68,959.37,10/9/2011,62,4,5,5,455,Champions
12588,46,958.78,10/31/2011,40,4,5,5,455,Champions
18192,45,957.97,9/29/2011,72,4,5,5,455,Champions
12697,41,957.59,11/11/2011,29,4,5,5,455,Champions
17080,33,957.53,11/17/2011,23,5,5,5,555,Champions
12675,112,957.25,6/4/2010,554,2,5,5,255,At Risk
17172,39,956.57,9/22/2011,79,4,5,5,455,Champions
16141,50,955.94,9/12/2011,89,4,5,5,455,Champions
12990,27,955.5,11/8/2011,32,4,5,5,455,Champions
14629,150,955.26,12/5/2011,5,5,5,5,555,Champions
16947,53,955.21,4/18/2011,236,3,5,5,355,Loyal Customers
12505,42,955.2,10/27/2010,409,2,5,5,255,At Risk
15430,36,954.75,8/29/2010,468,2,5,5,255,At Risk
17298,69,954.26,8/30/2011,102,3,5,5,355,Loyal Customers
15835,50,954.09,10/26/2011,45,4,5,5,455,Champions
17189,120,953.63,8/25/2011,107,3,5,5,355,Loyal Customers
17420,50,953.58,10/20/2011,51,4,5,5,455,Champions
12414,28,952.41,5/6/2011,218,3,5,5,355,Loyal Customers
14615,48,951.76,11/10/2010,395,2,5,5,255,At Risk
17955,22,949.9,5/25/2011,199,3,5,5,355,Loyal Customers
12767,43,949.82,11/29/2010,376,3,5,5,355,Loyal Customers
17081,207,949.39,11/14/2011,26,5,5,5,555,Champions
13046,56,949.25,11/9/2011,31,4,5,5,455,Champions
13636,63,949.12,11/3/2011,37,4,5,5,455,Champions
15177,26,948.93,10/10/2010,426,2,5,5,255,At Risk
12822,46,948.88,9/30/2011,71,4,5,5,455,Champions
12874,48,948.42,11/19/2010,386,2,5,5,255,At Risk
12355,35,947.61,5/9/2011,215,3,5,5,355,Loyal Customers
17516,191,947.5,11/24/2011,16,5,5,5,555,Champions
16136,46,946.8,10/11/2011,60,4,5,5,455,Champions
14994,302,946.72,11/22/2010,383,2,5,5,255,At Risk
16861,49,946.59,10/11/2011,60,4,5,5,455,Champions
17356,86,946.47,2/1/2011,312,3,5,5,355,Loyal Customers
16146,41,946.38,7/5/2011,158,3,5,5,355,Loyal Customers
18217,40,945.04,11/10/2011,30,4,5,5,455,Champions
17544,88,944.82,11/14/2010,391,2,5,5,255,At Risk
13261,9,944.1,3/16/2011,269,3,2,5,325,Others
16203,66,943.84,10/12/2011,59,4,5,5,455,Champions
16199,10,942.75,11/12/2010,393,2,2,5,225,Lost
17604,208,942.38,5/6/2011,218,3,5,5,355,Loyal Customers
15385,21,942.08,10/30/2011,41,4,5,5,455,Champions
14958,71,941.99,7/15/2011,148,3,5,5,355,Loyal Customers
14326,57,940.98,4/11/2011,243,3,5,5,355,Loyal Customers
13416,26,940.8,10/27/2011,44,4,5,5,455,Champions
13936,59,939.66,6/13/2011,180,3,5,5,355,Loyal Customers
16109,31,939.48,5/5/2011,219,3,5,5,355,Loyal Customers
17527,47,939.37,10/17/2011,54,4,5,5,455,Champions
17020,69,935.62,6/15/2010,543,2,5,5,255,At Risk
14140,66,935.05,12/6/2011,4,5,5,5,555,Champions
15792,57,933.84,11/5/2010,400,2,5,5,255,At Risk
15787,200,933.26,11/13/2011,27,4,5,5,455,Champions
16661,62,932.76,6/17/2010,541,2,5,5,255,At Risk
18154,47,932.6,12/6/2011,4,5,5,5,555,Champions
18133,1,931.5,5/11/2011,213,3,2,5,325,Others
12396,65,931.43,2/3/2010,675,2,5,5,255,At Risk
13465,34,931.12,9/19/2010,447,2,5,5,255,At Risk
14924,31,931.01,4/8/2011,246,3,5,5,355,Loyal Customers
15723,123,930.7,12/10/2010,365,3,5,5,355,Loyal Customers
14338,50,928.1,7/1/2011,162,3,5,5,355,Loyal Customers
13288,10,927.61,9/22/2010,444,2,2,5,225,Lost
15243,61,927.28,9/26/2011,75,4,5,5,455,Champions
17805,11,927.03,9/27/2011,74,4,2,5,425,New Customers
16975,45,926.12,10/12/2010,424,2,5,5,255,At Risk
12745,23,925.41,8/10/2010,487,2,5,5,255,At Risk
13805,13,924.6,10/18/2011,53,4,2,5,425,New Customers
14128,65,924.21,10/10/2011,61,4,5,5,455,Champions
18001,132,924.14,11/27/2011,13,5,5,5,555,Champions
16643,55,923.11,4/8/2011,246,3,5,5,355,Loyal Customers
17322,177,922.59,11/28/2010,377,3,5,5,355,Loyal Customers
15654,21,922.53,11/30/2011,10,5,5,5,555,Champions
13122,55,922.39,9/6/2011,95,4,5,5,455,Champions
17472,223,922.35,6/1/2011,192,3,5,5,355,Loyal Customers
16362,90,922.16,11/7/2011,33,4,5,5,455,Champions
13934,31,922.1,3/21/2011,264,3,5,5,355,Loyal Customers
14605,108,921.56,11/30/2010,375,3,5,5,355,Loyal Customers
12638,48,921.49,11/6/2011,34,4,5,5,455,Champions
15576,43,921.37,11/2/2011,38,4,5,5,455,Champions
15957,146,921.25,11/8/2011,32,4,5,5,455,Champions
14272,64,920.81,9/27/2011,74,4,5,5,455,Champions
17363,35,920.46,11/9/2010,396,2,5,5,255,At Risk
12998,58,920.08,8/4/2010,493,2,5,5,255,At Risk
14568,47,919.7,9/30/2010,436,2,5,5,255,At Risk
13075,22,919.61,8/2/2011,130,3,5,5,355,Loyal Customers
13872,57,919.57,6/30/2010,528,2,5,5,255,At Risk
16204,101,918.71,11/16/2011,24,5,5,5,555,Champions
14342,33,918.44,11/18/2011,22,5,5,5,555,Champions
12368,18,917.7,3/21/2010,629,2,2,5,225,Lost
14061,19,917.43,7/20/2010,508,2,2,5,225,Lost
14015,20,917.34,10/18/2011,53,4,5,5,455,Champions
15707,205,916.98,11/4/2011,36,4,5,5,455,Champions
14423,15,916.61,5/5/2011,219,3,2,5,325,Others
14839,74,915.28,10/17/2010,419,2,5,5,255,At Risk
14141,40,915.13,12/7/2011,3,5,5,5,555,Champions
16216,37,914.93,3/17/2011,268,3,5,5,355,Loyal Customers
14549,143,913.6,2/1/2011,312,3,5,5,355,Loyal Customers
15364,29,913.19,9/5/2011,96,3,5,5,355,Loyal Customers
14359,55,912.18,11/20/2011,20,5,5,5,555,Champions
15244,48,912.08,10/5/2011,66,4,5,5,455,Champions
17812,189,911.99,11/27/2011,13,5,5,5,555,Champions
16034,56,911.32,5/27/2011,197,3,5,5,355,Loyal Customers
14289,47,911.26,12/1/2011,9,5,5,5,555,Champions
14133,36,911.14,8/2/2011,130,3,5,5,355,Loyal Customers
16138,37,910.35,11/26/2010,379,3,5,5,355,Loyal Customers
13038,28,908.46,9/20/2011,81,4,5,5,455,Champions
15097,66,908.35,12/5/2011,5,5,5,5,555,Champions
17464,39,907.14,7/4/2011,159,3,5,5,355,Loyal Customers
14714,93,906.24,11/15/2011,25,5,5,5,555,Champions
14969,13,906.23,1/5/2010,704,2,2,5,225,Lost
13573,87,904.52,10/20/2011,51,4,5,5,455,Champions
17746,36,904.18,4/13/2011,241,3,5,5,355,Loyal Customers
17176,42,902.32,5/22/2011,202,3,5,5,355,Loyal Customers
17382,18,902.28,10/5/2011,66,4,2,5,425,New Customers
16916,205,902.02,11/16/2011,24,5,5,5,555,Champions
13548,184,901.44,9/4/2011,97,3,5,5,355,Loyal Customers
15511,158,900.53,11/28/2011,12,5,5,5,555,Champions
12945,51,900.11,2/24/2011,289,3,5,5,355,Loyal Customers
12940,96,899.69,10/16/2011,55,4,5,5,455,Champions
16834,48,898.96,4/26/2011,228,3,5,5,355,Loyal Customers
15710,110,898.87,10/18/2010,418,2,5,5,255,At Risk
15992,54,896.6,12/6/2011,4,5,5,5,555,Champions
13996,33,895.76,11/18/2010,387,2,5,5,255,At Risk
16122,54,895.62,9/27/2011,74,4,5,5,455,Champions
17226,59,895.47,2/4/2011,309,3,5,5,355,Loyal Customers
15211,52,894.41,10/10/2011,61,4,5,5,455,Champions
15066,42,893.59,10/17/2011,54,4,5,5,455,Champions
12772,55,892.47,10/11/2011,60,4,5,5,455,Champions
17155,73,892.46,11/22/2011,18,5,5,5,555,Champions
16784,158,892.33,11/20/2011,20,5,5,5,555,Champions
16442,247,891.98,12/8/2011,2,5,5,5,555,Champions
15393,44,891.34,11/23/2011,17,5,5,5,555,Champions
16361,104,891.21,11/30/2011,10,5,5,5,555,Champions
14065,49,891.02,11/15/2010,390,2,5,5,255,At Risk
15824,26,890.94,9/12/2010,454,2,5,5,255,At Risk
15525,180,890.22,12/7/2011,3,5,5,5,555,Champions
17062,121,889.75,1/30/2011,314,3,5,5,355,Loyal Customers
14813,138,888.91,12/5/2010,370,3,5,5,355,Loyal Customers
17537,74,887.67,11/10/2011,30,4,5,5,455,Champions
16900,79,887.11,11/23/2011,17,5,5,5,555,Champions
15900,126,886.57,11/16/2011,24,5,5,5,555,Champions
16228,54,885.71,11/19/2010,386,2,5,5,255,At Risk
12793,44,885.53,1/9/2011,335,3,5,5,355,Loyal Customers
16898,251,885.21,11/13/2011,27,4,5,5,455,Champions
17704,31,885.19,6/24/2011,169,3,5,5,355,Loyal Customers
17708,73,884.18,6/5/2011,188,3,5,5,355,Loyal Customers
15907,226,882.72,12/6/2011,4,5,5,5,555,Champions
18141,42,882.47,11/3/2010,402,2,5,5,255,At Risk
16387,87,882.46,1/21/2011,323,3,5,5,355,Loyal Customers
17480,53,882.23,9/23/2011,78,4,5,5,455,Champions
16385,114,881.35,10/10/2011,61,4,5,5,455,Champions
17143,112,880.97,10/18/2010,418,2,5,5,255,At Risk
12680,53,880.81,12/9/2011,1,5,5,5,555,Champions
16677,47,880.62,10/24/2010,412,2,5,5,255,At Risk
13937,54,880.13,6/23/2011,170,3,5,5,355,Loyal Customers
14551,79,878.09,11/21/2011,19,5,5,5,555,Champions
14612,14,877.7,10/20/2010,416,2,2,5,225,Lost
15653,6,877.44,9/8/2011,93,4,2,5,425,New Customers
14645,48,876.89,7/6/2011,157,3,5,5,355,Loyal Customers
17864,132,876.57,11/27/2011,13,5,5,5,555,Champions
13768,33,875.97,12/13/2009,727,2,5,5,255,At Risk
13166,68,875.93,3/1/2011,284,3,5,5,355,Loyal Customers
14681,20,875.15,9/29/2011,72,4,5,5,455,Champions
16513,35,874.59,12/5/2011,5,5,5,5,555,Champions
16657,192,874.43,11/30/2011,10,5,5,5,555,Champions
15469,43,874.25,10/20/2011,51,4,5,5,455,Champions
14437,42,873.34,12/9/2010,366,3,5,5,355,Loyal Customers
17361,57,871.79,10/21/2011,50,4,5,5,455,Champions
15224,35,871.36,12/16/2010,359,3,5,5,355,Loyal Customers
13200,46,870.09,11/20/2011,20,5,5,5,555,Champions
17566,142,869.77,12/1/2011,9,5,5,5,555,Champions
14753,48,869.51,9/13/2011,88,4,5,5,455,Champions
16948,43,868.77,7/24/2011,139,3,5,5,355,Loyal Customers
16357,47,868.37,11/6/2011,34,4,5,5,455,Champions
17167,79,867.11,11/25/2010,380,2,5,5,255,At Risk
16567,35,865.6,5/29/2011,195,3,5,5,355,Loyal Customers
13922,30,865.2,12/23/2010,352,3,5,5,355,Loyal Customers
14600,54,865.17,2/7/2011,306,3,5,5,355,Loyal Customers
12791,28,863.51,12/1/2010,374,3,5,5,355,Loyal Customers
16668,53,862.42,11/24/2011,16,5,5,5,555,Champions
12787,44,862.18,11/30/2011,10,5,5,5,555,Champions
17358,146,861.01,2/9/2011,304,3,5,5,355,Loyal Customers
12794,45,860.41,10/17/2011,54,4,5,5,455,Champions
13339,54,860.12,5/23/2011,201,3,5,5,355,Loyal Customers
14372,38,860.08,9/22/2010,444,2,5,5,255,At Risk
13891,99,859.21,11/26/2010,379,3,5,5,355,Loyal Customers
12440,32,859.2,9/3/2010,463,2,5,5,255,At Risk
15870,143,857.46,11/7/2011,33,4,5,5,455,Champions
15287,36,856.03,11/17/2011,23,5,5,5,555,Champions
17161,52,856.01,9/21/2010,445,2,5,5,255,At Risk
15542,226,855.71,7/15/2010,513,2,5,5,255,At Risk
17064,61,855.45,10/12/2011,59,4,5,5,455,Champions
12878,47,854.99,4/17/2011,237,3,5,5,355,Loyal Customers
13945,51,854.15,11/10/2010,395,2,5,5,255,At Risk
14873,49,854.13,5/13/2011,211,3,5,5,355,Loyal Customers
13991,82,852.88,11/27/2011,13,5,5,5,555,Champions
14686,219,852.53,10/21/2010,415,2,5,5,255,At Risk
15266,45,852.21,1/5/2011,339,3,5,5,355,Loyal Customers
16070,33,852.15,11/17/2011,23,5,5,5,555,Champions
12696,49,851.91,10/1/2010,435,2,5,5,255,At Risk
13479,53,851.37,5/23/2011,201,3,5,5,355,Loyal Customers
16020,46,851.01,11/23/2011,17,5,5,5,555,Champions
18108,47,848.81,3/30/2011,255,3,5,5,355,Loyal Customers
12713,38,848.55,12/9/2011,1,5,5,5,555,Champions
15264,55,848.4,10/6/2011,65,4,5,5,455,Champions
15784,43,848.33,8/29/2010,468,2,5,5,255,At Risk
14202,29,847.76,11/23/2010,382,2,5,5,255,At Risk
13221,66,847.41,4/13/2011,241,3,5,5,355,Loyal Customers
13487,49,846.87,10/13/2011,58,4,5,5,455,Champions
16877,156,846.62,11/27/2011,13,5,5,5,555,Champions
13970,13,846.55,11/18/2010,387,2,2,5,225,Lost
14803,44,845.55,6/30/2011,163,3,5,5,355,Loyal Customers
16500,34,843.91,12/5/2011,5,5,5,5,555,Champions
14922,50,843.74,11/11/2010,394,2,5,5,255,At Risk
16344,46,842.42,7/4/2011,159,3,5,5,355,Loyal Customers
16846,47,842.41,10/20/2011,51,4,5,5,455,Champions
17638,3,842.4,3/2/2010,648,2,2,5,225,Lost
16810,34,842.04,5/31/2011,193,3,5,5,355,Loyal Customers
14862,48,841.2,11/14/2011,26,4,5,5,455,Champions
16798,169,841.16,6/3/2010,555,2,5,5,255,At Risk
12891,11,840.5,6/7/2011,186,3,2,5,325,Others
13169,18,840.08,10/7/2011,64,4,2,5,425,New Customers
14355,60,840.05,12/9/2010,366,3,5,5,355,Loyal Customers
18247,37,839.73,10/21/2010,415,2,5,5,255,At Risk
15713,52,839.64,7/19/2011,144,3,5,5,355,Loyal Customers
13940,49,839.14,11/22/2011,18,5,5,5,555,Champions
17332,95,838.27,6/29/2010,529,2,5,5,255,At Risk
14037,114,836.95,6/16/2011,177,3,5,5,355,Loyal Customers
15832,54,836.79,3/30/2011,255,3,5,5,355,Loyal Customers
14929,34,836.69,11/7/2011,33,4,5,5,455,Champions
13795,29,836.3,11/16/2010,389,2,5,5,255,At Risk
16747,42,836.06,11/2/2011,38,4,5,5,455,Champions
13386,31,835.46,10/21/2010,415,2,5,5,255,At Risk
16737,2,835.2,10/17/2011,54,4,2,5,425,New Customers
15190,40,834.44,10/1/2010,435,2,5,5,255,At Risk
16863,47,834.27,11/8/2011,32,4,5,5,455,Champions
16644,62,833.78,6/15/2011,178,3,5,5,355,Loyal Customers
12903,41,833.53,10/7/2010,429,2,5,5,255,At Risk
13175,46,831.45,5/6/2010,583,2,5,5,255,At Risk
15766,26,831.06,10/6/2011,65,4,5,5,455,Champions
15759,17,830.93,5/5/2011,219,3,2,5,325,Others
16924,81,829.89,11/18/2011,22,5,5,5,555,Champions
14087,213,829.47,12/7/2011,3,5,5,5,555,Champions
14851,42,829.41,11/16/2011,24,5,5,5,555,Champions
12730,47,829.25,7/6/2010,522,2,5,5,255,At Risk
12953,48,828.81,11/30/2011,10,5,5,5,555,Champions
15617,42,828.55,11/8/2010,397,2,5,5,255,At Risk
17003,111,828.21,11/2/2010,403,2,5,5,255,At Risk
13681,57,827.83,11/22/2011,18,5,5,5,555,Champions
17045,53,827.68,8/18/2011,114,3,5,5,355,Loyal Customers
12792,47,827.01,3/28/2011,257,3,5,5,355,Loyal Customers
12461,35,826.88,9/6/2011,95,4,5,5,455,Champions
12781,25,826.74,10/7/2011,64,4,5,5,455,Champions
16494,50,826.53,2/16/2011,297,3,5,5,355,Loyal Customers
12427,31,825.8,11/18/2011,22,5,5,5,555,Champions
17880,45,824.92,12/10/2010,365,3,5,5,355,Loyal Customers
13513,40,824.59,8/5/2011,127,3,5,5,355,Loyal Customers
15107,42,824.35,2/1/2011,312,3,5,5,355,Loyal Customers
14260,51,824.28,8/25/2010,472,2,5,5,255,At Risk
16264,63,823.53,9/27/2010,439,2,5,5,255,At Risk
15137,34,823.4,7/7/2010,521,2,5,5,255,At Risk
14508,177,822.92,11/17/2011,23,5,5,5,555,Champions
15847,48,822.57,11/1/2011,39,4,5,5,455,Champions
16164,34,822.48,11/22/2011,18,5,5,5,555,Champions
16680,29,821.45,10/27/2011,44,4,5,5,455,Champions
16246,88,821.35,9/6/2010,460,2,5,5,255,At Risk
13893,21,821.1,2/15/2011,298,3,5,5,355,Loyal Customers
15314,50,820.45,5/24/2011,200,3,5,5,355,Loyal Customers
16135,39,819.45,3/22/2011,263,3,5,5,355,Loyal Customers
17683,46,819.01,11/19/2010,386,2,5,5,255,At Risk
16048,36,818.79,12/1/2010,374,3,5,5,355,Loyal Customers
13612,50,818.29,3/17/2010,633,2,5,5,255,At Risk
15483,269,817.82,7/1/2011,162,3,5,5,355,Loyal Customers
14890,57,817.25,3/31/2011,254,3,5,5,355,Loyal Customers
16869,127,817.12,11/17/2011,23,5,5,5,555,Champions
15180,52,816.93,12/7/2010,368,3,5,5,355,Loyal Customers
14872,43,816.6,8/13/2010,484,2,5,5,255,At Risk
13514,21,815.9,9/27/2011,74,4,5,5,455,Champions
15399,50,815.77,12/8/2011,2,5,5,5,555,Champions
14556,196,815.69,4/22/2010,597,2,5,5,255,At Risk
13811,13,814.5,6/9/2011,184,3,2,5,325,Others
14624,51,814.07,10/13/2011,58,4,5,5,455,Champions
17869,80,813.64,8/24/2011,108,3,5,5,355,Loyal Customers
16621,29,813.48,10/19/2011,52,4,5,5,455,Champions
17194,61,812.5,3/11/2011,274,3,5,5,355,Loyal Customers
16460,132,811.23,11/11/2011,29,4,5,5,455,Champions
16624,48,810.57,9/20/2011,81,4,5,5,455,Champions
13045,45,808.92,9/1/2011,100,3,5,5,355,Loyal Customers
15533,83,807.57,11/20/2011,20,5,5,5,555,Champions
17495,48,806.72,12/2/2011,8,5,5,5,555,Champions
12632,35,804.88,7/7/2010,521,2,5,5,255,At Risk
13637,99,804.3,10/18/2011,53,4,5,5,455,Champions
18248,47,804.02,8/9/2011,123,3,5,5,355,Loyal Customers
16469,194,803.9,11/16/2011,24,5,5,5,555,Champions
15644,232,803.54,6/26/2011,167,3,5,5,355,Loyal Customers
18265,46,801.51,9/28/2011,73,4,5,5,455,Champions
16127,75,801.31,10/31/2011,40,4,5,5,455,Champions
17114,123,801.12,12/4/2011,6,5,5,5,555,Champions
17023,49,800.18,10/18/2010,418,2,5,5,255,At Risk
13720,43,799.9,8/15/2011,117,3,5,5,355,Loyal Customers
13041,35,799.13,9/15/2010,451,2,5,5,255,At Risk
17251,78,798.98,12/12/2010,363,3,5,5,355,Loyal Customers
16438,132,798.35,12/4/2011,6,5,5,5,555,Champions
15309,54,797.96,4/8/2010,611,2,5,5,255,At Risk
13389,51,797.96,11/28/2011,12,5,5,5,555,Champions
17281,6,797.85,11/30/2010,375,3,2,5,325,Others
15637,41,797.59,10/18/2011,53,4,5,5,455,Champions
16155,48,796.9,11/23/2010,382,2,5,5,255,At Risk
15304,24,796.4,10/10/2011,61,4,5,5,455,Champions
15396,16,796.38,8/19/2011,113,3,2,5,325,Others
16952,87,795.83,8/22/2011,110,3,5,5,355,Loyal Customers
18084,7,795.23,11/23/2011,17,5,2,5,525,New Customers
13336,51,795.12,9/23/2011,78,4,5,5,455,Champions
15831,66,794.64,10/12/2011,59,4,5,5,455,Champions
16961,52,794.56,8/15/2011,117,3,5,5,355,Loyal Customers
17212,29,794.41,3/31/2011,254,3,5,5,355,Loyal Customers
13296,53,792.51,7/25/2011,138,3,5,5,355,Loyal Customers
14022,47,792.15,4/28/2011,226,3,5,5,355,Loyal Customers
14976,72,790.86,10/13/2011,58,4,5,5,455,Champions
13484,39,790.72,4/12/2011,242,3,5,5,355,Loyal Customers
13544,238,790.2,10/31/2011,40,4,5,5,455,Champions
14656,207,790,6/23/2011,170,3,5,5,355,Loyal Customers
13016,47,789.89,9/27/2011,74,4,5,5,455,Champions
16759,42,789.79,12/2/2011,8,5,5,5,555,Champions
16472,39,789.6,10/1/2010,435,2,5,5,255,At Risk
15448,49,788.81,1/31/2011,313,3,5,5,355,Loyal Customers
17952,98,788.46,11/26/2010,379,3,5,5,355,Loyal Customers
14557,16,788.38,9/15/2011,86,4,2,5,425,New Customers
17817,134,788.15,12/5/2011,5,5,5,5,555,Champions
14513,19,788.01,8/31/2011,101,3,2,5,325,Others
13323,21,787.85,12/6/2011,4,5,5,5,555,Champions
16468,45,787.52,9/26/2011,75,4,5,5,455,Champions
13212,141,786.83,11/20/2011,20,5,5,5,555,Champions
14463,8,786.57,9/2/2011,99,3,2,5,325,Others
12628,41,786.46,12/5/2011,5,5,5,5,555,Champions
16739,38,786.43,6/16/2011,177,3,5,5,355,Loyal Customers
13770,48,785.37,10/13/2010,423,2,5,5,255,At Risk
13541,10,785.25,10/8/2010,428,2,2,5,225,Lost
15646,68,784.81,7/5/2011,158,3,5,5,355,Loyal Customers
15806,31,784.58,10/24/2011,47,4,5,5,455,Champions
13595,143,784.48,7/11/2010,517,2,5,5,255,At Risk
13415,101,784.17,8/24/2010,473,2,5,5,255,At Risk
15714,48,783.96,11/28/2011,12,5,5,5,555,Champions
12761,27,782.95,9/8/2010,458,2,5,5,255,At Risk
16836,42,782.37,10/31/2011,40,4,5,5,455,Champions
15952,84,781.91,11/6/2011,34,4,5,5,455,Champions
17255,182,781.7,10/30/2011,41,4,5,5,455,Champions
13453,40,781.69,6/27/2011,166,3,5,5,355,Loyal Customers
13287,53,781.59,4/15/2010,604,2,5,5,255,At Risk
15679,110,781.28,11/15/2011,25,5,5,5,555,Champions
15239,49,780.59,11/29/2011,11,5,5,5,555,Champions
13502,33,780.5,11/23/2011,17,5,5,5,555,Champions
15246,51,780.4,4/15/2011,239,3,5,5,355,Loyal Customers
18228,30,779.9,10/14/2011,57,4,5,5,455,Champions
12735,43,779.57,1/28/2011,316,3,5,5,355,Loyal Customers
12504,20,779.05,11/21/2011,19,5,5,5,555,Champions
13781,57,778.83,4/3/2011,251,3,5,5,355,Loyal Customers
14815,53,778.5,11/3/2011,37,4,5,5,455,Champions
16958,70,778.49,9/30/2010,436,2,5,5,255,At Risk
14690,103,777.68,10/26/2011,45,4,5,5,455,Champions
16505,4,777.6,11/8/2011,32,4,2,5,425,New Customers
13563,49,777.53,9/16/2011,85,4,5,5,455,Champions
13745,56,777.36,6/30/2011,163,3,5,5,355,Loyal Customers
15837,52,777.01,10/6/2011,65,4,5,5,455,Champions
15794,15,777,12/3/2009,737,2,2,5,225,Lost
15618,45,776.851,11/7/2011,33,4,5,5,455,Champions
12808,47,776.7,11/3/2011,37,4,5,5,455,Champions
14997,38,776.6,10/24/2011,47,4,5,5,455,Champions
15092,45,776.46,5/8/2011,216,3,5,5,355,Loyal Customers
15743,86,775.96,11/23/2011,17,5,5,5,555,Champions
13314,62,775.94,12/8/2011,2,5,5,5,555,Champions
13341,42,775.85,3/24/2011,261,3,5,5,355,Loyal Customers
17482,53,775.64,8/9/2010,488,2,5,5,255,At Risk
15921,79,775.26,6/20/2011,173,3,5,5,355,Loyal Customers
15414,39,774.9,11/30/2011,10,5,5,5,555,Champions
15773,47,774.52,12/4/2011,6,5,5,5,555,Champions
18058,16,774.06,11/30/2011,10,5,2,5,525,New Customers
18112,62,773.36,11/27/2011,13,5,5,5,555,Champions
16565,11,773.05,12/10/2010,365,3,2,5,325,Others
15075,27,773.03,9/23/2011,78,4,5,5,455,Champions
17349,85,772.41,6/13/2011,180,3,5,5,355,Loyal Customers
12923,60,770.42,10/6/2011,65,4,5,5,455,Champions
17801,81,770.03,9/14/2010,452,2,5,5,255,At Risk
14838,70,769.92,10/12/2010,424,2,5,5,255,At Risk
12965,108,769.81,9/11/2011,90,4,5,5,455,Champions
16480,53,769.29,9/25/2011,76,4,5,5,455,Champions
16978,67,768.88,9/23/2011,78,4,5,5,455,Champions
13980,63,768.82,10/10/2011,61,4,5,5,455,Champions
13356,42,768.24,9/20/2011,81,4,5,5,455,Champions
15331,44,767.91,7/28/2010,500,2,5,5,255,At Risk
13712,33,766.42,4/7/2011,247,3,5,5,355,Loyal Customers
12991,45,764.82,11/16/2011,24,5,5,5,555,Champions
14413,96,764.52,12/12/2010,363,3,5,5,355,Loyal Customers
13699,37,764.15,7/7/2011,156,3,5,5,355,Loyal Customers
16602,40,763.33,11/3/2011,37,4,5,5,455,Champions
17466,41,763.28,11/29/2011,11,5,5,5,555,Champions
15428,44,762.75,11/24/2011,16,5,5,5,555,Champions
16806,93,762.16,8/28/2011,104,3,5,5,355,Loyal Customers
13598,92,761.96,10/23/2011,48,4,5,5,455,Champions
14883,53,761.59,11/21/2011,19,5,5,5,555,Champions
17425,43,759.17,11/20/2011,20,5,5,5,555,Champions
18246,5,758.82,11/16/2011,24,5,2,5,525,New Customers
16720,140,758.74,11/13/2011,27,4,5,5,455,Champions
15908,40,758.62,8/6/2010,491,2,5,5,255,At Risk
15568,53,758.29,12/7/2011,3,5,5,5,555,Champions
15006,182,757.78,10/19/2011,52,4,5,5,455,Champions
13034,44,756.82,10/16/2011,55,4,5,5,455,Champions
16392,144,756.7,3/15/2011,270,3,5,5,355,Loyal Customers
14176,37,756.46,2/15/2011,298,3,5,5,355,Loyal Customers
16411,181,756.39,11/20/2011,20,5,5,5,555,Champions
16262,46,755.15,11/26/2010,379,3,5,5,355,Loyal Customers
13370,39,754.87,12/3/2010,372,3,5,5,355,Loyal Customers
16892,137,754.75,12/8/2011,2,5,5,5,555,Champions
18104,38,754.64,11/2/2011,38,4,5,5,455,Champions
18034,214,754.2,11/18/2011,22,5,5,5,555,Champions
14234,147,754.12,11/17/2011,23,5,5,5,555,Champions
14247,113,753.56,3/6/2011,279,3,5,5,355,Loyal Customers
17579,94,753.28,12/5/2011,5,5,5,5,555,Champions
14998,125,753.18,6/22/2011,171,3,5,5,355,Loyal Customers
13730,43,752.6,7/27/2011,136,3,5,5,355,Loyal Customers
13030,92,752.44,11/28/2011,12,5,5,5,555,Champions
13070,33,751.7,5/31/2011,193,3,5,5,355,Loyal Customers
14923,44,749.1,10/20/2011,51,4,5,5,455,Champions
16972,82,749,11/22/2010,383,2,5,5,255,At Risk
14048,141,748.69,2/7/2011,306,3,5,5,355,Loyal Customers
15656,47,748.5,10/25/2011,46,4,5,5,455,Champions
13108,35,748.46,12/2/2010,373,3,5,5,355,Loyal Customers
17387,76,746.81,11/20/2011,20,5,5,5,555,Champions
14942,19,746.56,11/3/2010,402,2,2,5,225,Lost
17889,116,746.42,5/11/2011,213,3,5,5,355,Loyal Customers
17760,67,746.39,11/18/2011,22,5,5,5,555,Champions
14050,54,746.36,11/8/2011,32,4,5,5,455,Champions
16465,48,746.24,10/15/2010,421,2,5,5,255,At Risk
18190,42,745.62,5/31/2011,193,3,5,5,355,Loyal Customers
14228,38,745.5,9/28/2010,438,2,5,5,255,At Risk
13950,35,745.06,11/28/2011,12,5,5,5,555,Champions
13236,36,744.85,11/15/2011,25,5,5,5,555,Champions
12871,18,744.02,9/16/2011,85,4,2,5,425,New Customers
13354,51,743.53,9/29/2011,72,4,5,5,455,Champions
14104,135,743.53,7/8/2011,155,3,5,5,355,Loyal Customers
17038,63,743.17,11/9/2011,31,4,5,5,455,Champions
16730,82,743.11,10/18/2011,53,4,5,5,455,Champions
15420,56,743,10/1/2010,435,2,5,5,255,At Risk
14302,28,742.9,10/5/2010,431,2,5,5,255,At Risk
12465,47,742.19,11/22/2011,18,5,5,5,555,Champions
18275,19,741.85,5/10/2010,579,2,2,5,225,Lost
13721,42,741.54,11/3/2011,37,4,5,5,455,Champions
13713,80,740.76,10/27/2010,409,2,5,5,255,At Risk
15720,153,739.22,11/15/2011,25,5,5,5,555,Champions
12603,2,739.2,11/18/2011,22,5,2,5,525,New Customers
15988,120,738.89,11/20/2011,20,5,5,5,555,Champions
15462,41,737.05,9/6/2011,95,4,5,5,455,Champions
15070,32,737.05,12/2/2010,373,3,5,5,355,Loyal Customers
16075,41,736.93,7/25/2010,503,2,5,5,255,At Risk
17461,106,735.82,11/17/2011,23,5,5,5,555,Champions
15045,12,735.66,7/11/2011,152,3,2,5,325,Others
12527,32,735.51,9/19/2011,82,4,5,5,455,Champions
13286,49,734.91,4/18/2010,601,2,5,5,255,At Risk
15938,39,734.81,8/19/2011,113,3,5,5,355,Loyal Customers
17616,4,734.4,6/19/2011,174,3,2,5,325,Others
12537,43,732.94,10/27/2010,409,2,5,5,255,At Risk
17979,138,732.41,11/4/2011,36,4,5,5,455,Champions
13780,98,732.07,12/2/2011,8,5,5,5,555,Champions
13575,46,732.07,11/16/2011,24,5,5,5,555,Champions
17548,34,731.26,4/20/2011,234,3,5,5,355,Loyal Customers
17681,14,731.2,4/21/2010,598,2,2,5,225,Lost
14778,35,730.86,8/4/2011,128,3,5,5,355,Loyal Customers
13921,44,730.7,11/2/2010,403,2,5,5,255,At Risk
13452,3,729.8,3/25/2011,260,3,2,5,325,Others
12925,50,729.33,12/5/2011,5,5,5,5,555,Champions
15872,188,729.25,11/25/2011,15,5,5,5,555,Champions
18163,33,728.84,5/4/2010,585,2,5,5,255,At Risk
17756,84,728.75,11/29/2010,376,3,5,5,355,Loyal Customers
12786,18,728.5,4/9/2010,610,2,2,5,225,Lost
17547,31,727.85,11/29/2010,376,3,5,5,355,Loyal Customers
17141,162,727.58,10/17/2010,419,2,5,5,255,At Risk
17374,42,727.11,5/5/2011,219,3,5,5,355,Loyal Customers
16447,68,727.1,7/27/2011,136,3,5,5,355,Loyal Customers
13569,179,726.54,11/22/2011,18,5,5,5,555,Champions
18078,73,725.53,5/6/2011,218,3,5,5,355,Loyal Customers
12723,69,725.07,12/6/2011,4,5,5,5,555,Champions
18187,48,724.89,3/18/2010,632,2,5,5,255,At Risk
13729,39,724.73,9/30/2010,436,2,5,5,255,At Risk
14798,49,724.31,10/18/2011,53,4,5,5,455,Champions
15368,8,722.74,11/18/2011,22,5,2,5,525,New Customers
13264,38,722.56,9/23/2010,443,2,5,5,255,At Risk
17615,56,721.8,8/1/2011,131,3,5,5,355,Loyal Customers
13441,38,720.9,9/9/2011,92,4,5,5,455,Champions
16023,101,719.81,10/24/2011,47,4,5,5,455,Champions
13537,42,717.85,10/10/2010,426,2,5,5,255,At Risk
13604,21,717.62,2/19/2010,659,2,5,5,255,At Risk
16269,53,717.57,9/28/2010,438,2,5,5,255,At Risk
12573,119,717.41,4/26/2011,228,3,5,5,355,Loyal Customers
17860,162,717.39,12/6/2010,369,3,5,5,355,Loyal Customers
16526,35,717.21,6/21/2011,172,3,5,5,355,Loyal Customers
15274,47,716.57,12/5/2011,5,5,5,5,555,Champions
12519,39,716.54,10/7/2011,64,4,5,5,455,Champions
12535,34,716.35,9/9/2011,92,4,5,5,455,Champions
12492,42,715.21,10/7/2011,64,4,5,5,455,Champions
15330,13,714.96,11/7/2011,33,4,2,5,425,New Customers
13512,39,713.39,3/24/2011,261,3,5,5,355,Loyal Customers
14026,50,713.11,8/26/2010,471,2,5,5,255,At Risk
13147,4,712.8,11/29/2011,11,5,2,5,525,New Customers
17761,19,712.78,11/7/2011,33,4,2,5,425,New Customers
14470,60,712.04,11/28/2011,12,5,5,5,555,Champions
15127,28,711.5,10/5/2011,66,4,5,5,455,Champions
13103,33,709.64,10/31/2011,40,4,5,5,455,Champions
13057,40,709.59,6/27/2010,531,2,5,5,255,At Risk
13927,41,708.26,9/26/2011,75,4,5,5,455,Champions
12485,34,708.1,6/28/2010,530,2,5,5,255,At Risk
14398,53,707.79,11/3/2010,402,2,5,5,255,At Risk
16449,40,707.69,5/26/2011,198,3,5,5,355,Loyal Customers
12453,43,707.09,7/28/2011,135,3,5,5,355,Loyal Customers
13626,44,707.04,4/1/2011,253,3,5,5,355,Loyal Customers
16309,42,706.57,8/25/2011,107,3,5,5,355,Loyal Customers
17051,155,706.49,5/29/2011,195,3,5,5,355,Loyal Customers
12890,135,706.02,11/15/2011,25,5,5,5,555,Champions
16364,52,705.79,11/28/2011,12,5,5,5,555,Champions
16882,39,705.12,10/4/2011,67,4,5,5,455,Champions
16015,181,704.55,12/6/2011,4,5,5,5,555,Champions
12612,19,704.04,9/26/2011,75,4,2,5,425,New Customers
12883,42,703.47,11/15/2011,25,5,5,5,555,Champions
15103,35,703.36,11/8/2011,32,4,5,5,455,Champions
17561,191,703.02,11/20/2011,20,5,5,5,555,Champions
14699,50,702.6,5/9/2011,215,3,5,5,355,Loyal Customers
16997,12,702,2/24/2011,289,3,2,5,325,Others
17825,27,701.96,4/20/2010,599,2,5,5,255,At Risk
14324,41,701.61,10/26/2010,410,2,5,5,255,At Risk
14179,157,701.57,10/30/2011,41,4,5,5,455,Champions
14356,33,701.23,9/21/2011,80,4,5,5,455,Champions
13833,44,700.41,7/3/2011,160,3,5,5,355,Loyal Customers
17163,30,699.78,11/18/2011,22,5,5,5,555,Champions
13242,35,699.4,8/19/2011,113,3,5,5,355,Loyal Customers
16018,56,698.13,10/31/2011,40,4,5,5,455,Champions
14497,40,697.06,2/3/2011,310,3,5,5,355,Loyal Customers
16415,145,696.76,10/26/2011,45,4,5,5,455,Champions
15700,86,696.68,6/20/2011,173,3,5,5,355,Loyal Customers
14959,59,695.42,10/6/2011,65,4,5,5,455,Champions
13101,51,695.4,4/19/2011,235,3,5,5,355,Loyal Customers
15995,110,694.54,10/21/2010,415,2,5,5,255,At Risk
15053,69,693.95,12/5/2011,5,5,5,5,555,Champions
14111,10,692.85,11/25/2011,15,5,2,5,525,New Customers
17198,96,692.22,11/16/2011,24,5,5,5,555,Champions
17733,35,692.19,11/1/2011,39,4,5,5,455,Champions
12817,25,690.98,3/3/2011,282,3,5,5,355,Loyal Customers
16658,64,690.83,12/6/2010,369,3,5,5,355,Loyal Customers
14880,46,690.59,9/23/2011,78,4,5,5,455,Champions
16545,8,689.82,6/28/2011,165,3,2,5,325,Others
17834,58,689.67,10/21/2010,415,2,5,5,255,At Risk
17502,28,689.1,11/30/2011,10,5,5,5,555,Champions
15361,10,689.07,12/13/2010,362,3,2,5,325,Others
12450,37,688.2,7/6/2011,157,3,5,5,355,Loyal Customers
18017,4,688,9/19/2011,82,4,2,5,425,New Customers
15901,164,687.72,11/23/2011,17,5,5,5,555,Champions
14809,18,686.76,3/28/2010,622,2,2,5,225,Lost
13898,46,686.4,1/18/2011,326,3,5,5,355,Loyal Customers
16824,39,686.24,11/24/2011,16,5,5,5,555,Champions
17935,64,686.14,7/24/2011,139,3,5,5,355,Loyal Customers
12658,36,686.05,11/21/2011,19,5,5,5,555,Champions
15257,12,685.9,3/1/2011,284,3,2,5,325,Others
15219,26,685.45,6/16/2011,177,3,5,5,355,Loyal Customers
15184,84,685.39,11/10/2011,30,4,5,5,455,Champions
16885,136,684.6,11/24/2011,16,5,5,5,555,Champions
13585,39,684.54,6/27/2010,531,2,5,5,255,At Risk
15669,33,684.34,10/30/2011,41,4,5,5,455,Champions
15207,24,683.92,10/19/2010,417,2,5,5,255,At Risk
17874,46,683.46,6/7/2011,186,3,5,5,355,Loyal Customers
14222,41,683.17,6/15/2011,178,3,5,5,355,Loyal Customers
15582,44,682.91,11/15/2011,25,5,5,5,555,Champions
13987,46,682.54,11/25/2010,380,3,5,5,355,Loyal Customers
12601,34,681.26,6/3/2011,190,3,5,5,355,Loyal Customers
12478,36,680.99,12/6/2011,4,5,5,5,555,Champions
18271,21,680.85,4/9/2010,610,2,5,5,255,At Risk
18082,70,680.84,11/14/2011,26,5,5,5,555,Champions
15973,11,680.62,12/8/2010,367,3,2,5,325,Others
13524,27,680.18,10/30/2011,41,4,5,5,455,Champions
13809,25,679.7,2/7/2011,306,3,5,5,355,Loyal Customers
13430,49,679.45,11/21/2011,19,5,5,5,555,Champions
14151,44,679.45,2/4/2010,674,2,5,5,255,At Risk
17782,29,679.02,11/22/2010,383,2,5,5,255,At Risk
16646,29,678.8,9/16/2010,450,2,5,5,255,At Risk
14182,50,678.77,9/22/2010,444,2,5,5,255,At Risk
13255,26,678.76,11/30/2011,10,5,5,5,555,Champions
13925,41,678.25,9/8/2011,93,4,5,5,455,Champions
15363,35,678.11,12/2/2010,373,3,5,5,355,Loyal Customers
13974,43,677.72,10/21/2011,50,4,5,5,455,Champions
16601,69,677,10/30/2011,41,4,5,5,455,Champions
13040,43,676.99,12/1/2011,9,5,5,5,555,Champions
17462,27,675.69,10/10/2011,61,4,5,5,455,Champions
18156,122,675.64,11/27/2011,13,5,5,5,555,Champions
12942,70,675.6,7/31/2011,132,3,5,5,355,Loyal Customers
13325,12,675.3,9/19/2011,82,4,2,5,425,New Customers
13355,32,674.7,8/9/2011,123,3,5,5,355,Loyal Customers
13951,39,674.45,6/16/2011,177,3,5,5,355,Loyal Customers
14504,107,673.26,10/23/2011,48,4,5,5,455,Champions
16648,37,672.8,10/28/2011,43,4,5,5,455,Champions
16226,31,672.17,5/20/2011,204,3,5,5,355,Loyal Customers
17011,28,671.7,11/9/2011,31,4,5,5,455,Champions
15562,33,671.43,12/23/2010,352,3,5,5,355,Loyal Customers
14142,44,671.34,12/1/2010,374,3,5,5,355,Loyal Customers
17709,40,671.01,6/23/2011,170,3,5,5,355,Loyal Customers
13398,39,670.34,5/31/2011,193,3,5,5,355,Loyal Customers
17418,42,670.06,10/28/2011,43,4,5,5,455,Champions
13741,34,668.43,9/29/2011,72,4,5,5,455,Champions
16268,45,667.65,9/29/2011,72,4,5,5,455,Champions
17962,183,666.96,7/20/2011,143,3,5,5,355,Loyal Customers
18123,56,666.64,11/15/2011,25,5,5,5,555,Champions
13217,5,666.48,8/9/2011,123,3,2,5,325,Others
14932,32,666.13,12/9/2010,366,3,5,5,355,Loyal Customers
17105,90,665.78,7/3/2011,160,3,5,5,355,Loyal Customers
16132,17,664.2,6/13/2010,545,2,2,5,225,Lost
16704,54,664.16,3/31/2010,619,2,5,5,255,At Risk
13596,146,664.11,12/4/2011,6,5,5,5,555,Champions
15643,33,664,6/1/2011,192,3,5,5,355,Loyal Customers
14720,37,663.81,12/4/2011,6,5,5,5,555,Champions
16573,42,663.61,9/16/2011,85,4,5,5,455,Champions
16679,18,663.31,12/8/2010,367,3,2,5,325,Others
12837,88,662.66,6/19/2011,174,3,5,5,355,Loyal Customers
13864,1,662.4,11/18/2010,387,2,2,5,225,Lost
16862,35,662.33,6/10/2010,548,2,5,5,255,At Risk
14425,39,661.39,10/1/2010,435,2,5,5,255,At Risk
13028,45,661.32,11/17/2011,23,5,5,5,555,Champions
17375,86,660.55,5/24/2011,200,3,5,5,355,Loyal Customers
14603,2,660,3/10/2011,275,3,2,5,325,Others
15405,30,659.84,6/3/2011,190,3,5,5,355,Loyal Customers
15492,35,659.46,11/11/2011,29,4,5,5,455,Champions
13759,25,659.41,11/6/2011,34,4,5,5,455,Champions
13622,32,658.95,1/12/2010,697,2,5,5,255,At Risk
14452,129,658.95,11/29/2011,11,5,5,5,555,Champions
14150,26,658.64,11/4/2011,36,4,5,5,455,Champions
13433,24,658.32,7/26/2010,502,2,5,5,255,At Risk
16887,101,658.17,11/4/2011,36,4,5,5,455,Champions
15715,38,658.02,6/2/2010,556,2,5,5,255,At Risk
16696,10,657.9,7/27/2011,136,3,2,5,325,Others
17852,108,657.81,11/28/2011,12,5,5,5,555,Champions
17459,111,657.3,10/27/2011,44,4,5,5,455,Champions
16157,18,656.69,11/24/2011,16,5,2,5,525,New Customers
16708,27,656.63,10/25/2011,46,4,5,5,455,Champions
14558,15,655.5,2/23/2010,655,2,2,5,225,Lost
17371,144,655.37,11/22/2011,18,5,5,5,555,Champions
16117,89,654.4,6/3/2011,190,3,5,5,355,Loyal Customers
17398,38,653.38,8/17/2011,115,3,5,5,355,Loyal Customers
13496,35,653.33,11/29/2011,11,5,5,5,555,Champions
18121,31,653.3,7/13/2011,150,3,5,5,355,Loyal Customers
15205,37,653.24,9/15/2011,86,4,5,5,455,Champions
13820,89,652.75,10/17/2010,419,2,5,5,255,At Risk
17523,33,652.74,11/28/2011,12,5,5,5,555,Champions
17572,32,652.21,9/29/2011,72,4,5,5,455,Champions
13840,40,651.4,10/19/2010,417,2,5,5,255,At Risk
16056,66,650.75,10/25/2011,46,4,5,5,455,Champions
16969,42,650.41,10/31/2011,40,4,5,5,455,Champions
17779,81,650.32,11/18/2011,22,5,5,5,555,Champions
14034,86,648.89,11/17/2011,23,5,5,5,555,Champions
12844,103,648.6,11/10/2011,30,4,5,5,455,Champions
16495,88,648.26,12/6/2011,4,5,5,5,555,Champions
17777,190,647.56,11/15/2011,25,5,5,5,555,Champions
16734,52,646.76,10/18/2011,53,4,5,5,455,Champions
13474,126,646.59,4/17/2011,237,3,5,5,355,Loyal Customers
15945,28,646.27,12/9/2010,366,3,5,5,355,Loyal Customers
15012,191,646.26,10/17/2011,54,4,5,5,455,Champions
14024,34,645.74,8/10/2011,122,3,5,5,355,Loyal Customers
17380,10,645,10/1/2010,435,2,2,5,225,Lost
12719,39,644.95,12/4/2011,6,5,5,5,555,Champions
16185,40,644.72,11/23/2011,17,5,5,5,555,Champions
17312,14,644.3,7/24/2011,139,3,2,5,325,Others
17963,109,643.16,8/25/2010,472,2,5,5,255,At Risk
13237,24,643,11/17/2010,388,2,5,5,255,At Risk
15297,39,641.94,11/29/2011,11,5,5,5,555,Champions
14537,23,641.4,10/13/2011,58,4,5,5,455,Champions
12365,22,641.38,2/21/2011,292,3,5,5,355,Loyal Customers
12624,38,641.13,8/25/2011,107,3,5,5,355,Loyal Customers
13318,20,640.76,12/8/2011,2,5,5,5,555,Champions
14563,106,640.54,7/18/2010,510,2,5,5,255,At Risk
12538,34,640.45,11/10/2011,30,4,5,5,455,Champions
12880,36,640.13,11/23/2010,382,2,5,5,255,At Risk
15183,38,639.93,6/10/2010,548,2,5,5,255,At Risk
12734,19,639.65,12/22/2010,353,3,2,5,325,Others
15648,24,639.5,5/19/2011,205,3,5,5,355,Loyal Customers
17998,58,639.24,11/24/2010,381,2,5,5,255,At Risk
16428,127,638.49,10/22/2010,414,2,5,5,255,At Risk
12699,41,638.11,10/18/2010,418,2,5,5,255,At Risk
17691,43,637.55,12/16/2010,359,3,5,5,355,Loyal Customers
14664,98,636.24,11/20/2011,20,5,5,5,555,Champions
15829,51,636.14,9/1/2011,100,3,5,5,355,Loyal Customers
16534,36,635.9,3/7/2010,643,2,5,5,255,At Risk
17334,31,635.15,2/10/2011,303,3,5,5,355,Loyal Customers
14365,51,634.68,11/10/2010,395,2,5,5,255,At Risk
14219,43,633.83,12/5/2011,5,5,5,5,555,Champions
15666,67,632.94,8/24/2010,473,2,5,5,255,At Risk
13540,32,632.39,8/29/2010,468,2,5,5,255,At Risk
18183,37,632.07,4/26/2011,228,3,5,5,355,Loyal Customers
13822,96,632,12/4/2011,6,5,5,5,555,Champions
17985,21,631.35,11/17/2011,23,5,5,5,555,Champions
13706,38,631.17,2/10/2011,303,3,5,5,355,Loyal Customers
16193,38,630.43,4/17/2011,237,3,5,5,355,Loyal Customers
16399,110,630.22,11/20/2011,20,5,5,5,555,Champions
13525,6,628.78,11/25/2011,15,5,2,5,525,New Customers
14283,41,628.44,9/2/2010,464,2,5,5,255,At Risk
16158,35,628.32,7/5/2010,523,2,5,5,255,At Risk
13480,41,627.82,10/19/2010,417,2,5,5,255,At Risk
13518,36,627.16,9/15/2011,86,4,5,5,455,Champions
14036,38,626.65,2/28/2011,285,3,5,5,355,Loyal Customers
13914,33,626.45,11/28/2011,12,5,5,5,555,Champions
14381,112,625.94,10/18/2011,53,4,5,5,455,Champions
14793,39,625.9,11/18/2011,22,5,5,5,555,Champions
16715,28,625.52,9/22/2011,79,4,5,5,455,Champions
16330,117,625.38,11/22/2011,18,5,5,5,555,Champions
17134,36,625.3,8/25/2011,107,3,5,5,355,Loyal Customers
13776,2,623.98,10/7/2010,429,2,2,5,225,Lost
16750,95,623.93,10/26/2011,45,4,5,5,455,Champions
15147,28,623.5,4/13/2011,241,3,5,5,355,Loyal Customers
16792,102,623.46,3/2/2011,283,3,5,5,355,Loyal Customers
16431,76,623.28,5/10/2011,214,3,5,5,355,Loyal Customers
15258,34,623.16,6/24/2011,169,3,5,5,355,Loyal Customers
16781,39,623,12/2/2010,373,3,5,5,355,Loyal Customers
12575,38,622.82,9/8/2010,458,2,5,5,255,At Risk
14115,22,622.67,7/26/2010,502,2,5,5,255,At Risk
17430,37,622.57,11/7/2011,33,4,5,5,455,Champions
17005,18,622.36,8/26/2010,471,2,2,5,225,Lost
18101,109,622.01,11/28/2011,12,5,5,5,555,Champions
14169,64,621.51,10/5/2010,431,2,5,5,255,At Risk
16368,90,621.44,12/7/2011,3,5,5,5,555,Champions
15016,105,620.89,6/20/2011,173,3,5,5,355,Loyal Customers
13836,31,620.37,11/5/2010,400,2,5,5,255,At Risk
14339,23,620.27,4/11/2011,243,3,5,5,355,Loyal Customers
12667,33,620.13,10/12/2011,59,4,5,5,455,Champions
15276,178,619.8,10/4/2011,67,4,5,5,455,Champions
13444,57,619.08,11/30/2010,375,3,5,5,355,Loyal Customers
13020,39,618.96,5/26/2010,563,2,5,5,255,At Risk
14079,13,618.73,8/7/2011,125,3,2,5,325,Others
13493,8,618.63,3/9/2011,276,3,2,5,325,Others
16613,30,618.59,9/30/2011,71,4,5,5,455,Champions
12596,27,618.27,10/19/2011,52,4,5,5,455,Champions
13301,81,618.09,8/28/2011,104,3,5,5,355,Loyal Customers
14455,77,617.72,10/3/2010,433,2,5,5,255,At Risk
15956,18,617.6,6/6/2010,552,2,2,5,225,Lost
14377,11,617.05,6/1/2011,192,3,2,5,325,Others
16311,37,616.26,11/22/2011,18,5,5,5,555,Champions
17639,79,615.17,3/8/2011,277,3,5,5,355,Loyal Customers
15275,41,615.14,11/2/2011,38,4,5,5,455,Champions
14077,56,615.08,10/30/2011,41,4,5,5,455,Champions
16847,37,614.89,10/27/2011,44,4,5,5,455,Champions
16566,18,614.66,11/24/2011,16,5,2,5,525,New Customers
16844,32,614.34,5/26/2010,563,2,5,5,255,At Risk
16343,78,614.12,11/23/2011,17,5,5,5,555,Champions
14570,68,613.75,3/4/2011,281,3,5,5,355,Loyal Customers
17035,33,613.59,4/8/2011,246,3,5,5,355,Loyal Customers
15362,40,613.08,9/17/2010,449,2,5,5,255,At Risk
12855,67,612.84,12/2/2010,373,3,5,5,355,Loyal Customers
16116,34,612.78,5/12/2011,212,3,5,5,355,Loyal Customers
16178,25,612.6,7/24/2011,139,3,5,5,355,Loyal Customers
16589,44,612.36,9/29/2011,72,4,5,5,455,Champions
12513,35,612.29,8/19/2011,113,3,5,5,355,Loyal Customers
13008,35,612.13,1/20/2011,324,3,5,5,355,Loyal Customers
15232,31,612.06,8/18/2011,114,3,5,5,355,Loyal Customers
16922,122,611.08,5/16/2010,573,2,5,5,255,At Risk
13731,38,610.59,5/4/2011,220,3,5,5,355,Loyal Customers
13832,55,609.89,11/20/2011,20,5,5,5,555,Champions
14636,28,609.85,11/3/2011,37,4,5,5,455,Champions
15748,36,609.81,10/30/2011,41,4,5,5,455,Champions
17325,39,609.57,3/4/2011,281,3,5,5,355,Loyal Customers
17707,24,609.3,6/7/2011,186,3,5,5,355,Loyal Customers
16675,23,608.86,9/24/2010,442,2,5,5,255,At Risk
13933,23,608.79,8/22/2011,110,3,5,5,355,Loyal Customers
15717,24,607,4/19/2011,235,3,5,5,355,Loyal Customers
17473,34,607,10/27/2010,409,2,5,5,255,At Risk
17119,35,606.91,12/6/2011,4,5,5,5,555,Champions
15158,11,606.02,10/25/2011,46,4,2,5,425,New Customers
16590,29,605.9,11/4/2010,401,2,5,5,255,At Risk
17507,88,605.58,3/23/2011,262,3,5,5,355,Loyal Customers
14323,36,605.06,8/17/2011,115,3,5,5,355,Loyal Customers
16321,23,604.55,9/28/2011,73,4,5,5,455,Champions
12944,30,604.51,11/4/2011,36,4,5,5,455,Champions
14611,38,604.33,9/22/2010,444,2,5,5,255,At Risk
13106,16,603.46,7/29/2011,134,3,2,5,325,Others
12707,33,603.42,2/21/2011,292,3,5,5,355,Loyal Customers
18264,36,603.25,7/29/2010,499,2,5,5,255,At Risk
16022,71,602.63,3/24/2011,261,3,5,5,355,Loyal Customers
16080,30,602.56,9/19/2011,82,4,5,5,455,Champions
12654,38,601.98,11/29/2011,11,5,5,5,555,Champions
17270,48,601.45,8/27/2010,470,2,5,5,255,At Risk
14254,23,601.03,10/3/2010,433,2,5,5,255,At Risk
12420,29,600.39,10/7/2011,64,4,5,5,455,Champions
17745,28,600.34,8/19/2010,478,2,5,5,255,At Risk
18211,42,600.07,11/14/2011,26,4,5,5,455,Champions
17678,28,599.76,3/21/2011,264,3,5,5,355,Loyal Customers
12521,38,599.68,7/20/2011,143,3,5,5,355,Loyal Customers
12556,119,599.56,10/20/2011,51,4,5,5,455,Champions
13311,26,598.57,12/5/2011,5,5,5,5,555,Champions
15424,33,597.78,3/30/2011,255,3,5,5,355,Loyal Customers
14569,34,597.33,12/8/2011,2,5,5,5,555,Champions
15631,39,596.67,3/7/2010,643,2,5,5,255,At Risk
16780,96,596.4,8/31/2011,101,3,5,5,355,Loyal Customers
15346,37,596.12,1/11/2011,333,3,5,5,355,Loyal Customers
17845,47,596.09,6/2/2010,556,2,5,5,255,At Risk
14965,81,596.09,9/4/2011,97,3,5,5,355,Loyal Customers
17209,38,595.7,2/28/2010,650,2,5,5,255,At Risk
17658,19,595.42,11/14/2011,26,5,2,5,525,New Customers
13684,108,594.88,2/27/2011,286,3,5,5,355,Loyal Customers
14771,47,594.62,3/28/2010,622,2,5,5,255,At Risk
13558,169,594.52,12/4/2011,6,5,5,5,555,Champions
15442,2,594,4/5/2011,249,3,2,5,325,Others
15929,1,594,3/5/2010,645,2,2,5,225,Lost
14746,9,593.5,10/29/2010,407,2,2,5,225,Lost
16412,122,593.19,10/17/2011,54,4,5,5,455,Champions
18232,37,592.97,9/19/2011,82,4,5,5,455,Champions
16776,126,592.51,10/10/2011,61,4,5,5,455,Champions
13472,28,592.24,9/2/2010,464,2,5,5,255,At Risk
17815,13,591.96,11/11/2010,394,2,2,5,225,Lost
17156,39,591.87,8/5/2010,492,2,5,5,255,At Risk
12790,37,591.85,5/31/2011,193,3,5,5,355,Loyal Customers
17483,28,591.73,10/5/2011,66,4,5,5,455,Champions
15524,9,591.4,11/15/2011,25,5,2,5,525,New Customers
17098,18,591.07,11/23/2010,382,2,2,5,225,Lost
17968,128,590.44,12/1/2010,374,3,5,5,355,Loyal Customers
13270,1,590,12/8/2010,367,3,2,5,325,Others
15160,23,589.27,12/17/2010,358,3,5,5,355,Loyal Customers
15624,34,588.13,8/15/2011,117,3,5,5,355,Loyal Customers
15191,35,588.05,9/2/2010,464,2,5,5,255,At Risk
17890,91,586.89,1/21/2011,323,3,5,5,355,Loyal Customers
14729,132,586.24,12/1/2010,374,3,5,5,355,Loyal Customers
14173,33,586,11/29/2011,11,5,5,5,555,Champions
17392,70,585.92,2/6/2011,307,3,5,5,355,Loyal Customers
12384,27,585.27,11/11/2011,29,4,5,5,455,Champions
12800,34,584.25,8/26/2010,471,2,5,5,255,At Risk
14023,31,584.07,12/2/2011,8,5,5,5,555,Champions
15762,37,583.75,10/5/2011,66,4,5,5,455,Champions
17014,72,583.43,12/1/2011,9,5,5,5,555,Champions
16001,29,583.39,11/23/2010,382,2,5,5,255,At Risk
14670,179,583.33,3/4/2011,281,3,5,5,355,Loyal Customers
16445,180,583.16,11/6/2011,34,4,5,5,455,Champions
15918,61,582.88,6/2/2011,191,3,5,5,355,Loyal Customers
16100,37,582.64,9/3/2010,463,2,5,5,255,At Risk
16802,53,582.61,1/29/2010,680,2,5,5,255,At Risk
17099,40,582.17,6/24/2010,534,2,5,5,255,At Risk
14742,34,579.85,9/30/2010,436,2,5,5,255,At Risk
15588,4,579.6,1/31/2010,678,2,2,5,225,Lost
14529,213,578.61,10/10/2011,61,4,5,5,455,Champions
18262,42,577.54,7/22/2011,141,3,5,5,355,Loyal Customers
15830,39,576,11/2/2011,38,4,5,5,455,Champions
17557,35,575.46,11/25/2011,15,5,5,5,555,Champions
17773,55,575.37,7/13/2010,515,2,5,5,255,At Risk
12859,21,575.1,9/7/2010,459,2,5,5,255,At Risk
13262,50,573.45,3/21/2011,264,3,5,5,355,Loyal Customers
17274,77,573.22,11/4/2011,36,4,5,5,455,Champions
12879,10,573.22,10/26/2011,45,4,2,5,425,New Customers
13424,40,572.77,9/16/2010,450,2,5,5,255,At Risk
13379,97,572.56,11/13/2011,27,4,5,5,455,Champions
13179,34,572.31,3/31/2010,619,2,5,5,255,At Risk
14053,9,572.3,8/7/2011,125,3,2,5,325,Others
12816,29,572.2,9/5/2011,96,4,5,5,455,Champions
13816,28,571.67,11/16/2011,24,5,5,5,555,Champions
15198,31,571.35,9/8/2011,93,4,5,5,455,Champions
15691,14,571.3,4/1/2011,253,3,2,5,325,Others
18053,32,571.07,9/30/2011,71,4,5,5,455,Champions
15821,62,570.96,10/26/2011,45,4,5,5,455,Champions
13190,17,570.66,6/13/2010,545,2,2,5,225,Lost
15315,37,570.5,10/6/2011,65,4,5,5,455,Champions
17122,30,570.5,8/12/2011,120,3,5,5,355,Loyal Customers
15857,24,570.48,11/21/2011,19,5,5,5,555,Champions
14170,145,570.18,11/29/2010,376,3,5,5,355,Loyal Customers
17433,93,569.96,9/12/2011,89,4,5,5,455,Champions
15169,59,569.22,11/22/2010,383,2,5,5,255,At Risk
15920,107,569.14,7/8/2011,155,3,5,5,355,Loyal Customers
13406,9,568.92,10/8/2010,428,2,2,5,225,Lost
18244,19,568.64,10/5/2010,431,2,2,5,225,Lost
13321,11,567.36,9/28/2011,73,4,2,5,425,New Customers
16667,52,567.18,10/2/2011,69,4,5,5,455,Champions
14208,35,567.05,9/6/2011,95,4,5,5,455,Champions
15627,24,566.9,9/8/2010,458,2,5,5,255,At Risk
13998,31,566.7,9/19/2010,447,2,5,5,255,At Risk
18150,37,566.58,11/7/2011,33,4,5,5,455,Champions
16250,35,565.24,3/23/2011,262,3,5,5,355,Loyal Customers
13894,27,564.62,11/16/2011,24,5,5,5,555,Champions
15344,26,563.94,12/9/2011,1,5,5,5,555,Champions
15143,31,563.63,4/28/2011,226,3,5,5,355,Loyal Customers
15597,37,563.37,11/4/2011,36,4,5,5,455,Champions
14986,98,563.1,11/28/2010,377,3,5,5,355,Loyal Customers
17665,19,563.1,8/3/2010,494,2,2,5,225,Lost
17195,31,562.98,2/22/2010,656,2,5,5,255,At Risk
17970,29,562.79,5/12/2011,212,3,5,5,355,Loyal Customers
12559,21,561.71,2/2/2011,311,3,5,5,355,Loyal Customers
17233,58,560.86,11/4/2011,36,4,5,5,455,Champions
15655,34,560.67,4/10/2011,244,3,5,5,355,Loyal Customers
17413,10,560.14,10/31/2010,405,2,2,5,225,Lost
14273,29,559.97,10/19/2011,52,4,5,5,455,Champions
15415,47,559.61,1/30/2011,314,3,5,5,355,Loyal Customers
17503,38,558.96,12/7/2011,3,5,5,5,555,Champions
17223,69,558.04,2/2/2011,311,3,5,5,355,Loyal Customers
14592,158,557.94,11/4/2011,36,4,5,5,455,Champions
13260,8,557.62,10/9/2011,62,4,2,5,425,New Customers
18127,67,556.13,11/20/2011,20,5,5,5,555,Champions
13024,31,555.87,8/26/2010,471,2,5,5,255,At Risk
15102,27,554.67,6/27/2010,531,2,5,5,255,At Risk
15634,34,554.65,11/22/2011,18,5,5,5,555,Champions
18056,30,554.6,2/24/2011,289,3,5,5,355,Loyal Customers
16641,36,554.5,8/26/2011,106,3,5,5,355,Loyal Customers
15650,36,553.88,7/6/2010,522,2,5,5,255,At Risk
17407,23,552.9,10/24/2010,412,2,5,5,255,At Risk
17016,41,552.4,5/12/2010,577,2,5,5,255,At Risk
12797,30,552.08,12/9/2010,366,3,5,5,355,Loyal Customers
12363,23,552,8/22/2011,110,3,5,5,355,Loyal Customers
13677,106,551.24,10/31/2010,405,2,5,5,255,At Risk
16414,63,551.21,11/18/2011,22,5,5,5,555,Champions
17674,27,551.04,9/26/2011,75,4,5,5,455,Champions
17291,1,550.8,2/4/2011,309,3,2,5,325,Others
17265,122,550.01,7/24/2011,139,3,5,5,355,Loyal Customers
12390,32,549.84,9/21/2011,80,4,5,5,455,Champions
16111,73,549.33,10/7/2010,429,2,5,5,255,At Risk
15055,81,549.12,8/22/2010,475,2,5,5,255,At Risk
15200,30,549.05,8/2/2010,495,2,5,5,255,At Risk
15842,25,548.8,11/11/2010,394,2,5,5,255,At Risk
13948,24,548.76,12/14/2010,361,3,5,5,355,Loyal Customers
16936,139,548.29,11/14/2011,26,4,5,5,455,Champions
18039,158,548.22,11/30/2010,375,3,5,5,355,Loyal Customers
16536,54,548.12,8/21/2011,111,3,5,5,355,Loyal Customers
15598,36,548.02,10/17/2011,54,4,5,5,455,Champions
16031,98,547.9,9/8/2011,93,4,5,5,455,Champions
15350,30,547.6,12/1/2010,374,3,5,5,355,Loyal Customers
16811,28,547.07,12/5/2011,5,5,5,5,555,Champions
17637,35,547.06,11/8/2011,32,4,5,5,455,Champions
17295,68,547,11/11/2011,29,4,5,5,455,Champions
17520,30,546.81,10/17/2011,54,4,5,5,455,Champions
15080,31,546.25,10/8/2010,428,2,5,5,255,At Risk
17806,43,546.04,11/28/2011,12,5,5,5,555,Champions
15728,12,544.6,11/25/2010,380,3,2,5,325,Others
18207,31,544.47,7/28/2010,500,2,5,5,255,At Risk
16475,28,544.3,9/12/2011,89,4,5,5,455,Champions
13390,13,544.08,9/26/2011,75,4,2,5,425,New Customers
13955,85,544.07,7/8/2011,155,3,5,5,355,Loyal Customers
14716,96,543.28,10/27/2011,44,4,5,5,455,Champions
16927,6,543.05,8/16/2011,116,3,2,5,325,Others
15959,71,542.89,1/26/2010,683,2,5,5,255,At Risk
13785,30,542.49,10/7/2010,429,2,5,5,255,At Risk
15675,35,542.04,9/19/2011,82,4,5,5,455,Champions
16230,35,542.03,6/3/2011,190,3,5,5,355,Loyal Customers
16060,24,541.95,11/4/2010,401,2,5,5,255,At Risk
16647,33,541.9,6/23/2011,170,3,5,5,355,Loyal Customers
17447,36,541.53,10/30/2011,41,4,5,5,455,Champions
17580,94,541.02,4/1/2011,253,3,5,5,355,Loyal Customers
16576,33,540.87,10/15/2010,421,2,5,5,255,At Risk
12819,19,540.52,9/7/2010,459,2,2,5,225,Lost
12743,131,540.13,7/28/2011,135,3,5,5,355,Loyal Customers
17524,43,539.14,12/13/2010,362,3,5,5,355,Loyal Customers
13812,36,539,10/28/2011,43,4,5,5,455,Champions
15539,41,538.46,12/2/2011,8,5,5,5,555,Champions
13961,19,538.4,11/12/2010,393,2,2,5,225,Lost
14539,32,537.48,11/24/2011,16,5,5,5,555,Champions
16804,60,536.99,11/16/2011,24,5,5,5,555,Champions
18140,54,536.41,8/23/2010,474,2,5,5,255,At Risk
13207,13,535.86,11/24/2011,16,5,2,5,525,New Customers
15890,10,535.65,11/10/2010,395,2,2,5,225,Lost
16142,37,535.34,4/4/2011,250,3,5,5,355,Loyal Customers
12810,32,534.99,6/23/2010,535,2,5,5,255,At Risk
13385,35,534.57,1/14/2011,330,3,5,5,355,Loyal Customers
17443,1,534.24,5/4/2011,220,3,2,5,325,Others
17436,17,534.06,12/8/2011,2,5,2,5,525,New Customers
16785,35,533.78,10/26/2010,410,2,5,5,255,At Risk
16707,65,533.41,11/4/2010,401,2,5,5,255,At Risk
13594,33,533.32,10/18/2011,53,4,5,5,455,Champions
15433,41,533.3,5/10/2011,214,3,5,5,355,Loyal Customers
15825,20,532.94,6/20/2011,173,3,5,5,355,Loyal Customers
15659,21,532.49,10/27/2011,44,4,5,5,455,Champions
15115,35,531.85,11/21/2011,19,5,5,5,555,Champions
14940,32,531.49,10/18/2010,418,2,5,5,255,At Risk
16706,123,531.35,11/2/2011,38,4,5,5,455,Champions
16935,69,530.86,11/23/2010,382,2,5,5,255,At Risk
15917,142,530.17,4/6/2011,248,3,5,5,355,Loyal Customers
18159,23,530.15,2/11/2011,302,3,5,5,355,Loyal Customers
14002,47,529.73,7/28/2011,135,3,5,5,355,Loyal Customers
17458,86,529.58,11/24/2011,16,5,5,5,555,Champions
18191,15,529.4,3/23/2011,262,3,2,5,325,Others
18043,115,529.29,11/15/2011,25,5,5,5,555,Champions
17999,134,528.46,11/2/2011,38,4,5,5,455,Champions
16406,148,528.36,11/21/2011,19,5,5,5,555,Champions
15756,191,528.01,10/9/2011,62,4,5,5,455,Champions
18098,86,527.94,11/8/2010,397,2,5,5,255,At Risk
14616,5,527.78,4/11/2011,243,3,2,5,325,Others
12479,31,527.2,11/28/2011,12,5,5,5,555,Champions
16421,38,526.27,11/28/2010,377,3,5,5,355,Loyal Customers
15919,122,525.69,11/20/2011,20,5,5,5,555,Champions
15467,52,524.88,11/30/2011,10,5,5,5,555,Champions
14417,117,524.65,11/17/2010,388,2,5,5,255,At Risk
15683,26,524.54,8/14/2011,118,3,5,5,355,Loyal Customers
17765,81,524,7/4/2011,159,3,5,5,355,Loyal Customers
13277,23,523.3,11/24/2011,16,5,5,5,555,Champions
17712,29,522.91,10/26/2011,45,4,5,5,455,Champions
13605,53,522.67,11/17/2010,388,2,5,5,255,At Risk
16413,68,522.03,10/14/2011,57,4,5,5,455,Champions
17514,83,522,8/3/2011,129,3,5,5,355,Loyal Customers
12956,42,521.89,2/6/2011,307,3,5,5,355,Loyal Customers
15689,24,521.03,8/12/2011,120,3,5,5,355,Loyal Customers
13977,13,519.81,10/24/2010,412,2,2,5,225,Lost
12571,34,519.61,10/31/2011,40,4,5,5,455,Champions
12777,26,519.45,9/8/2010,458,2,5,5,255,At Risk
12825,24,518.63,7/6/2010,522,2,5,5,255,At Risk
13600,41,518.42,1/31/2011,313,3,5,5,355,Loyal Customers
12979,56,517.7,12/10/2009,730,2,5,5,255,At Risk
18205,32,517.36,11/3/2011,37,4,5,5,455,Champions
14311,31,516.45,4/11/2011,243,3,5,5,355,Loyal Customers
13043,13,516.42,3/11/2011,274,3,2,5,325,Others
14429,22,516.28,11/1/2010,404,2,5,5,255,At Risk
13859,36,515.86,1/17/2011,327,3,5,5,355,Loyal Customers
18243,26,515.78,10/21/2010,415,2,5,5,255,At Risk
14949,27,515,8/27/2010,470,2,5,5,255,At Risk
17510,35,514.56,11/15/2011,25,5,5,5,555,Champions
18212,46,514.37,1/17/2011,327,3,5,5,355,Loyal Customers
12897,14,514.25,5/19/2011,205,3,2,5,325,Others
12977,58,513.88,7/6/2011,157,3,5,5,355,Loyal Customers
16829,27,513.32,7/6/2011,157,3,5,5,355,Loyal Customers
13177,30,512.2,10/6/2011,65,4,5,5,455,Champions
15891,60,511.68,4/27/2011,227,3,5,5,355,Loyal Customers
12361,29,511.25,2/25/2011,288,3,5,5,355,Loyal Customers
16561,31,511.12,12/4/2011,6,5,5,5,555,Champions
13367,20,510.2,10/4/2010,432,2,5,5,255,At Risk
13710,15,509.52,11/8/2011,32,4,2,5,425,New Customers
14008,32,509.04,10/3/2010,433,2,5,5,255,At Risk
12436,16,509.01,9/1/2011,100,3,2,5,325,Others
12907,25,508.91,11/9/2010,396,2,5,5,255,At Risk
15417,28,508.8,9/15/2011,86,4,5,5,455,Champions
17391,3,508.8,6/29/2011,164,3,2,5,325,Others
14317,24,508.58,10/6/2011,65,4,5,5,455,Champions
13067,32,508.51,9/18/2011,83,4,5,5,455,Champions
14552,154,507.93,7/11/2011,152,3,5,5,355,Loyal Customers
17415,14,507.84,9/21/2011,80,4,2,5,425,New Customers
14158,41,507.66,10/30/2011,41,4,5,5,455,Champions
17384,20,507.55,11/20/2011,20,5,5,5,555,Champions
13885,28,506.8,6/3/2011,190,3,5,5,355,Loyal Customers
13123,45,506.75,8/24/2010,473,2,5,5,255,At Risk
14647,48,506.04,5/22/2011,202,3,5,5,355,Loyal Customers
12988,83,505.82,2/20/2011,293,3,5,5,355,Loyal Customers
14807,38,504.14,11/14/2010,391,2,5,5,255,At Risk
17630,26,503.6,6/23/2011,170,3,5,5,355,Loyal Customers
12376,13,503.15,11/15/2010,390,2,2,5,225,Lost
12419,25,503.01,11/19/2010,386,2,5,5,255,At Risk
15138,31,502.52,11/11/2010,394,2,5,5,255,At Risk
17276,53,502.49,11/2/2010,403,2,5,5,255,At Risk
17266,119,501.72,12/7/2011,3,5,5,5,555,Champions
13865,30,501.56,10/12/2011,59,4,5,5,455,Champions
15881,29,501.39,1/31/2011,313,3,5,5,355,Loyal Customers
14968,84,501.24,11/9/2011,31,4,5,5,455,Champions
13116,30,501.14,7/24/2011,139,3,5,5,355,Loyal Customers
13247,25,501.12,11/22/2011,18,5,5,5,555,Champions
18049,87,500.92,9/28/2010,438,2,5,5,255,At Risk
17248,104,500.54,8/11/2011,121,3,5,5,355,Loyal Customers
16616,33,500.42,11/24/2011,16,5,5,5,555,Champions
12366,3,500.24,3/16/2010,634,2,2,5,225,Lost
17110,49,499.9,6/27/2011,166,3,5,5,355,Loyal Customers
13553,89,499.6,2/3/2010,675,2,5,5,255,At Risk
15193,19,499.32,10/10/2011,61,4,2,5,425,New Customers
17256,31,498.93,8/24/2011,108,3,5,5,355,Loyal Customers
16488,29,498.8,11/6/2011,34,4,5,5,455,Champions
14171,64,498.79,9/2/2011,99,3,5,5,355,Loyal Customers
17053,13,498.48,8/1/2011,131,3,2,5,325,Others
16820,26,497.61,9/5/2011,96,4,5,5,455,Champions
17680,20,497.45,11/16/2011,24,5,5,5,555,Champions
17335,36,497.04,11/21/2010,384,2,5,5,255,At Risk
17923,3,497,3/2/2011,283,3,2,5,325,Others
12943,25,496.5,5/30/2010,559,2,5,5,255,At Risk
15300,28,496.44,10/6/2011,65,4,5,5,455,Champions
15018,31,496.21,11/1/2011,39,4,5,5,455,Champions
15278,29,496.16,5/27/2010,562,2,5,5,255,At Risk
12904,71,496.06,11/21/2011,19,5,5,5,555,Champions
16977,28,496,11/9/2010,396,2,5,5,255,At Risk
17995,29,495.48,3/3/2011,282,3,5,5,355,Loyal Customers
14319,26,494.85,10/11/2010,425,2,5,5,255,At Risk
16352,28,494.44,11/22/2011,18,5,5,5,555,Champions
17333,28,494.25,9/15/2011,86,4,5,5,455,Champions
12763,18,494.08,7/24/2011,139,3,2,5,325,Others
15447,29,492.88,1/13/2011,331,3,5,5,355,Loyal Customers
14270,29,492.65,1/12/2011,332,3,5,5,355,Loyal Customers
18203,59,492.52,7/5/2011,158,3,5,5,355,Loyal Customers
14310,22,492.1,10/3/2010,433,2,5,5,255,At Risk
13732,33,491.86,11/11/2011,29,4,5,5,455,Champions
17269,125,491.81,11/19/2010,386,2,5,5,255,At Risk
14663,68,490.6,10/5/2010,431,2,5,5,255,At Risk
15000,77,490.52,10/23/2011,48,4,5,5,455,Champions
15877,126,490.33,12/8/2011,2,5,5,5,555,Champions
14416,14,490.22,11/17/2011,23,5,2,5,525,New Customers
12983,30,490.08,4/20/2010,599,2,5,5,255,At Risk
12634,20,490,6/22/2010,536,2,5,5,255,At Risk
17476,31,489.86,11/9/2010,396,2,5,5,255,At Risk
17715,2,489.6,5/23/2011,201,3,2,5,325,Others
17988,123,489.54,11/28/2011,12,5,5,5,555,Champions
14722,87,489.52,7/15/2011,148,3,5,5,355,Loyal Customers
18280,30,488.15,3/7/2011,278,3,5,5,355,Loyal Customers
17608,159,488.06,11/6/2011,34,4,5,5,455,Champions
15165,27,487.75,12/1/2010,374,3,5,5,355,Loyal Customers
13412,34,487.35,3/29/2010,621,2,5,5,255,At Risk
13733,29,487.03,10/25/2010,411,2,5,5,255,At Risk
16021,126,487.03,11/9/2010,396,2,5,5,255,At Risk
13675,25,486.82,7/11/2011,152,3,5,5,355,Loyal Customers
17453,19,486.72,11/22/2011,18,5,2,5,525,New Customers
12920,59,486.64,11/22/2011,18,5,5,5,555,Champions
13153,15,486.22,12/4/2011,6,5,2,5,525,New Customers
15216,24,486.09,9/13/2011,88,4,5,5,455,Champions
12443,21,485.31,12/7/2009,733,2,5,5,255,At Risk
16999,23,484.82,11/16/2011,24,5,5,5,555,Champions
16024,85,483.99,11/27/2011,13,5,5,5,555,Champions
16603,34,482.47,9/26/2011,75,4,5,5,455,Champions
17996,67,482.33,11/25/2010,380,3,5,5,355,Loyal Customers
12542,39,481.88,8/12/2010,485,2,5,5,255,At Risk
18216,26,481.75,11/8/2011,32,4,5,5,455,Champions
17106,51,481.58,11/15/2010,390,2,5,5,255,At Risk
13176,67,481.49,10/24/2011,47,4,5,5,455,Champions
15174,34,481.46,1/21/2011,323,3,5,5,355,Loyal Customers
13428,138,478.54,11/29/2011,11,5,5,5,555,Champions
15589,29,478.53,3/29/2011,256,3,5,5,355,Loyal Customers
12447,26,476.49,4/10/2011,244,3,5,5,355,Loyal Customers
18176,30,476.35,12/16/2010,359,3,5,5,355,Loyal Customers
15277,26,476.34,10/24/2011,47,4,5,5,455,Champions
15507,45,475.86,6/21/2011,172,3,5,5,355,Loyal Customers
15780,29,475.28,6/9/2011,184,3,5,5,355,Loyal Customers
14322,13,474.1,10/6/2010,430,2,2,5,225,Lost
17104,19,474.03,10/12/2010,424,2,2,5,225,Lost
16635,25,473,10/29/2010,407,2,5,5,255,At Risk
13194,10,472.78,7/27/2011,136,3,2,5,325,Others
14975,26,472.39,10/13/2011,58,4,5,5,455,Champions
13642,105,472.2,5/8/2011,216,3,5,5,355,Loyal Customers
13161,33,472.13,1/30/2011,314,3,5,5,355,Loyal Customers
16038,26,471.78,12/2/2011,8,5,5,5,555,Champions
15721,84,471.4,11/28/2011,12,5,5,5,555,Champions
14237,26,471.14,12/1/2010,374,3,5,5,355,Loyal Customers
16473,28,470.83,6/28/2011,165,3,5,5,355,Loyal Customers
13066,48,470.8,11/15/2011,25,5,5,5,555,Champions
15963,28,470.76,11/20/2011,20,5,5,5,555,Champions
17254,147,469.48,12/5/2011,5,5,5,5,555,Champions
14058,24,469.19,9/3/2010,463,2,5,5,255,At Risk
14369,26,469.13,3/7/2010,643,2,5,5,255,At Risk
15557,19,468.91,11/11/2011,29,4,2,5,425,New Customers
15387,20,468.65,8/4/2010,493,2,5,5,255,At Risk
12554,26,468.5,9/17/2010,449,2,5,5,255,At Risk
13171,46,468.41,11/18/2011,22,5,5,5,555,Champions
17294,17,467.79,2/8/2010,670,2,2,5,225,Lost
17187,23,467.71,4/27/2011,227,3,5,5,355,Loyal Customers
14029,15,467.66,10/7/2011,64,4,2,5,425,New Customers
16390,21,467.5,6/21/2010,537,2,5,5,255,At Risk
12958,49,467.34,11/4/2010,401,2,5,5,255,At Risk
14052,121,466.66,11/20/2011,20,5,5,5,555,Champions
14148,17,466.29,4/20/2011,234,3,2,5,325,Others
16504,83,465.88,11/14/2011,26,5,5,5,555,Champions
13248,26,465.68,8/7/2011,125,3,5,5,355,Loyal Customers
13928,27,464.57,11/29/2011,11,5,5,5,555,Champions
15349,71,463.91,7/4/2011,159,3,5,5,355,Loyal Customers
14727,46,463.73,3/10/2011,275,3,5,5,355,Loyal Customers
18083,40,463.53,11/7/2010,398,2,5,5,255,At Risk
17040,16,463.25,7/25/2011,138,3,2,5,325,Others
17964,98,463.21,11/8/2011,32,4,5,5,455,Champions
14627,29,462.75,11/25/2010,380,3,5,5,355,Loyal Customers
14331,28,462.66,8/7/2011,125,3,5,5,355,Loyal Customers
15958,65,462.12,9/26/2011,75,4,5,5,455,Champions
14954,118,462.12,11/27/2011,13,5,5,5,555,Champions
13624,22,462.08,11/16/2010,389,2,5,5,255,At Risk
18284,28,461.68,10/4/2010,432,2,5,5,255,At Risk
15540,31,460.68,11/28/2011,12,5,5,5,555,Champions
12491,26,460.4,11/1/2011,39,4,5,5,455,Champions
16310,28,460.08,10/21/2010,415,2,5,5,255,At Risk
17111,48,459.58,10/23/2011,48,4,5,5,455,Champions
16596,24,458.98,11/24/2011,16,5,5,5,555,Champions
14118,15,458.45,10/7/2010,429,2,2,5,225,Lost
13957,27,458.25,10/18/2010,418,2,5,5,255,At Risk
14599,79,457.89,11/14/2010,391,2,5,5,255,At Risk
14011,32,457.82,8/16/2010,481,2,5,5,255,At Risk
15121,28,457.72,10/20/2011,51,4,5,5,455,Champions
16069,25,457.7,10/18/2010,418,2,5,5,255,At Risk
12375,17,457.5,11/29/2011,11,5,2,5,525,New Customers
17344,67,457.36,10/24/2011,47,4,5,5,455,Champions
12564,21,456.9,3/23/2011,262,3,5,5,355,Loyal Customers
14819,54,456.41,10/6/2011,65,4,5,5,455,Champions
16039,32,456.4,10/12/2010,424,2,5,5,255,At Risk
14296,27,456.4,10/14/2010,422,2,5,5,255,At Risk
12999,28,455.88,5/27/2011,197,3,5,5,355,Loyal Customers
15585,31,455.3,6/16/2011,177,3,5,5,355,Loyal Customers
14335,60,454.86,11/23/2011,17,5,5,5,555,Champions
16765,52,454.75,2/18/2011,295,3,5,5,355,Loyal Customers
17067,13,454.54,12/15/2009,725,2,2,5,225,Lost
12459,23,454.36,4/13/2010,606,2,5,5,255,At Risk
17140,18,454.12,4/6/2011,248,3,2,5,325,Others
15475,29,454.11,9/23/2011,78,4,5,5,455,Champions
17564,49,454.01,11/15/2011,25,5,5,5,555,Champions
17376,55,453.64,9/30/2011,71,4,5,5,455,Champions
18158,34,453.4,11/30/2011,10,5,5,5,555,Champions
16481,16,453.38,1/26/2010,683,2,2,5,225,Lost
12729,26,453.01,8/18/2011,114,3,5,5,355,Loyal Customers
14184,24,452.89,10/4/2011,67,4,5,5,455,Champions
16799,92,452.78,10/3/2010,433,2,5,5,255,At Risk
13698,38,451.73,4/22/2010,597,2,5,5,255,At Risk
18100,30,451.56,6/7/2010,551,2,5,5,255,At Risk
15802,1,451.42,7/20/2011,143,3,2,5,325,Others
18031,63,451.3,11/26/2010,379,3,5,5,355,Loyal Customers
15961,42,451.29,11/25/2010,380,3,5,5,355,Loyal Customers
12831,22,451.11,3/22/2011,263,3,5,5,355,Loyal Customers
15124,31,450.82,11/17/2011,23,5,5,5,555,Champions
16870,28,450.16,8/27/2010,470,2,5,5,255,At Risk
13150,8,449.97,8/12/2010,485,2,2,5,225,Lost
14784,27,449.93,11/13/2011,27,4,5,5,455,Champions
13877,23,449.68,9/14/2011,87,4,5,5,455,Champions
13489,14,449.52,8/26/2011,106,3,2,5,325,Others
15126,25,449.49,6/21/2010,537,2,5,5,255,At Risk
12448,22,449.45,10/26/2011,45,4,5,5,455,Champions
15418,68,449.42,10/10/2010,426,2,5,5,255,At Risk
17823,100,449.25,10/14/2010,422,2,5,5,255,At Risk
15739,8,449.12,10/4/2011,67,4,2,5,425,New Customers
14761,24,447.92,10/12/2011,59,4,5,5,455,Champions
14780,27,447.68,10/16/2011,55,4,5,5,455,Champions
18201,27,447.53,12/17/2009,723,2,5,5,255,At Risk
16095,30,447.05,9/9/2010,457,2,5,5,255,At Risk
13754,21,447.05,7/11/2011,152,3,5,5,355,Loyal Customers
14149,28,446.62,5/3/2011,221,3,5,5,355,Loyal Customers
17370,33,446.18,9/28/2011,73,4,5,5,455,Champions
14010,24,445.15,5/23/2010,566,2,5,5,255,At Risk
14328,1,445.05,9/27/2010,439,2,2,5,225,Lost
18134,28,445,4/20/2010,599,2,5,5,255,At Risk
12788,26,444.9,9/2/2010,464,2,5,5,255,At Risk
18270,17,444.55,11/1/2011,39,4,2,5,425,New Customers
14638,16,443.6,10/20/2011,51,4,2,5,425,New Customers
16424,13,443.06,6/1/2011,192,3,2,5,325,Others
16404,23,443.05,9/30/2011,71,4,5,5,455,Champions
18222,19,443,9/8/2011,93,4,2,5,425,New Customers
14996,41,442.29,8/15/2010,482,2,5,5,255,At Risk
17699,19,442,8/20/2010,477,2,2,5,225,Lost
12579,29,440.42,9/22/2011,79,4,5,5,455,Champions
18233,1,440,1/18/2011,326,3,2,5,325,Others
13954,25,439.92,12/8/2011,2,5,5,5,555,Champions
17643,31,439.7,12/1/2010,374,3,5,5,355,Loyal Customers
16025,28,439.66,11/10/2011,30,4,5,5,455,Champions
16968,31,439.43,12/5/2011,5,5,5,5,555,Champions
13086,47,439.33,11/22/2010,383,2,5,5,255,At Risk
17718,23,439.18,4/21/2011,233,3,5,5,355,Loyal Customers
13432,111,439.1,5/17/2010,572,2,5,5,255,At Risk
16519,36,439.06,11/14/2011,26,5,5,5,555,Champions
13358,29,439.03,3/16/2011,269,3,5,5,355,Loyal Customers
13964,24,438.9,11/17/2010,388,2,5,5,255,At Risk
17729,23,438.65,4/22/2010,597,2,5,5,255,At Risk
15859,22,438.46,10/3/2010,433,2,5,5,255,At Risk
17807,89,437.87,11/9/2010,396,2,5,5,255,At Risk
12552,20,437.82,11/1/2011,39,4,5,5,455,Champions
17070,103,437.42,8/17/2011,115,3,5,5,355,Loyal Customers
14846,12,437.4,10/8/2010,428,2,2,5,225,Lost
12672,22,437.05,1/14/2011,330,3,5,5,355,Loyal Customers
14123,24,436.18,12/6/2009,734,2,5,5,255,At Risk
16084,38,436.18,2/13/2011,300,3,5,5,355,Loyal Customers
16166,22,435.83,10/7/2010,429,2,5,5,255,At Risk
12445,24,434.98,11/17/2011,23,5,5,5,555,Champions
13738,89,434.78,11/8/2010,397,2,5,5,255,At Risk
15323,29,434.6,5/26/2010,563,2,5,5,255,At Risk
14910,30,434.35,12/7/2011,3,5,5,5,555,Champions
14238,13,434.23,1/17/2011,327,3,2,5,325,Others
16888,52,434.2,11/4/2010,401,2,5,5,255,At Risk
14093,100,433.86,11/27/2011,13,5,5,5,555,Champions
16939,41,433.85,8/8/2010,489,2,5,5,255,At Risk
18029,18,433.77,3/7/2010,643,2,2,5,225,Lost
12493,22,433.74,6/27/2011,166,3,5,5,355,Loyal Customers
15613,27,433.72,4/8/2010,611,2,5,5,255,At Risk
16522,18,433.36,9/30/2010,436,2,2,5,225,Lost
17178,31,432.96,12/8/2009,732,2,5,5,255,At Risk
17687,26,432.68,10/15/2010,421,2,5,5,255,At Risk
16604,12,432.45,5/26/2010,563,2,2,5,225,Lost
16236,20,432.2,9/22/2011,79,4,5,5,455,Champions
16881,1,432,10/4/2011,67,4,2,5,425,New Customers
14042,21,431.98,12/14/2009,726,2,5,5,255,At Risk
15488,11,431.92,9/8/2011,93,4,2,5,425,New Customers
17842,18,430.69,4/16/2010,603,2,2,5,225,Lost
12452,22,430.57,11/23/2011,17,5,5,5,555,Champions
12795,14,430.48,11/21/2011,19,5,2,5,525,New Customers
12827,25,430.15,12/4/2011,6,5,5,5,555,Champions
15450,30,429.84,11/9/2011,31,4,5,5,455,Champions
15461,2,429.7,9/5/2010,461,2,2,5,225,Lost
14979,49,429.66,12/4/2009,736,2,5,5,255,At Risk
15230,23,429.6,4/14/2011,240,3,5,5,355,Loyal Customers
15036,119,429.56,9/28/2011,73,4,5,5,455,Champions
13413,43,429.44,3/10/2010,640,2,5,5,255,At Risk
15888,39,429.16,9/20/2011,81,4,5,5,455,Champions
15553,55,428.93,10/10/2011,61,4,5,5,455,Champions
18089,10,428.45,9/19/2010,447,2,2,5,225,Lost
15360,13,427.93,10/31/2011,40,4,2,5,425,New Customers
12740,27,427.6,10/7/2011,64,4,5,5,455,Champions
18285,12,427,2/17/2010,661,2,2,5,225,Lost
17740,9,426.9,11/15/2010,390,2,2,5,225,Lost
18152,10,426.69,3/3/2010,647,2,2,5,225,Lost
15930,21,426.63,10/3/2011,68,4,5,5,455,Champions
14288,16,426.6,5/10/2011,214,3,2,5,325,Others
15966,27,426.53,9/15/2010,451,2,5,5,255,At Risk
15217,28,426.24,5/25/2010,564,2,5,5,255,At Risk
14877,63,425.85,10/17/2010,419,2,5,5,255,At Risk
13703,37,425.56,1/25/2011,319,3,5,5,355,Loyal Customers
17103,32,424.3,12/17/2009,723,2,5,5,255,At Risk
16541,38,424.03,12/4/2009,736,2,5,5,255,At Risk
16913,18,423.91,2/22/2011,291,3,2,5,325,Others
17330,8,423.8,11/17/2011,23,5,2,5,525,New Customers
14097,40,422.86,8/15/2010,482,2,5,5,255,At Risk
13374,17,422.8,10/21/2010,415,2,2,5,225,Lost
16137,28,422.7,1/28/2010,681,2,5,5,255,At Risk
16689,13,422.6,9/25/2011,76,4,2,5,425,New Customers
18240,6,422.58,10/24/2011,47,4,2,5,425,New Customers
16149,30,422.22,12/5/2011,5,5,5,5,555,Champions
13807,25,422.2,12/7/2010,368,3,5,5,355,Loyal Customers
16773,65,421.24,10/13/2011,58,4,5,5,455,Champions
14757,19,420.5,9/25/2011,76,4,2,5,425,New Customers
15206,9,420.3,11/29/2011,11,5,2,5,525,New Customers
15711,25,420.25,6/1/2010,557,2,5,5,255,At Risk
14575,72,420.22,8/8/2010,489,2,5,5,255,At Risk
13672,18,419.92,2/11/2011,302,3,2,5,325,Others
13442,38,419.87,2/10/2010,668,2,5,5,255,At Risk
13096,1,419.7,11/10/2010,395,2,2,5,225,Lost
14124,5,419.58,9/16/2011,85,4,2,5,425,New Customers
13079,17,419.18,12/5/2011,5,5,2,5,525,New Customers
15262,26,418.82,1/20/2011,324,3,5,5,355,Loyal Customers
12593,21,418.1,8/23/2011,109,3,5,5,355,Loyal Customers
13073,27,418.08,10/24/2010,412,2,5,5,255,At Risk
17701,24,417.95,4/1/2011,253,3,5,5,355,Loyal Customers
17232,35,417.77,12/7/2011,3,5,5,5,555,Champions
16832,21,417.61,6/8/2011,185,3,5,5,355,Loyal Customers
14762,30,417.57,3/21/2011,264,3,5,5,355,Loyal Customers
12833,24,417.38,7/17/2011,146,3,5,5,355,Loyal Customers
17258,55,417.3,11/8/2010,397,2,5,5,255,At Risk
16816,28,417.06,8/28/2011,104,3,5,5,355,Loyal Customers
15935,12,416.86,4/14/2011,240,3,2,5,325,Others
16957,16,416.64,4/14/2011,240,3,2,5,325,Others
15011,20,416.6,11/9/2010,396,2,5,5,255,At Risk
16355,48,416.35,11/29/2010,376,3,5,5,355,Loyal Customers
16356,59,415.87,5/26/2011,198,3,5,5,355,Loyal Customers
12930,25,415.8,9/22/2011,79,4,5,5,455,Champions
12608,16,415.79,10/31/2010,405,2,2,5,225,Lost
15725,32,415.25,11/24/2011,16,5,5,5,555,Champions
14333,15,415.2,10/3/2011,68,4,2,5,425,New Customers
13565,60,414.8,11/20/2011,20,5,5,5,555,Champions
18278,24,414.2,9/27/2011,74,4,5,5,455,Champions
13002,23,414.13,1/25/2011,319,3,5,5,355,Loyal Customers
13669,14,413.55,10/20/2011,51,4,2,5,425,New Customers
14082,65,413.36,12/10/2010,365,3,5,5,355,Loyal Customers
17601,72,413.08,4/14/2011,240,3,5,5,355,Loyal Customers
17767,39,413.05,11/24/2011,16,5,5,5,555,Champions
17662,15,412.92,2/16/2010,662,2,2,5,225,Lost
14620,26,412.78,5/18/2011,206,3,5,5,355,Loyal Customers
16932,133,412.55,10/17/2011,54,4,5,5,455,Champions
18050,23,412.06,12/15/2010,360,3,5,5,355,Loyal Customers
16272,25,411.7,8/15/2011,117,3,5,5,355,Loyal Customers
15960,26,410.95,11/30/2010,375,3,5,5,355,Loyal Customers
18011,63,410.79,12/1/2010,374,3,5,5,355,Loyal Customers
15099,23,410.48,9/16/2011,85,4,5,5,455,Champions
17598,10,409.98,11/23/2010,382,2,2,5,225,Lost
13827,92,409.8,10/13/2011,58,4,5,5,455,Champions
14581,60,409.65,11/23/2011,17,5,5,5,555,Champions
14348,18,409.57,3/24/2011,261,3,2,5,325,Others
15225,23,409.4,4/19/2011,235,3,5,5,355,Loyal Customers
16864,17,409.25,10/1/2010,435,2,2,5,225,Lost
16921,88,409.21,10/9/2011,62,4,5,5,455,Champions
16243,51,409.1,11/6/2011,34,4,5,5,455,Champions
13686,34,409.04,6/10/2011,183,3,5,5,355,Loyal Customers
12974,32,408.95,5/26/2011,198,3,5,5,355,Loyal Customers
16629,60,408.63,9/27/2011,74,4,5,5,455,Champions
16324,111,408.59,8/3/2011,129,3,5,5,355,Loyal Customers
17285,44,407.94,3/21/2010,629,2,5,5,255,At Risk
12353,24,406.76,5/19/2011,205,3,5,5,355,Loyal Customers
16632,27,406.4,8/11/2010,486,2,5,5,255,At Risk
17000,30,406.3,11/8/2010,397,2,5,5,255,At Risk
15342,24,406.09,8/2/2011,130,3,5,5,355,Loyal Customers
12741,16,406.07,6/28/2010,530,2,2,5,225,Lost
16815,73,406.02,9/12/2010,454,2,5,5,255,At Risk
18111,27,405.85,4/29/2010,590,2,5,5,255,At Risk
12922,28,405.38,7/1/2011,162,3,5,5,355,Loyal Customers
13143,23,405.1,5/4/2010,585,2,5,5,255,At Risk
13640,4,405,4/7/2010,612,2,2,5,225,Lost
15941,6,405,3/12/2010,638,2,2,5,225,Lost
15968,80,404.55,11/16/2010,389,2,5,5,255,At Risk
13574,91,404.45,10/24/2010,412,2,5,5,255,At Risk
16319,3,404.4,5/6/2011,218,3,2,5,325,Others
16484,25,404.3,6/19/2011,174,3,5,5,355,Loyal Customers
12498,23,403.7,11/18/2011,22,5,5,5,555,Champions
14678,24,403.39,5/9/2010,580,2,5,5,255,At Risk
17785,51,403.38,10/17/2011,54,4,5,5,455,Champions
17431,43,403.3,1/30/2011,314,3,5,5,355,Loyal Customers
13530,18,402.98,3/15/2010,635,2,2,5,225,Lost
16315,23,402.71,1/13/2011,331,3,5,5,355,Loyal Customers
15504,64,402.7,9/19/2011,82,4,5,5,455,Champions
17094,18,402.2,1/21/2011,323,3,2,5,325,Others
16998,6,402,7/13/2011,150,3,2,5,325,Others
12386,10,401.9,1/6/2011,338,3,2,5,325,Others
14494,17,401.46,11/14/2011,26,4,2,5,425,New Customers
14471,41,400.95,4/27/2010,592,2,5,5,255,At Risk
17168,21,400.2,7/29/2010,499,2,5,5,255,At Risk
14358,25,400.06,11/15/2010,390,2,5,5,255,At Risk
15501,69,399.95,10/31/2010,405,2,5,5,255,At Risk
15446,112,399.75,11/28/2010,377,3,5,5,355,Loyal Customers
18164,24,399.65,11/2/2011,38,4,5,5,455,Champions
13252,19,399.3,11/10/2010,395,2,2,5,225,Lost
18128,42,399.29,6/20/2010,538,2,5,5,255,At Risk
17052,83,399.09,11/11/2011,29,4,5,5,455,Champions
17830,23,398.7,12/8/2011,2,5,5,5,555,Champions
15522,56,397.99,11/7/2011,33,4,5,5,455,Champions
13352,24,397.98,10/10/2011,61,4,5,5,455,Champions
12508,68,397.88,11/13/2011,27,4,5,5,455,Champions
15037,45,397.76,11/28/2010,377,3,5,5,355,Loyal Customers
15280,60,397.52,6/20/2011,173,3,5,5,355,Loyal Customers
15429,82,397.35,11/13/2011,27,4,5,5,455,Champions
17789,29,397.15,3/3/2011,282,3,5,5,355,Loyal Customers
12824,25,397.12,10/11/2011,60,4,5,5,455,Champions
17486,24,396.87,3/23/2011,262,3,5,5,355,Loyal Customers
13597,17,396.71,11/4/2010,401,2,2,5,225,Lost
15883,49,396.48,12/7/2011,3,5,5,5,555,Champions
17918,40,396.39,7/27/2010,501,2,5,5,255,At Risk
18067,37,396.33,10/30/2011,41,4,5,5,455,Champions
15577,59,396.03,7/11/2011,152,3,5,5,355,Loyal Customers
13879,25,395.5,3/4/2010,646,2,5,5,255,At Risk
13083,22,395.43,12/5/2011,5,5,5,5,555,Champions
12677,21,395.1,6/2/2010,556,2,5,5,255,At Risk
16538,41,395.07,6/16/2010,542,2,5,5,255,At Risk
18048,59,394.93,5/20/2011,204,3,5,5,355,Loyal Customers
16207,19,394.38,11/14/2011,26,5,2,5,525,New Customers
15386,31,394.14,6/6/2011,187,3,5,5,355,Loyal Customers
12499,27,393.72,5/28/2010,561,2,5,5,255,At Risk
17300,44,393.64,11/14/2010,391,2,5,5,255,At Risk
15345,20,393.54,10/25/2011,46,4,5,5,455,Champions
15437,57,393.45,3/22/2011,263,3,5,5,355,Loyal Customers
17563,29,392.38,5/10/2010,579,2,5,5,255,At Risk
18110,72,392.28,11/20/2011,20,5,5,5,555,Champions
16827,12,392.13,11/11/2010,394,2,2,5,225,Lost
16783,25,391.95,9/29/2010,437,2,5,5,255,At Risk
14072,19,390.85,2/11/2010,667,2,2,5,225,Lost
14197,20,390.05,10/25/2010,411,2,5,5,255,At Risk
17116,47,389.78,3/1/2010,649,2,5,5,255,At Risk
18024,21,389.78,7/10/2011,153,3,5,5,355,Loyal Customers
17379,78,389.72,11/28/2011,12,5,5,5,555,Champions
14752,5,389.64,10/27/2011,44,4,2,5,425,New Customers
13345,20,389.5,2/25/2011,288,3,5,5,355,Loyal Customers
17479,18,389.26,3/17/2010,633,2,2,5,225,Lost
17286,90,389.18,11/18/2011,22,5,5,5,555,Champions
12690,16,389.01,5/18/2011,206,3,2,5,325,Others
18227,6,388.75,5/6/2011,218,3,2,5,325,Others
15592,24,388.58,10/24/2011,47,4,5,5,455,Champions
13896,21,388.55,3/24/2010,626,2,5,5,255,At Risk
13899,19,388.52,11/23/2011,17,5,2,5,525,New Customers
13673,60,387.44,11/21/2011,19,5,5,5,555,Champions
17771,69,387.41,10/14/2011,57,4,5,5,455,Champions
17595,82,386.69,11/27/2011,13,5,5,5,555,Champions
16148,9,386.62,2/16/2011,297,3,2,5,325,Others
17614,98,386.32,10/13/2011,58,4,5,5,455,Champions
14779,41,386.15,3/4/2011,281,3,5,5,355,Loyal Customers
13584,80,385.7,2/6/2011,307,3,5,5,355,Loyal Customers
16492,23,385.56,6/17/2010,541,2,5,5,255,At Risk
12973,6,385.55,10/22/2010,414,2,2,5,225,Lost
12889,25,385.46,11/23/2010,382,2,5,5,255,At Risk
12829,19,385.3,1/7/2011,337,3,2,5,325,Others
14826,10,385.2,5/7/2010,582,2,2,5,225,Lost
17617,18,385.19,5/30/2010,559,2,2,5,225,Lost
17711,23,385.1,11/29/2011,11,5,5,5,555,Champions
17171,25,384.59,2/23/2011,290,3,5,5,355,Loyal Customers
16868,50,384.56,11/10/2010,395,2,5,5,255,At Risk
16433,34,384.52,11/11/2011,29,4,5,5,455,Champions
17357,44,384.39,11/15/2011,25,5,5,5,555,Champions
13966,21,384.26,9/30/2010,436,2,5,5,255,At Risk
16982,22,384.06,10/10/2011,61,4,5,5,455,Champions
14598,90,384.04,10/26/2011,45,4,5,5,455,Champions
15155,24,383.97,11/21/2010,384,2,5,5,255,At Risk
13792,23,383.95,10/4/2011,67,4,5,5,455,Champions
17804,91,383.78,11/28/2010,377,3,5,5,355,Loyal Customers
12515,16,383.7,12/21/2010,354,3,2,5,325,Others
15440,62,383.68,10/16/2011,55,4,5,5,455,Champions
12547,21,383.58,5/26/2011,198,3,5,5,355,Loyal Customers
12832,27,383.03,11/7/2011,33,4,5,5,455,Champions
13817,24,382.98,11/10/2011,30,4,5,5,455,Champions
17403,45,382.87,11/3/2011,37,4,5,5,455,Champions
14767,18,382.81,8/22/2010,475,2,2,5,225,Lost
16988,20,382.67,12/4/2011,6,5,5,5,555,Champions
13657,16,382.14,11/29/2011,11,5,2,5,525,New Customers
17753,69,382.06,9/1/2010,465,2,5,5,255,At Risk
17250,56,381.97,12/6/2011,4,5,5,5,555,Champions
14908,14,381.9,9/26/2011,75,4,2,5,425,New Customers
16304,25,381.66,1/14/2010,695,2,5,5,255,At Risk
15090,23,381.32,2/4/2011,309,3,5,5,355,Loyal Customers
17393,48,381.15,10/25/2010,411,2,5,5,255,At Risk
17903,45,381.09,11/10/2010,395,2,5,5,255,At Risk
12796,7,381,3/21/2010,629,2,2,5,225,Lost
15048,94,381,10/5/2011,66,4,5,5,455,Champions
17573,25,380.6,11/10/2011,30,4,5,5,455,Champions
17936,72,380.13,12/4/2011,6,5,5,5,555,Champions
14731,45,380.02,10/23/2011,48,4,5,5,455,Champions
16577,23,380,2/11/2010,667,2,5,5,255,At Risk
16552,17,379.73,4/11/2011,243,3,2,5,325,Others
14200,21,379.2,4/1/2010,618,2,5,5,255,At Risk
16909,18,379.14,9/28/2011,73,4,2,5,425,New Customers
16930,53,378.89,11/13/2011,27,4,5,5,455,Champions
13372,23,378.64,9/11/2011,90,4,5,5,455,Champions
17078,28,378.2,11/3/2011,37,4,5,5,455,Champions
12651,30,377.75,1/9/2011,335,3,5,5,355,Loyal Customers
12941,27,377.49,12/15/2009,725,2,5,5,255,At Risk
17736,25,377.44,11/30/2011,10,5,5,5,555,Champions
17783,91,376.96,9/28/2011,73,4,5,5,455,Champions
17717,26,376.92,10/14/2010,422,2,5,5,255,At Risk
16544,11,376.7,7/8/2010,520,2,2,5,225,Lost
17489,29,376.64,10/12/2011,59,4,5,5,455,Champions
14353,25,376.5,5/8/2011,216,3,5,5,355,Loyal Customers
13997,44,376.46,7/8/2010,520,2,5,5,255,At Risk
14531,29,376.34,8/17/2010,480,2,5,5,255,At Risk
13688,5,375.5,3/14/2010,636,2,2,5,225,Lost
14448,20,375.35,11/30/2011,10,5,5,5,555,Champions
14294,23,375.34,10/28/2010,408,2,5,5,255,At Risk
14067,52,374.7,10/7/2011,64,4,5,5,455,Champions
17912,51,374.55,2/2/2011,311,3,5,5,355,Loyal Customers
17568,62,374.45,3/16/2010,634,2,5,5,255,At Risk
14736,88,374.05,8/11/2010,486,2,5,5,255,At Risk
13351,16,373.94,10/4/2011,67,4,2,5,425,New Customers
13283,20,373.36,10/11/2011,60,4,5,5,455,Champions
17810,55,373.16,2/9/2010,669,2,5,5,255,At Risk
15337,21,373.02,10/24/2010,412,2,5,5,255,At Risk
13197,19,373.01,4/9/2010,610,2,2,5,225,Lost
14981,22,372.92,4/7/2011,247,3,5,5,355,Loyal Customers
12895,22,372.8,10/28/2011,43,4,5,5,455,Champions
12544,19,372.7,11/3/2011,37,4,2,5,425,New Customers
12981,20,372.22,11/10/2011,30,4,5,5,455,Champions
13164,10,372.2,5/19/2010,570,2,2,5,225,Lost
17245,25,371.63,5/19/2011,205,3,5,5,355,Loyal Customers
18155,25,371.62,9/25/2011,76,4,5,5,455,Champions
15472,76,371.56,8/18/2011,114,3,5,5,355,Loyal Customers
18162,46,371.51,12/7/2009,733,2,5,5,255,At Risk
14950,19,371.2,11/20/2011,20,5,2,5,525,New Customers
15975,24,371.01,9/16/2011,85,4,5,5,455,Champions
15063,5,370.8,5/10/2011,214,3,2,5,325,Others
15765,25,370.63,2/11/2010,667,2,5,5,255,At Risk
14168,15,370.45,10/15/2010,421,2,2,5,225,Lost
15458,13,370.44,11/14/2011,26,5,2,5,525,New Customers
17437,52,369.68,6/28/2010,530,2,5,5,255,At Risk
15922,11,369.5,12/1/2010,374,3,2,5,325,Others
16758,22,369.34,10/5/2011,66,4,5,5,455,Champions
14888,20,369.2,5/16/2011,208,3,5,5,355,Loyal Customers
14172,44,369.02,4/13/2010,606,2,5,5,255,At Risk
15477,2,368.4,2/28/2010,650,2,2,5,225,Lost
17792,52,368.35,8/29/2010,468,2,5,5,255,At Risk
15989,86,368.31,11/29/2010,376,3,5,5,355,Loyal Customers
14706,25,367.54,3/31/2010,619,2,5,5,255,At Risk
14018,13,367.15,3/4/2010,646,2,2,5,225,Lost
14962,14,366.91,3/14/2011,271,3,2,5,325,Others
14244,16,366.42,2/17/2010,661,2,2,5,225,Lost
12899,17,366.4,10/22/2010,414,2,2,5,225,Lost
17911,39,366.23,11/30/2011,10,5,5,5,555,Champions
16974,8,365.5,7/5/2010,523,2,2,5,225,Lost
15029,10,365.1,3/30/2010,620,2,2,5,225,Lost
13545,54,364.93,11/14/2010,391,2,5,5,255,At Risk
17536,16,364.83,6/15/2011,178,3,2,5,325,Others
14886,18,364.8,4/1/2011,253,3,2,5,325,Others
15949,19,364.72,11/23/2011,17,5,2,5,525,New Customers
15343,21,364.5,9/13/2011,88,4,5,5,455,Champions
15915,113,364.45,11/3/2010,402,2,5,5,255,At Risk
14528,18,364.22,11/2/2011,38,4,2,5,425,New Customers
16509,13,363.7,2/16/2011,297,3,2,5,325,Others
14253,12,363.4,8/3/2010,494,2,2,5,225,Lost
14594,52,363.33,12/2/2011,8,5,5,5,555,Champions
16078,39,362.99,3/1/2011,284,3,5,5,355,Loyal Customers
16378,23,362.95,4/6/2011,248,3,5,5,355,Loyal Customers
13962,23,362.8,11/18/2011,22,5,5,5,555,Champions
14840,22,362.71,3/17/2011,268,3,5,5,355,Loyal Customers
14122,13,362.42,10/29/2010,407,2,2,5,225,Lost
16052,34,362.06,10/16/2011,55,4,5,5,455,Champions
13844,20,361.62,11/28/2011,12,5,5,5,555,Champions
16305,22,361.22,7/24/2011,139,3,5,5,355,Loyal Customers
16448,50,361.12,5/25/2011,199,3,5,5,355,Loyal Customers
13274,19,360.85,10/26/2010,410,2,2,5,225,Lost
18091,25,360.85,4/25/2010,594,2,5,5,255,At Risk
17772,96,360.75,11/29/2011,11,5,5,5,555,Champions
17012,36,360.61,12/14/2009,726,2,5,5,255,At Risk
17945,72,360.35,1/12/2010,697,2,5,5,255,At Risk
18208,17,360.08,5/23/2010,566,2,2,5,225,Lost
13298,2,360,12/8/2011,2,5,2,5,525,New Customers
15008,12,360,8/16/2010,481,2,2,5,225,Lost
13181,19,359.69,11/23/2010,382,2,2,5,225,Lost
14926,3,359.4,11/23/2010,382,2,2,5,225,Lost
14919,13,359.35,6/18/2010,540,2,2,5,225,Lost
15120,21,358.82,7/29/2011,134,3,5,5,355,Loyal Customers
17948,1,358.56,7/15/2011,148,3,2,5,325,Others
16856,19,358.49,11/25/2011,15,5,2,5,525,New Customers
17748,17,358.15,6/30/2010,528,2,2,5,225,Lost
13228,2,358,9/19/2011,82,4,2,5,425,New Customers
16606,22,357.66,10/31/2010,405,2,5,5,255,At Risk
15595,4,357.6,8/9/2010,488,2,2,5,225,Lost
12495,17,357.4,3/9/2010,641,2,2,5,225,Lost
16971,41,357.21,11/1/2011,39,4,5,5,455,Champions
18040,19,357.2,11/20/2011,20,5,2,5,525,New Customers
18273,4,357,12/7/2011,3,5,2,5,525,New Customers
14500,7,356.85,9/12/2011,89,4,2,5,425,New Customers
17200,25,356.71,11/17/2010,388,2,5,5,255,At Risk
15840,27,355.56,10/12/2011,59,4,5,5,455,Champions
12996,22,355.5,11/29/2010,376,3,5,5,355,Loyal Customers
16920,23,355.45,10/24/2010,412,2,5,5,255,At Risk
15863,77,355.1,11/14/2011,26,5,5,5,555,Champions
14268,19,354.85,8/26/2010,471,2,2,5,225,Lost
15986,25,354.42,11/9/2011,31,4,5,5,455,Champions
12888,5,354.12,5/9/2011,215,3,2,5,325,Others
12845,27,354.09,3/17/2011,268,3,5,5,355,Loyal Customers
16323,4,353.66,5/27/2011,197,3,2,5,325,Others
18003,23,353.51,11/28/2010,377,3,5,5,355,Loyal Customers
13210,22,353.48,9/7/2011,94,4,5,5,455,Champions
13343,19,353.43,6/15/2011,178,3,2,5,325,Others
14804,12,353.27,12/1/2011,9,5,2,5,525,New Customers
16382,44,353.1,10/27/2010,409,2,5,5,255,At Risk
16690,19,353.03,9/28/2011,73,4,2,5,425,New Customers
12617,41,352.98,11/10/2011,30,4,5,5,455,Champions
13765,17,352.821,2/24/2010,654,2,2,5,225,Lost
16857,11,352.8,9/23/2010,443,2,2,5,225,Lost
16274,65,351.75,12/1/2010,374,3,5,5,355,Loyal Customers
12566,19,351.65,9/14/2011,87,4,2,5,425,New Customers
16192,11,351.3,12/4/2009,736,2,2,5,225,Lost
13923,20,351.13,10/17/2011,54,4,5,5,455,Champions
14252,10,350.99,11/23/2010,382,2,2,5,225,Lost
13332,21,350.9,11/25/2011,15,5,5,5,555,Champions
13281,22,350.85,9/26/2010,440,2,5,5,255,At Risk
15334,98,350.82,7/6/2011,157,3,5,5,355,Loyal Customers
16476,24,350.35,10/4/2010,432,2,5,5,255,At Risk
12532,16,349.83,11/9/2011,31,4,2,5,425,New Customers
13670,25,349.7,9/25/2011,76,4,5,5,455,Champions
13887,19,349.55,5/19/2011,205,3,2,5,325,Others
18250,21,349.27,2/2/2011,311,3,5,5,355,Loyal Customers
14545,23,349.25,2/3/2010,675,2,5,5,255,At Risk
17252,86,348.91,8/15/2011,117,3,5,5,355,Loyal Customers
13790,45,348.8,12/5/2011,5,5,5,5,555,Champions
17577,21,348.75,3/4/2010,646,2,5,5,255,At Risk
15282,27,348.59,5/18/2010,571,2,5,5,255,At Risk
16263,21,348.16,10/12/2010,424,2,5,5,255,At Risk
12760,21,347.8,9/10/2010,456,2,5,5,255,At Risk
17668,15,347.75,12/8/2011,2,5,2,5,525,New Customers
15085,9,347.54,12/10/2009,730,2,2,5,225,Lost
13062,11,346.98,6/1/2011,192,3,2,5,325,Others
12411,22,346.9,10/26/2010,410,2,5,5,255,At Risk
17780,79,346.56,2/10/2010,668,2,5,5,255,At Risk
13234,61,346.5,2/5/2010,673,2,5,5,255,At Risk
16423,18,346.12,11/15/2011,25,5,2,5,525,New Customers
15781,20,345.46,11/14/2011,26,5,5,5,555,Champions
13774,22,345,9/19/2011,82,4,5,5,455,Champions
14633,20,344.9,3/18/2011,267,3,5,5,355,Loyal Customers
18199,20,344.75,1/25/2010,684,2,5,5,255,At Risk
15519,37,344.61,11/21/2010,384,2,5,5,255,At Risk
17569,29,344.14,1/11/2011,333,3,5,5,355,Loyal Customers
13068,2,344,11/29/2011,11,5,2,5,525,New Customers
16990,2,344,5/5/2011,219,3,2,5,325,Others
15047,22,343.62,3/15/2011,270,3,5,5,355,Loyal Customers
15520,18,343.5,12/8/2011,2,5,2,5,525,New Customers
18081,17,343.45,11/3/2011,37,4,2,5,425,New Customers
12715,20,343.36,8/25/2011,107,3,5,5,355,Loyal Customers
13519,19,343.21,9/22/2011,79,4,2,5,425,New Customers
17795,45,342.83,6/13/2011,180,3,5,5,355,Loyal Customers
13550,42,342.55,11/21/2010,384,2,5,5,255,At Risk
16851,20,342.45,12/5/2011,5,5,5,5,555,Champions
14989,18,342.4,2/16/2010,662,2,2,5,225,Lost
17835,59,342.24,12/7/2011,3,5,5,5,555,Champions
17660,82,342.22,7/21/2011,142,3,5,5,355,Loyal Customers
14724,41,341.9,4/28/2010,591,2,5,2,252,At Risk
16826,22,341.7,10/19/2011,52,4,5,2,452,Others
16585,18,341.59,4/25/2010,594,2,2,2,222,Lost
13187,56,341.36,1/6/2011,338,3,5,2,352,Others
13347,8,341.36,9/30/2011,71,4,2,2,422,New Customers
17928,27,341.24,10/25/2011,46,4,5,2,452,Others
16259,85,340.94,10/25/2010,411,2,5,2,252,At Risk
14491,17,340.93,6/17/2011,176,3,2,2,322,Others
17542,64,340.85,3/15/2011,270,3,5,2,352,Others
16044,19,340.84,9/30/2010,436,2,2,2,222,Lost
15818,11,340.5,4/30/2010,589,2,2,2,222,Lost
12900,13,340.33,10/13/2010,423,2,2,2,222,Lost
12698,16,339.75,4/28/2010,591,2,2,2,222,Lost
13737,30,339.6,5/23/2011,201,3,5,2,352,Others
14203,16,339.34,11/7/2010,398,2,2,2,222,Lost
17697,19,338.95,4/17/2011,237,3,2,2,322,Others
14630,21,338.65,8/12/2010,485,2,5,2,252,At Risk
17833,31,338.46,12/16/2009,724,2,5,2,252,At Risk
14799,23,338.15,10/19/2011,52,4,5,2,452,Others
17296,33,338.13,12/9/2009,731,2,5,2,252,At Risk
12869,37,337.67,1/27/2010,682,2,5,2,252,At Risk
15942,14,337.44,7/29/2011,134,3,2,2,322,Others
12780,20,337.4,4/20/2010,599,2,5,2,252,At Risk
13930,17,337.34,10/13/2011,58,4,2,2,422,New Customers
17973,15,337.04,10/19/2011,52,4,2,2,422,New Customers
17488,18,336.5,3/8/2010,642,2,2,2,222,Lost
15619,3,336.4,11/29/2011,11,5,2,2,522,New Customers
13482,20,336.09,4/21/2011,233,3,5,2,352,Others
14196,6,335.52,8/25/2011,107,3,2,2,322,Others
16063,23,335.32,3/24/2011,261,3,5,2,352,Others
17917,92,335.03,10/25/2011,46,4,5,2,452,Others
12489,15,334.93,1/7/2011,337,3,2,2,322,Others
17821,6,334.62,10/29/2010,407,2,2,2,222,Lost
12350,17,334.4,2/2/2011,311,3,2,2,322,Others
17607,22,333.81,11/28/2010,377,3,5,2,352,Others
13216,5,333.74,3/17/2011,268,3,2,2,322,Others
14241,12,333.7,6/9/2011,184,3,2,2,322,Others
16234,15,333.18,8/20/2010,477,2,2,2,222,Lost
16006,78,332.82,5/12/2011,212,3,5,2,352,Others
14137,11,332.7,1/13/2010,696,2,2,2,222,Lost
13904,26,332.64,11/2/2011,38,4,5,2,452,Others
16850,19,332.41,1/10/2011,334,3,2,2,322,Others
16803,24,332.3,10/5/2011,66,4,5,2,452,Others
16452,18,332.17,3/19/2010,631,2,2,2,222,Lost
17647,12,331.66,10/5/2011,66,4,2,2,422,New Customers
15512,32,331.58,7/7/2011,156,3,5,2,352,Others
17435,15,331.35,10/24/2010,412,2,2,2,222,Lost
16030,29,331.24,2/3/2011,310,3,5,2,352,Others
13981,22,331.14,10/20/2010,416,2,5,2,252,At Risk
16478,17,331,11/14/2011,26,5,2,2,522,New Customers
15878,51,330.77,5/27/2010,562,2,5,2,252,At Risk
17776,80,330.56,11/18/2010,387,2,5,2,252,At Risk
14517,18,330.45,11/6/2011,34,4,2,2,422,New Customers
12807,16,330.35,11/21/2010,384,2,2,2,222,Lost
13010,12,330.12,11/30/2010,375,3,2,2,322,Others
15130,22,330.11,6/23/2011,170,3,5,2,352,Others
12850,2,330,9/20/2010,446,2,2,2,222,Lost
18186,11,329.58,12/17/2009,723,2,2,2,222,Lost
17518,77,329.42,10/10/2010,426,2,5,2,252,At Risk
17914,75,329.36,12/6/2011,4,5,5,2,552,Others
17154,23,329.34,9/25/2011,76,4,5,2,452,Others
15153,22,329.25,11/8/2011,32,4,5,2,452,Others
15979,22,329.22,4/16/2010,603,2,5,2,252,At Risk
15880,96,329.03,12/5/2010,370,3,5,2,352,Others
16286,17,328.95,8/19/2010,478,2,2,2,222,Lost
14012,11,328.8,3/7/2011,278,3,2,2,322,Others
16855,19,328.4,11/16/2011,24,5,2,2,522,New Customers
15213,24,328.35,1/25/2011,319,3,5,2,352,Others
14747,18,328.2,4/4/2011,250,3,2,2,322,Others
16318,19,328.15,11/4/2011,36,4,2,2,422,New Customers
15709,27,327.85,3/1/2011,284,3,5,2,352,Others
17196,93,327.75,10/8/2010,428,2,5,2,252,At Risk
15735,19,327.68,10/14/2010,422,2,2,2,222,Lost
13498,17,327.38,12/9/2009,731,2,2,2,222,Lost
16322,37,326.75,12/8/2011,2,5,5,2,552,Others
12460,18,326.65,9/9/2010,457,2,2,2,222,Lost
13646,58,326.25,11/5/2010,400,2,5,2,252,At Risk
18047,83,326.09,11/23/2010,382,2,5,2,252,At Risk
17439,8,325.74,2/22/2010,656,2,2,2,222,Lost
12804,66,325.37,8/31/2010,466,2,5,2,252,At Risk
13661,17,325.24,4/15/2010,604,2,2,2,222,Lost
15670,19,325.2,2/16/2011,297,3,2,2,322,Others
13801,23,324.8,10/4/2011,67,4,5,2,452,Others
15982,45,324.51,4/13/2010,606,2,5,2,252,At Risk
12946,20,324.45,9/29/2010,437,2,5,2,252,At Risk
18261,21,324.24,10/27/2011,44,4,5,2,452,Others
16685,62,324.24,10/9/2011,62,4,5,2,452,Others
13834,16,324.19,5/12/2010,577,2,2,2,222,Lost
17440,6,323.58,7/6/2011,157,3,2,2,322,Others
13025,13,323.39,12/8/2009,732,2,2,2,222,Lost
16195,16,323.25,12/16/2009,724,2,2,2,222,Lost
14263,16,322.93,10/12/2010,424,2,2,2,222,Lost
16627,20,322.8,9/21/2011,80,4,5,2,452,Others
14832,1,322.69,3/19/2010,631,2,2,2,222,Lost
16342,15,322.41,9/25/2011,76,4,2,2,422,New Customers
14424,1,322.08,11/22/2011,18,5,2,2,522,New Customers
15726,23,321.91,11/14/2010,391,2,5,2,252,At Risk
18090,54,321.9,10/14/2010,422,2,5,2,252,At Risk
13111,12,321.88,12/21/2009,719,2,2,2,222,Lost
17976,57,321.79,12/2/2010,373,3,5,2,352,Others
17471,19,321.65,8/22/2010,475,2,2,2,222,Lost
14070,41,321.6,1/24/2010,685,2,5,2,252,At Risk
15770,18,321.45,4/6/2010,613,2,2,2,222,Lost
14823,70,321.43,6/12/2011,181,3,5,2,352,Others
17182,6,321.3,10/13/2010,423,2,2,2,222,Lost
15869,34,321.11,3/7/2011,278,3,5,2,352,Others
15236,15,321.05,2/14/2011,299,3,2,2,322,Others
15432,16,320.76,11/16/2011,24,5,2,2,522,New Customers
14622,21,320.58,6/8/2011,185,3,5,2,352,Others
13986,13,320.46,11/22/2011,18,5,2,2,522,New Customers
17843,62,320.4,2/9/2011,304,3,5,2,352,Others
17309,36,320.39,9/5/2011,96,4,5,2,452,Others
16683,18,320.25,6/24/2010,534,2,2,2,222,Lost
13942,1,320,6/23/2010,535,2,2,2,222,Lost
13843,18,319.75,11/23/2010,382,2,2,2,222,Lost
16436,40,319.14,2/9/2010,669,2,5,2,252,At Risk
16967,21,319.02,6/3/2011,190,3,5,2,352,Others
17229,47,318.76,9/4/2011,97,3,5,2,352,Others
16273,15,318.34,3/1/2010,649,2,2,2,222,Lost
15682,25,318.24,4/19/2010,600,2,5,2,252,At Risk
14703,22,318.17,11/25/2011,15,5,5,2,552,Others
17839,52,318.15,10/28/2011,43,4,5,2,452,Others
18253,7,317.88,3/7/2010,643,2,2,2,222,Lost
17267,37,317.2,8/4/2011,128,3,5,2,352,Others
15616,13,317.11,9/27/2010,439,2,2,2,222,Lost
17689,22,317.08,11/16/2010,389,2,5,2,252,At Risk
16761,13,316.62,9/4/2011,97,3,2,2,322,Others
15204,9,316.58,12/17/2010,358,3,2,2,322,Others
12529,21,316.48,6/29/2010,529,2,5,2,252,At Risk
13494,18,316.26,2/1/2011,312,3,2,2,322,Others
17408,8,316.09,6/29/2011,164,3,2,2,322,Others
18117,72,315.65,11/14/2011,26,5,5,2,552,Others
12614,20,315.6,3/7/2011,278,3,5,2,352,Others
15042,9,315.45,5/24/2011,200,3,2,2,322,Others
16091,18,315.06,7/8/2011,155,3,2,2,322,Others
17121,12,314.74,11/2/2010,403,2,2,2,222,Lost
14991,21,314.67,10/5/2010,431,2,5,2,252,At Risk
18206,19,314.66,6/4/2010,554,2,2,2,222,Lost
12650,20,314.44,12/6/2011,4,5,5,2,552,Others
18070,9,314.1,2/8/2010,670,2,2,2,222,Lost
15873,6,313.92,7/28/2010,500,2,2,2,222,Lost
15196,42,313.7,10/3/2010,433,2,5,2,252,At Risk
13087,15,313.64,12/13/2009,727,2,2,2,222,Lost
16582,6,313.62,8/18/2011,114,3,2,2,322,Others
12665,17,313.6,1/19/2011,325,3,2,2,322,Others
13845,9,312.98,10/6/2011,65,4,2,2,422,New Customers
15162,12,312.9,12/8/2009,732,2,2,2,222,Lost
13905,12,312.65,12/7/2009,733,2,2,2,222,Lost
15318,33,312.62,12/6/2011,4,5,5,2,552,Others
13226,28,312.46,3/11/2011,274,3,5,2,352,Others
12834,18,312.38,3/2/2011,283,3,2,2,322,Others
17326,86,312.35,10/27/2010,409,2,5,2,252,At Risk
14094,43,311.77,9/26/2010,440,2,5,2,252,At Risk
14951,20,311.69,9/21/2011,80,4,5,2,452,Others
12852,17,311.55,2/18/2011,295,3,2,2,322,Others
13990,16,311.3,5/10/2011,214,3,2,2,322,Others
15724,17,310.85,5/22/2011,202,3,2,2,322,Others
13400,23,310.83,5/6/2010,583,2,5,2,252,At Risk
16328,16,310.83,5/25/2010,564,2,2,2,222,Lost
13847,19,310.72,12/20/2009,720,2,2,2,222,Lost
16439,9,310.7,12/17/2009,723,2,2,2,222,Lost
15185,21,310.62,9/30/2011,71,4,5,2,452,Others
14848,11,310.56,10/31/2010,405,2,2,2,222,Lost
15308,19,310.47,3/10/2011,275,3,2,2,322,Others
15188,23,310.43,12/14/2009,726,2,5,2,252,At Risk
13315,22,310.26,1/19/2010,690,2,5,2,252,At Risk
14749,18,310.15,8/17/2010,480,2,2,2,222,Lost
13628,16,310.14,2/1/2010,677,2,2,2,222,Lost
17181,28,309.85,10/13/2011,58,4,5,2,452,Others
15699,18,309.65,11/22/2011,18,5,2,2,522,New Customers
16373,29,309.49,11/22/2010,383,2,5,2,252,At Risk
12884,7,309.05,9/12/2011,89,4,2,2,422,New Customers
15010,20,308.94,11/4/2011,36,4,5,2,452,Others
16956,16,308.74,11/22/2011,18,5,2,2,522,New Customers
16194,8,308.6,11/29/2010,376,3,2,2,322,Others
14181,52,308.35,10/25/2010,411,2,5,2,252,At Risk
13369,14,308.28,12/9/2010,366,3,2,2,322,Others
14927,20,308.2,11/8/2010,397,2,5,2,252,At Risk
15302,15,308,12/9/2009,731,2,2,2,222,Lost
15778,17,307.95,10/4/2010,432,2,2,2,222,Lost
13289,16,307.95,12/16/2009,724,2,2,2,222,Lost
16123,16,307.78,10/19/2011,52,4,2,2,422,New Customers
13529,15,307.76,9/22/2011,79,4,2,2,422,New Customers
14777,16,307.56,11/1/2010,404,2,2,2,222,Lost
13060,15,307.53,3/31/2011,254,3,2,2,322,Others
17120,18,307.46,4/20/2011,234,3,2,2,322,Others
13932,16,307.4,2/18/2011,295,3,2,2,322,Others
15374,10,307.32,8/3/2011,129,3,2,2,322,Others
14783,17,307.3,2/18/2010,660,2,2,2,222,Lost
17721,11,307.21,2/18/2010,660,2,2,2,222,Lost
13036,6,307.1,1/24/2010,685,2,2,2,222,Lost
13142,23,307.09,11/20/2011,20,5,5,2,552,Others
15087,15,306.94,3/3/2011,282,3,2,2,322,Others
13660,40,306.64,11/4/2010,401,2,5,2,252,At Risk
16649,20,306.58,7/7/2010,521,2,5,2,252,At Risk
13718,12,306.55,4/7/2011,247,3,2,2,322,Others
18059,18,306.46,11/16/2011,24,5,2,2,522,New Customers
16524,53,306.19,9/19/2010,447,2,5,2,252,At Risk
17077,1,306,5/10/2010,579,2,2,2,222,Lost
15454,40,305.99,12/12/2010,363,3,5,2,352,Others
15135,20,305.68,4/14/2011,240,3,5,2,352,Others
16796,18,305.62,9/11/2011,90,4,2,2,422,New Customers
16181,11,305.54,9/27/2011,74,4,2,2,422,New Customers
13383,1,305.28,6/14/2010,544,2,2,2,222,Lost
15893,1,305.28,8/15/2010,482,2,2,2,222,Lost
15163,29,304.47,11/21/2011,19,5,5,2,552,Others
16217,15,304.25,4/18/2011,236,3,2,2,322,Others
18185,17,304.25,4/4/2011,250,3,2,2,322,Others
16674,93,304.24,10/16/2011,55,4,5,2,452,Others
17688,19,304.2,11/11/2010,394,2,2,2,222,Lost
14990,42,304.17,4/6/2010,613,2,5,2,252,At Risk
17383,51,304.09,12/5/2011,5,5,5,2,552,Others
16489,6,303.7,11/24/2010,381,2,2,2,222,Lost
14791,19,303.63,4/12/2010,607,2,2,2,222,Lost
14806,20,303.43,9/25/2011,76,4,5,2,452,Others
18255,19,303.15,9/11/2011,90,4,2,2,422,New Customers
16425,21,302.7,2/10/2011,303,3,5,2,352,Others
14043,41,302.6,8/5/2010,492,2,5,2,252,At Risk
18165,10,302.46,6/15/2011,178,3,2,2,322,Others
17339,10,302.36,9/6/2011,95,4,2,2,422,New Customers
17506,14,302.2,9/25/2011,76,4,2,2,422,New Customers
15054,114,302.1,11/27/2011,13,5,5,2,552,Others
15242,4,302.04,10/13/2010,423,2,2,2,222,Lost
16297,20,301.9,3/16/2011,269,3,5,2,352,Others
13773,19,301.54,11/8/2010,397,2,2,2,222,Lost
15667,13,301.32,10/31/2011,40,4,2,2,422,New Customers
15148,20,301.29,11/29/2011,11,5,5,2,552,Others
13625,21,301.26,4/22/2010,597,2,5,2,252,At Risk
16437,21,301.25,11/23/2010,382,2,5,2,252,At Risk
12351,21,300.93,11/29/2010,376,3,5,2,352,Others
16479,35,300.83,11/29/2011,11,5,5,2,552,Others
16050,21,300.7,6/19/2011,174,3,5,2,352,Others
17556,14,300.67,5/18/2011,206,3,2,2,322,Others
17793,52,300.34,11/14/2011,26,5,5,2,552,Others
14797,16,300.31,7/20/2010,508,2,2,2,222,Lost
17991,38,300.3,4/28/2011,226,3,5,2,352,Others
17766,22,299.61,11/23/2010,382,2,5,2,252,At Risk
12864,7,299.57,7/24/2011,139,3,2,2,322,Others
13346,6,299.4,9/3/2010,463,2,2,2,222,Lost
17898,50,299.18,9/15/2011,86,4,5,2,452,Others
13667,83,299.05,7/13/2011,150,3,5,2,352,Others
12595,19,299.02,7/23/2010,505,2,2,2,222,Lost
15609,16,298.48,6/8/2011,185,3,2,2,322,Others
17824,13,298.4,10/19/2011,52,4,2,2,422,New Customers
12881,7,298,3/9/2011,276,3,2,2,322,Others
18018,44,297.99,8/23/2011,109,3,5,2,352,Others
16583,18,297.95,12/1/2010,374,3,2,2,322,Others
14835,2,297,6/29/2010,529,2,2,2,222,Lost
17627,10,296.36,8/18/2010,479,2,2,2,222,Lost
13751,9,296.25,2/24/2011,289,3,2,2,322,Others
12898,27,296.21,9/2/2010,464,2,5,2,252,At Risk
13504,22,295.93,10/6/2011,65,4,5,2,452,Others
14269,16,295.73,9/26/2010,440,2,2,2,222,Lost
14614,19,295.13,11/18/2010,387,2,2,2,222,Lost
16252,21,295.09,11/22/2010,383,2,5,2,252,At Risk
16579,14,295.05,10/10/2010,426,2,2,2,222,Lost
17057,50,294.74,4/22/2010,597,2,5,2,252,At Risk
17301,113,294.39,11/18/2011,22,5,5,2,552,Others
15060,115,294.25,12/1/2011,9,5,5,2,552,Others
17124,31,294.24,6/7/2011,186,3,5,2,352,Others
17927,10,294,12/18/2009,722,2,2,2,222,Lost
15718,18,293.79,6/17/2010,541,2,2,2,222,Lost
14192,14,293.74,11/16/2010,389,2,2,2,222,Lost
15928,11,293.53,2/21/2010,657,2,2,2,222,Lost
17710,20,293.5,10/12/2010,424,2,5,2,252,At Risk
16402,57,293.45,3/20/2011,265,3,5,2,352,Others
17441,21,293.35,12/7/2009,733,2,5,2,252,At Risk
17207,60,292.62,2/25/2010,653,2,5,2,252,At Risk
16721,37,292.47,3/22/2011,263,3,5,2,352,Others
16543,18,292.21,4/27/2010,592,2,2,2,222,Lost
13739,6,292.2,11/21/2011,19,5,2,2,522,New Customers
14985,83,292.01,5/25/2011,199,3,5,2,352,Others
13449,19,291.88,11/16/2011,24,5,2,2,522,New Customers
17907,13,291.76,3/9/2010,641,2,2,2,222,Lost
17882,53,291.56,11/25/2010,380,3,5,2,352,Others
16615,19,291.5,3/23/2010,627,2,2,2,222,Lost
18182,10,291.13,9/2/2010,464,2,2,2,222,Lost
17551,39,290.34,12/15/2010,360,3,5,2,352,Others
15391,12,289.87,5/4/2010,585,2,2,2,222,Lost
16897,37,289.78,2/13/2011,300,3,5,2,352,Others
13796,22,289.7,7/28/2010,500,2,5,2,252,At Risk
15962,55,289.48,9/16/2010,450,2,5,2,252,At Risk
15041,104,289.4,6/22/2011,171,3,5,2,352,Others
14162,25,289.36,6/19/2011,174,3,5,2,352,Others
15545,80,288.97,10/16/2011,55,4,5,2,452,Others
17501,18,288.6,5/3/2011,221,3,2,2,322,Others
16808,23,288.42,9/1/2011,100,3,5,2,352,Others
16432,8,287.4,10/6/2011,65,4,2,2,422,New Customers
17497,7,287.25,11/14/2010,391,2,2,2,222,Lost
13508,28,287.05,4/10/2011,244,3,5,2,352,Others
14660,30,285.74,9/14/2011,87,4,5,2,452,Others
14402,8,285.6,2/25/2010,653,2,2,2,222,Lost
17636,20,285.56,11/20/2011,20,5,5,2,552,Others
16890,19,285.41,8/20/2010,477,2,2,2,222,Lost
13708,49,285.33,3/13/2011,272,3,5,2,352,Others
12487,2,285.3,12/9/2009,731,2,2,2,222,Lost
16429,2,284.55,8/25/2011,107,3,2,2,322,Others
15445,14,284.5,3/20/2011,265,3,2,2,322,Others
17359,38,284.46,11/28/2011,12,5,5,2,552,Others
15354,3,284.4,4/15/2010,604,2,2,2,222,Lost
13616,35,283.85,5/20/2010,569,2,5,2,252,At Risk
13121,50,283.73,3/15/2011,270,3,5,2,352,Others
15662,12,283.73,2/16/2010,662,2,2,2,222,Lost
13909,38,282.85,10/12/2010,424,2,5,2,252,At Risk
15936,19,282.79,11/25/2010,380,3,2,2,322,Others
13511,5,282.76,2/1/2010,677,2,2,2,222,Lost
12771,15,282.3,8/11/2010,486,2,2,2,222,Lost
16557,11,281.85,11/15/2011,25,5,2,2,522,New Customers
13326,13,281.76,10/3/2010,433,2,2,2,222,Lost
13679,50,281.26,8/3/2010,494,2,5,2,252,At Risk
18042,16,281.15,10/17/2011,54,4,2,2,422,New Customers
15772,16,280.88,10/17/2010,419,2,2,2,222,Lost
12851,77,280.76,9/4/2011,97,3,5,2,352,Others
13080,19,280.73,6/13/2011,180,3,2,2,322,Others
14433,74,280.7,8/31/2010,466,2,5,2,252,At Risk
14242,16,280.55,4/19/2011,235,3,2,2,322,Others
13581,33,280.53,2/3/2011,310,3,5,2,352,Others
17247,54,280.09,11/24/2011,16,5,5,2,552,Others
15556,31,279.77,11/15/2011,25,5,5,2,552,Others
14183,34,278.34,10/24/2010,412,2,5,2,252,At Risk
14764,6,278.3,10/24/2011,47,4,2,2,422,New Customers
14303,22,277.94,10/28/2010,408,2,5,2,252,At Risk
15338,58,277.93,1/31/2010,678,2,5,2,252,At Risk
15355,14,277.05,11/10/2011,30,4,2,2,422,New Customers
13606,40,276.75,11/10/2011,30,4,5,2,452,Others
13272,15,276.56,11/8/2011,32,4,2,2,422,New Customers
12750,15,275.88,8/3/2011,129,3,2,2,322,Others
13399,15,275.4,9/1/2010,465,2,2,2,222,Lost
16313,16,274.15,12/6/2011,4,5,2,2,522,New Customers
12789,8,273.35,10/5/2011,66,4,2,2,422,New Customers
17072,21,273.35,3/24/2010,626,2,5,2,252,At Risk
13307,15,273.34,8/11/2011,121,3,2,2,322,Others
17355,33,273.31,11/18/2010,387,2,5,2,252,At Risk
13861,21,273.26,10/6/2010,430,2,5,2,252,At Risk
17498,17,272.22,9/25/2011,76,4,2,2,422,New Customers
13917,18,272.04,10/21/2011,50,4,2,2,422,New Customers
14816,4,271.85,5/26/2011,198,3,2,2,322,Others
17292,15,271.75,8/24/2010,473,2,2,2,222,Lost
14436,11,271.7,9/2/2011,99,3,2,2,322,Others
13058,8,271.4,11/15/2011,25,5,2,2,522,New Customers
15943,12,271.29,2/28/2010,650,2,2,2,222,Lost
17278,17,271.24,4/12/2011,242,3,2,2,322,Others
18238,14,270.92,7/12/2010,516,2,2,2,222,Lost
14520,4,270.6,12/8/2011,2,5,2,2,522,New Customers
16757,15,270.48,1/25/2011,319,3,2,2,322,Others
12558,11,269.96,12/2/2011,8,5,2,2,522,New Customers
18267,17,269.37,2/5/2010,673,2,2,2,222,Lost
15964,20,269.21,2/14/2010,664,2,5,2,252,At Risk
13533,75,269.09,6/10/2011,183,3,5,2,352,Others
17264,74,268.28,10/11/2010,425,2,5,2,252,At Risk
12751,62,268.27,9/21/2010,445,2,5,2,252,At Risk
18254,16,267.9,5/7/2010,582,2,2,2,222,Lost
14039,10,267.28,11/6/2011,34,4,2,2,422,New Customers
15408,34,267.18,3/20/2011,265,3,5,2,352,Others
15320,36,267.13,10/26/2011,45,4,5,2,452,Others
15517,27,267.03,4/20/2011,234,3,5,2,352,Others
15423,14,266.89,11/1/2011,39,4,2,2,422,New Customers
17786,68,266.85,9/15/2011,86,4,5,2,452,Others
14863,11,266.76,11/10/2011,30,4,2,2,422,New Customers
13837,18,266.59,5/12/2011,212,3,2,2,322,Others
15119,14,266.4,4/8/2011,246,3,2,2,322,Others
14392,14,266.4,10/3/2010,433,2,2,2,222,Lost
12962,16,266.39,12/2/2011,8,5,2,2,522,New Customers
13973,11,264.7,2/25/2011,288,3,2,2,322,Others
16334,54,263.73,8/4/2010,493,2,5,2,252,At Risk
13128,1,263.5,3/18/2010,632,2,2,2,222,Lost
16089,47,263.49,11/18/2010,387,2,5,2,252,At Risk
12892,18,263.38,11/8/2010,397,2,2,2,222,Lost
17808,33,262.64,6/9/2010,549,2,5,2,252,At Risk
13331,12,262.4,11/3/2010,402,2,2,2,222,Lost
17910,26,261.7,12/13/2009,727,2,5,2,252,At Risk
14957,28,261.69,3/31/2011,254,3,5,2,352,Others
12655,16,261.35,10/12/2010,424,2,2,2,222,Lost
13189,29,260.68,11/21/2011,19,5,5,2,552,Others
17901,22,260.08,11/10/2011,30,4,5,2,452,Others
17022,16,260,11/8/2011,32,4,2,2,422,New Customers
16733,12,259.68,6/28/2010,530,2,2,2,222,Lost
13127,15,259.17,9/23/2011,78,4,2,2,422,New Customers
17558,28,259.17,11/11/2010,394,2,5,2,252,At Risk
17219,50,259.13,11/8/2011,32,4,5,2,452,Others
15536,16,259.09,10/26/2010,410,2,2,2,222,Lost
14526,41,258.65,11/15/2010,390,2,5,2,252,At Risk
13683,10,258.6,9/8/2010,458,2,2,2,222,Lost
16502,41,258.55,3/29/2010,621,2,5,2,252,At Risk
15894,37,258.25,3/31/2011,254,3,5,2,352,Others
13227,9,257.7,5/22/2011,202,3,2,2,322,Others
15014,33,257.67,10/27/2011,44,4,5,2,452,Others
16542,14,257.32,10/17/2011,54,4,2,2,422,New Customers
15503,117,257.3,12/12/2010,363,3,5,2,352,Others
15852,33,257.26,6/6/2011,187,3,5,2,352,Others
14483,13,257.1,3/3/2011,282,3,2,2,322,Others
15404,16,257.06,11/29/2010,376,3,2,2,322,Others
14876,13,256.7,7/6/2010,522,2,2,2,222,Lost
14274,15,256.6,1/22/2010,687,2,2,2,222,Lost
12430,11,256.4,10/27/2011,44,4,2,2,422,New Customers
13806,10,256.38,10/7/2011,64,4,2,2,422,New Customers
17896,2,256.32,11/16/2011,24,5,2,2,522,New Customers
17385,45,256.11,11/25/2011,15,5,5,2,552,Others
13825,40,255.59,3/28/2010,622,2,5,2,252,At Risk
14881,17,255.4,11/20/2011,20,5,2,2,522,New Customers
16911,35,255.25,3/14/2010,636,2,5,2,252,At Risk
12746,17,254.55,6/17/2010,541,2,2,2,222,Lost
12604,16,254.18,9/21/2011,80,4,2,2,422,New Customers
14765,39,254.11,11/10/2011,30,4,5,2,452,Others
17626,18,254,4/16/2010,603,2,2,2,222,Lost
16845,20,253.88,3/31/2010,619,2,5,2,252,At Risk
13250,19,253.09,9/5/2010,461,2,2,2,222,Lost
17992,52,252.88,11/15/2010,390,2,5,2,252,At Risk
15019,66,252.81,3/18/2011,267,3,5,2,352,Others
15035,27,252.73,9/11/2011,90,4,5,2,452,Others
13251,25,252.68,11/2/2010,403,2,5,2,252,At Risk
16908,20,252.59,12/17/2009,723,2,5,2,252,At Risk
15552,30,252.52,5/6/2011,218,3,5,2,352,Others
16074,25,252.5,11/14/2010,391,2,5,2,252,At Risk
13404,11,252.49,12/8/2011,2,5,2,2,522,New Customers
13645,5,252.1,8/11/2011,121,3,2,2,322,Others
17210,53,251.72,11/12/2010,393,2,5,2,252,At Risk
16453,15,251.71,6/27/2010,531,2,2,2,222,Lost
16976,2,251.52,3/17/2011,268,3,2,2,322,Others
14501,10,251.21,6/9/2011,184,3,2,2,322,Others
14166,51,251.15,7/22/2010,506,2,5,2,252,At Risk
18266,14,251.1,10/1/2010,435,2,2,2,222,Lost
16962,15,251.04,10/26/2010,410,2,2,2,222,Lost
15231,14,250.26,3/28/2010,622,2,2,2,222,Lost
17303,53,250.04,12/13/2010,362,3,5,2,352,Others
15510,1,250,1/13/2011,331,3,2,2,322,Others
16893,87,249.89,12/8/2010,367,3,5,2,352,Others
12563,13,249.24,10/27/2010,409,2,2,2,222,Lost
13061,10,248.61,9/28/2011,73,4,2,2,422,New Customers
13592,16,247.96,11/4/2011,36,4,2,2,422,New Customers
16381,61,247.85,11/9/2010,396,2,5,2,252,At Risk
15293,19,247.5,2/12/2010,666,2,2,2,222,Lost
18072,18,247.44,6/7/2011,186,3,2,2,322,Others
13349,16,247.32,11/29/2011,11,5,2,2,522,New Customers
14658,29,247.15,12/4/2011,6,5,5,2,552,Others
14654,27,246.86,12/1/2009,739,2,5,2,252,At Risk
15697,14,246.75,1/19/2010,690,2,2,2,222,Lost
13943,15,246.54,5/11/2010,578,2,2,2,222,Lost
15495,20,246.5,11/25/2010,380,3,5,2,352,Others
15378,12,246.5,9/3/2010,463,2,2,2,222,Lost
15783,14,246.3,11/29/2011,11,5,2,2,522,New Customers
18153,17,246.22,2/18/2010,660,2,2,2,222,Lost
16778,16,245.94,9/26/2011,75,4,2,2,422,New Customers
14325,18,245.48,5/19/2010,570,2,2,2,222,Lost
14281,7,245.15,10/27/2010,409,2,2,2,222,Lost
12660,13,245.1,11/28/2011,12,5,2,2,522,New Customers
15118,1,244.8,7/28/2011,135,3,2,2,322,Others
15884,14,244.6,10/3/2010,433,2,2,2,222,Lost
16528,17,244.41,12/6/2011,4,5,2,2,522,New Customers
18002,53,244.37,11/29/2010,376,3,5,2,352,Others
14694,15,244.31,4/1/2010,618,2,2,2,222,Lost
13551,5,244.2,1/24/2011,320,3,2,2,322,Others
17892,28,244.1,10/14/2011,57,4,5,2,452,Others
17925,1,244.08,12/2/2010,373,3,2,2,322,Others
13676,13,243.9,6/18/2010,540,2,2,2,222,Lost
16793,16,243.84,10/13/2011,58,4,2,2,422,New Customers
13886,16,243.56,9/29/2011,72,4,2,2,422,New Customers
16215,14,242.35,9/20/2011,81,4,2,2,422,New Customers
15543,56,242.26,2/24/2011,289,3,5,2,352,Others
17009,11,242.06,6/6/2010,552,2,2,2,222,Lost
13445,7,241.9,3/23/2010,627,2,2,2,222,Lost
13582,11,241.68,11/15/2010,390,2,2,2,222,Lost
15776,18,241.62,7/29/2011,134,3,2,2,322,Others
14774,13,241.45,6/29/2010,529,2,2,2,222,Lost
14523,12,241.09,8/23/2011,109,3,2,2,322,Others
16427,9,241.06,3/21/2011,264,3,2,2,322,Others
16508,43,240.95,3/19/2010,631,2,5,2,252,At Risk
13674,14,240.68,10/3/2010,433,2,2,2,222,Lost
15286,3,240.55,10/21/2011,50,4,2,2,422,New Customers
15336,15,240.5,11/3/2010,402,2,2,2,222,Lost
15931,14,239.9,10/7/2010,429,2,2,2,222,Lost
15690,19,239.76,12/5/2011,5,5,2,2,522,New Customers
13570,27,239.49,4/10/2011,244,3,5,2,352,Others
13789,18,239.46,11/16/2010,389,2,2,2,222,Lost
17684,15,239.41,10/27/2011,44,4,2,2,422,New Customers
12663,10,239.4,3/25/2010,625,2,2,2,222,Lost
17981,17,239.12,10/25/2010,411,2,2,2,222,Lost
13275,48,238.86,11/21/2010,384,2,5,2,252,At Risk
12561,16,238.85,2/10/2011,303,3,2,2,322,Others
12718,19,238.25,9/29/2011,72,4,2,2,422,New Customers
16280,16,238.05,12/14/2009,726,2,2,2,222,Lost
14982,39,237.78,5/16/2010,573,2,5,2,252,At Risk
17877,12,237.61,6/22/2011,171,3,2,2,322,Others
14586,19,237.36,3/8/2011,277,3,2,2,322,Others
15457,58,237.07,3/22/2011,263,3,5,2,352,Others
12732,12,236.26,6/13/2011,180,3,2,2,322,Others
13088,20,236.11,10/18/2010,418,2,5,2,252,At Risk
16026,32,236.09,10/27/2011,44,4,5,2,452,Others
17093,13,235.88,4/26/2010,593,2,2,2,222,Lost
17872,15,235.87,11/23/2010,382,2,2,2,222,Lost
16046,22,235.78,5/26/2010,563,2,5,2,252,At Risk
12392,7,234.75,4/27/2010,592,2,2,2,222,Lost
13114,16,234.38,12/9/2009,731,2,2,2,222,Lost
14473,7,234.34,9/26/2011,75,4,2,2,422,New Customers
17060,5,234.24,3/18/2011,267,3,2,2,322,Others
12736,4,234,1/11/2011,333,3,2,2,322,Others
13009,4,234,2/5/2010,673,2,2,2,222,Lost
13348,14,233.76,10/6/2011,65,4,2,2,422,New Customers
14153,17,233.4,8/13/2010,484,2,2,2,222,Lost
15294,15,233.35,10/25/2010,411,2,2,2,222,Lost
13129,11,233.25,9/13/2010,453,2,2,2,222,Lost
16302,11,233.22,8/5/2011,127,3,2,2,322,Others
17055,26,232.85,9/20/2010,446,2,5,2,252,At Risk
13678,16,232.6,7/11/2011,152,3,2,2,322,Others
18213,15,232.48,4/17/2011,237,3,2,2,322,Others
13608,34,232.05,6/17/2010,541,2,5,2,252,At Risk
14995,60,231.98,11/1/2011,39,4,5,2,452,Others
16408,45,231.93,4/27/2010,592,2,5,2,252,At Risk
17151,4,231.9,12/4/2009,736,2,2,2,222,Lost
17136,14,231.68,2/15/2010,663,2,2,2,222,Lost
18279,13,231.34,7/8/2010,520,2,2,2,222,Lost
15487,14,231.32,1/29/2010,680,2,2,2,222,Lost
18030,9,230.65,12/5/2011,5,5,2,2,522,New Customers
17125,35,230.5,10/20/2011,51,4,5,2,452,Others
13960,12,230.22,11/18/2011,22,5,2,2,522,New Customers
18197,9,230.1,5/13/2010,576,2,2,2,222,Lost
14314,10,229.8,8/25/2011,107,3,2,2,322,Others
14017,14,229.75,5/17/2010,572,2,2,2,222,Lost
12812,15,229.64,10/26/2011,45,4,2,2,422,New Customers
13403,9,229.5,11/22/2011,18,5,2,2,522,New Customers
17185,44,229.46,4/27/2010,592,2,5,2,252,At Risk
15528,26,229.33,3/30/2011,255,3,5,2,352,Others
17743,3,229.2,9/17/2010,449,2,2,2,222,Lost
15273,1,228.96,4/19/2010,600,2,2,2,222,Lost
17347,1,228.96,9/14/2011,87,4,2,2,422,New Customers
13146,17,228.91,11/13/2011,27,4,2,2,422,New Customers
17066,18,228.34,12/13/2009,727,2,2,2,222,Lost
14458,47,228.07,11/24/2010,381,2,5,2,252,At Risk
16760,17,228,10/5/2010,431,2,2,2,222,Lost
15566,12,227.87,11/12/2010,393,2,2,2,222,Lost
14363,8,227.47,11/2/2010,403,2,2,2,222,Lost
17868,18,227.15,11/18/2010,387,2,2,2,222,Lost
16740,32,226.91,11/9/2010,396,2,5,2,252,At Risk
15451,60,226.86,10/1/2010,435,2,5,2,252,At Risk
13651,14,226.85,11/4/2011,36,4,2,2,422,New Customers
18005,53,226.47,12/6/2011,4,5,5,2,552,Others
14718,11,226.42,10/25/2010,411,2,2,2,222,Lost
17993,60,225.99,4/1/2010,618,2,5,2,252,At Risk
14069,41,225.81,7/13/2010,515,2,5,2,252,At Risk
17915,29,225.78,6/6/2010,552,2,5,2,252,At Risk
16622,12,225.4,6/14/2010,544,2,2,2,222,Lost
16587,13,225.15,4/21/2011,233,3,2,2,322,Others
14357,40,225.12,10/27/2011,44,4,5,2,452,Others
13619,45,224.94,6/13/2010,545,2,5,2,252,At Risk
16346,15,224.51,11/19/2010,386,2,2,2,222,Lost
15175,23,224.14,9/29/2011,72,4,5,2,452,Others
12914,9,223.98,11/4/2010,401,2,2,2,222,Lost
16753,34,223.92,10/12/2011,59,4,5,2,452,Others
14928,21,223.91,3/22/2010,628,2,5,2,252,At Risk
16562,34,223.86,8/20/2010,477,2,5,2,252,At Risk
13926,11,223.85,11/16/2011,24,5,2,2,522,New Customers
17967,61,223.42,12/3/2010,372,3,5,2,352,Others
18131,4,222.96,3/18/2010,632,2,2,2,222,Lost
12887,13,222.4,11/21/2010,384,2,2,2,222,Lost
14596,53,222.22,3/23/2010,627,2,5,2,252,At Risk
15788,14,221.83,7/19/2010,509,2,2,2,222,Lost
14445,32,221.65,9/10/2010,456,2,5,2,252,At Risk
17261,43,221.59,7/18/2010,510,2,5,2,252,At Risk
17087,12,221.53,12/2/2009,738,2,2,2,222,Lost
14960,27,221.27,12/1/2011,9,5,5,2,552,Others
13419,16,221.06,10/7/2011,64,4,2,2,422,New Customers
12821,13,220.8,5/9/2011,215,3,2,2,322,Others
16482,18,220.62,11/24/2011,16,5,2,2,522,New Customers
13033,13,220.55,12/17/2010,358,3,2,2,322,Others
18132,62,220.13,7/23/2010,505,2,5,2,252,At Risk
18114,28,220.1,2/22/2011,291,3,5,2,352,Others
13454,23,219.87,3/8/2010,642,2,5,2,252,At Risk
13992,11,219.5,11/9/2011,31,4,2,2,422,New Customers
14074,6,219.4,3/26/2010,624,2,2,2,222,Lost
15096,11,219.39,10/28/2011,43,4,2,2,422,New Customers
12799,15,219.35,6/28/2010,530,2,2,2,222,Lost
12702,12,219,11/20/2011,20,5,2,2,522,New Customers
15790,34,218.75,11/29/2011,11,5,5,2,552,Others
15086,11,218.53,5/24/2010,565,2,2,2,222,Lost
12574,11,218.45,1/28/2011,316,3,2,2,322,Others
15591,7,217.9,5/6/2010,583,2,2,2,222,Lost
16035,21,217.73,5/28/2010,561,2,5,2,252,At Risk
16666,48,217.71,11/20/2011,20,5,5,2,552,Others
15554,14,217.2,3/7/2011,278,3,2,2,322,Others
13423,12,217.03,10/7/2010,429,2,2,2,222,Lost
15401,14,216.95,9/13/2010,453,2,2,2,222,Lost
18021,32,216.41,7/18/2010,510,2,5,2,252,At Risk
17902,24,216.4,6/11/2010,547,2,5,2,252,At Risk
15604,17,216.39,10/18/2011,53,4,2,2,422,New Customers
13858,11,216.17,10/13/2011,58,4,2,2,422,New Customers
16179,11,215.83,10/10/2011,61,4,2,2,422,New Customers
16189,11,215.48,11/24/2011,16,5,2,2,522,New Customers
14376,18,215.46,1/25/2010,684,2,2,2,222,Lost
14635,15,215.22,9/12/2010,454,2,2,2,222,Lost
18007,50,215.22,11/12/2010,393,2,5,2,252,At Risk
16338,11,214.8,7/5/2011,158,3,2,2,322,Others
14106,1,214.8,12/2/2009,738,2,2,2,222,Lost
14361,14,214.71,5/10/2010,579,2,2,2,222,Lost
17619,74,214.37,1/31/2011,313,3,5,2,352,Others
15460,56,214.26,12/20/2010,355,3,5,2,352,Others
14271,38,214.18,4/28/2011,226,3,5,2,352,Others
14601,7,213.96,11/29/2011,11,5,2,2,522,New Customers
18157,25,213.9,5/17/2010,572,2,5,2,252,At Risk
13621,19,213.85,8/15/2011,117,3,2,2,322,Others
17153,14,213.78,11/15/2011,25,5,2,2,522,New Customers
13411,18,213.55,8/24/2011,108,3,2,2,322,Others
16591,10,213.5,10/2/2011,69,4,2,2,422,New Customers
13724,42,213.01,3/12/2010,638,2,5,2,252,At Risk
13691,54,212.78,11/8/2010,397,2,5,2,252,At Risk
12961,40,211.99,11/25/2010,380,3,5,2,352,Others
12470,23,211.95,1/19/2010,690,2,5,2,252,At Risk
15866,43,211.89,8/30/2011,102,3,5,2,352,Others
14843,9,211.8,9/29/2010,437,2,2,2,222,Lost
15703,5,211.5,3/20/2011,265,3,2,2,322,Others
13271,87,211.49,11/2/2011,38,4,5,2,452,Others
12995,3,211.32,9/15/2011,86,4,2,2,422,New Customers
15490,25,210.85,10/5/2010,431,2,5,2,252,At Risk
14992,27,210.5,9/23/2010,443,2,5,2,252,At Risk
13532,66,210.31,11/6/2011,34,4,5,2,452,Others
17217,27,210.1,4/19/2011,235,3,5,2,352,Others
16874,31,209.89,11/25/2010,380,3,5,2,352,Others
17484,14,209.57,5/12/2010,577,2,2,2,222,Lost
13828,15,209.49,11/17/2011,23,5,2,2,522,New Customers
13056,19,209.48,6/6/2010,552,2,2,2,222,Lost
14003,16,209.41,12/7/2009,733,2,2,2,222,Lost
15112,7,209.4,4/7/2010,612,2,2,2,222,Lost
16487,35,209.4,5/11/2010,578,2,5,2,252,At Risk
17855,17,208.97,12/2/2010,373,3,2,2,322,Others
15327,10,208.75,10/18/2011,53,4,2,2,422,New Customers
13290,1,208.63,9/27/2010,439,2,2,2,222,Lost
15741,12,208.62,9/7/2010,459,2,2,2,222,Lost
15897,22,208.59,5/29/2011,195,3,5,2,352,Others
16457,9,208.36,5/5/2011,219,3,2,2,322,Others
15212,10,208.28,4/12/2011,242,3,2,2,322,Others
12848,16,208,2/2/2010,676,2,2,2,222,Lost
16964,6,207.85,12/6/2009,734,2,2,2,222,Lost
16866,11,207.74,7/22/2011,141,3,2,2,322,Others
15052,28,207.73,1/24/2011,320,3,5,2,352,Others
16752,9,207.5,12/2/2010,373,3,2,2,322,Others
13099,1,207.36,9/1/2011,100,3,2,2,322,Others
17989,29,207.33,11/25/2010,380,3,5,2,352,Others
15925,12,207.15,5/29/2011,195,3,2,2,322,Others
15295,52,207.04,2/23/2010,655,2,5,2,252,At Risk
15820,17,206.98,1/24/2011,320,3,2,2,322,Others
17166,12,206.34,11/1/2011,39,4,2,2,422,New Customers
14964,13,206.21,4/6/2011,248,3,2,2,322,Others
15914,13,205.99,11/26/2010,379,3,2,2,322,Others
14278,13,205.83,10/26/2010,410,2,2,2,222,Lost
16540,29,205.75,10/21/2010,415,2,5,2,252,At Risk
17670,11,205.7,4/26/2011,228,3,2,2,322,Others
16490,13,205.41,9/29/2010,437,2,2,2,222,Lost
14602,31,205.36,2/21/2010,657,2,5,2,252,At Risk
15307,12,205.3,9/5/2011,96,3,2,2,322,Others
15758,9,205.25,11/15/2011,25,5,2,2,522,New Customers
12400,11,205.25,10/21/2010,415,2,2,2,222,Lost
15319,16,204.5,3/1/2011,284,3,2,2,322,Others
17271,48,204.3,12/3/2009,737,2,5,2,252,At Risk
16901,23,204.26,12/10/2009,730,2,5,2,252,At Risk
17206,7,204.24,10/17/2011,54,4,2,2,422,New Customers
14468,12,204.24,12/6/2009,734,2,2,2,222,Lost
13017,1,204,12/2/2011,8,5,2,2,522,New Customers
17394,4,203.87,5/4/2011,220,3,2,2,322,Others
17891,34,203.86,6/30/2011,163,3,5,2,352,Others
14519,38,203.14,1/25/2010,684,2,5,2,252,At Risk
17074,4,203.05,5/26/2010,563,2,2,2,222,Lost
15459,7,202.83,10/18/2010,418,2,2,2,222,Lost
15558,23,202.68,3/10/2010,640,2,5,2,252,At Risk
18169,9,202.65,10/10/2011,61,4,2,2,422,New Customers
12416,11,202.56,2/21/2010,657,2,2,2,222,Lost
14892,13,202.35,1/18/2010,691,2,2,2,222,Lost
14385,14,202.11,11/30/2011,10,5,2,2,522,New Customers
13284,13,201.19,1/13/2011,331,3,2,2,322,Others
16965,26,201.19,4/27/2011,227,3,5,2,352,Others
18281,17,201.14,6/12/2011,181,3,2,2,322,Others
18126,52,200.92,10/10/2011,61,4,5,2,452,Others
13556,9,200.82,10/6/2010,430,2,2,2,222,Lost
14330,13,200.63,3/26/2010,624,2,2,2,222,Lost
17693,16,200.47,7/25/2011,138,3,2,2,322,Others
13133,12,200.45,3/11/2011,274,3,2,2,322,Others
13944,35,200.43,2/24/2010,654,2,5,2,252,At Risk
14782,6,200.1,1/24/2011,320,3,2,2,322,Others
15593,5,199.8,9/30/2011,71,4,2,2,422,New Customers
13322,25,199.48,11/22/2011,18,5,5,2,552,Others
14521,17,199.45,8/5/2010,492,2,2,2,222,Lost
15001,46,199.11,11/10/2010,395,2,5,2,252,At Risk
15020,27,198.47,11/25/2010,380,3,5,2,352,Others
17184,14,198.41,5/19/2010,570,2,2,2,222,Lost
12581,15,197.71,10/31/2011,40,4,2,2,422,New Customers
17778,10,197.7,2/16/2010,662,2,2,2,222,Lost
14185,3,197.65,1/12/2011,332,3,2,2,322,Others
14789,6,197.64,11/11/2011,29,4,2,2,422,New Customers
17112,47,197.57,7/25/2010,503,2,5,2,252,At Risk
12927,11,197.31,11/10/2010,395,2,2,2,222,Lost
15234,14,197,3/8/2011,277,3,2,2,322,Others
13436,12,196.89,12/8/2011,2,5,2,2,522,New Customers
15746,28,196.88,7/28/2011,135,3,5,2,352,Others
13978,15,196.79,11/25/2011,15,5,2,2,522,New Customers
16937,49,196.25,7/28/2010,500,2,5,2,252,At Risk
16112,16,195.74,7/19/2011,144,3,2,2,322,Others
13757,8,195.55,2/3/2010,675,2,2,2,222,Lost
17010,11,195.36,11/21/2011,19,5,2,2,522,New Customers
14666,14,195.25,11/15/2011,25,5,2,2,522,New Customers
15612,6,195.15,11/3/2011,37,4,2,2,422,New Customers
14405,2,195,11/18/2010,387,2,2,2,222,Lost
17468,8,194.8,11/29/2011,11,5,2,2,522,New Customers
17065,12,194.7,3/12/2010,638,2,2,2,222,Lost
17475,14,194.37,9/21/2011,80,4,2,2,422,New Customers
16299,12,193.65,8/19/2010,478,2,2,2,222,Lost
14476,17,193,3/27/2011,258,3,2,2,322,Others
12522,12,192.72,10/31/2011,40,4,2,2,422,New Customers
14768,5,192.6,11/22/2011,18,5,2,2,522,New Customers
15729,11,192.55,5/11/2011,213,3,2,2,322,Others
18028,4,192.05,5/5/2010,584,2,2,2,222,Lost
14100,25,191.95,7/25/2011,138,3,5,2,352,Others
15909,7,191.94,6/19/2011,174,3,2,2,322,Others
16695,35,191.9,5/27/2010,562,2,5,2,252,At Risk
14279,3,191.86,7/7/2010,521,2,2,2,222,Lost
15692,12,191.04,11/11/2011,29,4,2,2,422,New Customers
15954,20,190.75,4/29/2010,590,2,5,2,252,At Risk
14728,14,190.58,10/22/2010,414,2,2,2,222,Lost
15688,27,190.57,10/17/2010,419,2,5,2,252,At Risk
15412,10,190.53,6/21/2011,172,3,2,2,322,Others
18020,12,190.48,6/14/2010,544,2,2,2,222,Lost
14617,9,190.47,11/2/2010,403,2,2,2,222,Lost
13766,17,190.35,8/1/2010,496,2,2,2,222,Lost
13972,15,190.25,9/30/2011,71,4,2,2,422,New Customers
17257,14,189.78,9/29/2010,437,2,2,2,222,Lost
18046,26,189.63,2/28/2010,650,2,5,2,252,At Risk
13826,10,189.5,6/16/2011,177,3,2,2,322,Others
14801,57,189.34,10/9/2011,62,4,5,2,452,Others
14830,39,188.88,10/17/2011,54,4,5,2,452,Others
16277,23,188.69,12/6/2009,734,2,5,2,252,At Risk
14697,22,188.61,5/5/2011,219,3,5,2,352,Others
17283,15,188.46,11/26/2010,379,3,2,2,322,Others
16051,12,188.44,1/27/2010,682,2,2,2,222,Lost
13063,12,188.4,8/16/2010,481,2,2,2,222,Lost
17781,12,188.02,7/3/2011,160,3,2,2,322,Others
17279,9,187.83,10/13/2011,58,4,2,2,422,New Customers
15072,13,187.52,8/17/2010,480,2,2,2,222,Lost
13852,11,187.35,4/8/2010,611,2,2,2,222,Lost
18013,31,187.29,7/7/2011,156,3,5,2,352,Others
13568,43,187.05,6/19/2011,174,3,5,2,352,Others
13387,71,186.94,10/18/2010,418,2,5,2,252,At Risk
16267,7,186.66,4/27/2010,592,2,2,2,222,Lost
18063,3,186.6,11/14/2010,391,2,2,2,222,Lost
17215,11,186.15,9/1/2010,465,2,2,2,222,Lost
16388,13,186.05,2/24/2010,654,2,2,2,222,Lost
15567,7,186.01,11/21/2011,19,5,2,2,522,New Customers
12641,10,185.9,8/16/2011,116,3,2,2,322,Others
17574,8,185.65,4/11/2011,243,3,2,2,322,Others
14879,27,185.06,1/24/2010,685,2,5,2,252,At Risk
16097,10,185.05,4/13/2011,241,3,2,2,322,Others
14677,14,184.91,4/26/2010,593,2,2,2,222,Lost
17803,27,184.66,11/12/2010,393,2,5,2,252,At Risk
16914,30,183.76,11/3/2011,37,4,5,2,452,Others
14059,8,183.6,3/18/2011,267,3,2,2,322,Others
13460,17,183.44,11/10/2011,30,4,2,2,422,New Customers
14119,11,183.37,11/29/2010,376,3,2,2,322,Others
14983,30,183.2,1/19/2010,690,2,5,2,252,At Risk
16819,17,182.59,8/31/2010,466,2,2,2,222,Lost
14941,7,182.1,5/10/2010,579,2,2,2,222,Lost
12934,2,181.65,12/3/2009,737,2,2,2,222,Lost
16822,11,181.39,1/22/2010,687,2,2,2,222,Lost
15359,16,181.35,2/15/2010,663,2,2,2,222,Lost
16594,53,181.09,9/25/2011,76,4,5,2,452,Others
17904,34,181.07,11/18/2011,22,5,5,2,552,Others
14858,11,180.75,7/22/2010,506,2,2,2,222,Lost
18119,29,180.7,12/7/2010,368,3,5,2,352,Others
17820,41,180.61,11/30/2010,375,3,5,2,352,Others
16090,18,180.56,3/25/2010,625,2,2,2,222,Lost
12622,11,180.1,4/21/2011,233,3,2,2,322,Others
18234,30,179.6,6/6/2010,552,2,5,2,252,At Risk
14945,11,179.4,10/22/2010,414,2,2,2,222,Lost
16640,13,179.4,11/7/2010,398,2,2,2,222,Lost
18147,7,179.34,10/25/2011,46,4,2,2,422,New Customers
15895,11,179.17,7/13/2011,150,3,2,2,322,Others
14705,1,179,5/25/2011,199,3,2,2,322,Others
15209,13,178.98,12/9/2009,731,2,2,2,222,Lost
15139,13,178.96,4/14/2011,240,3,2,2,322,Others
14812,36,178.85,4/20/2010,599,2,5,2,252,At Risk
16691,11,178.83,10/17/2010,419,2,2,2,222,Lost
17170,10,178.68,11/30/2010,375,3,2,2,322,Others
17879,6,178.52,6/19/2011,174,3,2,2,322,Others
15292,24,178.39,5/22/2011,202,3,5,2,352,Others
18045,43,178.34,10/25/2011,46,4,5,2,452,Others
17253,18,178.26,11/21/2011,19,5,2,2,522,New Customers
17798,45,178.07,5/7/2010,582,2,5,2,252,At Risk
18282,12,178.05,12/2/2011,8,5,2,2,522,New Customers
16403,10,177.5,1/31/2011,313,3,2,2,322,Others
13618,13,177.34,6/19/2011,174,3,2,2,322,Others
12618,11,177.31,11/18/2011,22,5,2,2,522,New Customers
13072,7,177.15,3/18/2011,267,3,2,2,322,Others
16285,31,176.9,3/3/2010,647,2,5,2,252,At Risk
17036,12,176.9,11/21/2010,384,2,2,2,222,Lost
17587,42,176.71,3/21/2010,629,2,5,2,252,At Risk
13746,9,176.69,10/22/2010,414,2,2,2,222,Lost
17947,9,176.68,11/2/2011,38,4,2,2,422,New Customers
14287,9,176.63,12/1/2011,9,5,2,2,522,New Customers
12893,31,176.55,11/9/2011,31,4,5,2,452,Others
18054,11,176.5,11/12/2010,393,2,2,2,222,Lost
12509,7,176.5,2/28/2011,285,3,2,2,322,Others
18175,7,176.1,2/2/2010,676,2,2,2,222,Lost
18274,11,175.92,11/9/2011,31,4,2,2,422,New Customers
17840,50,175.9,9/22/2010,444,2,5,2,252,At Risk
17026,5,175.83,6/7/2011,186,3,2,2,322,Others
14486,6,175.5,7/16/2010,512,2,2,2,222,Lost
18166,10,175.5,3/26/2010,624,2,2,2,222,Lost
13007,11,175.25,5/9/2010,580,2,2,2,222,Lost
16144,1,175.2,4/7/2011,247,3,2,2,322,Others
17331,1,175.2,8/8/2011,124,3,2,2,322,Others
16559,17,175,11/7/2010,398,2,2,2,222,Lost
17108,9,174.95,2/14/2010,664,2,2,2,222,Lost
14495,7,174.8,10/20/2011,51,4,2,2,422,New Customers
18010,14,174.8,3/28/2011,257,3,2,2,322,Others
14518,16,174.37,10/6/2011,65,4,2,2,422,New Customers
15684,11,173.95,6/10/2010,548,2,2,2,222,Lost
14674,14,173.66,7/18/2010,510,2,2,2,222,Lost
12441,11,173.55,12/8/2010,367,3,2,2,322,Others
15565,8,173.16,10/20/2011,51,4,2,2,422,New Customers
16741,11,173.06,3/24/2010,626,2,2,2,222,Lost
16599,12,172.8,11/19/2010,386,2,2,2,222,Lost
13671,64,172.6,11/10/2010,395,2,5,2,252,At Risk
13690,9,172.25,10/11/2011,60,4,2,2,422,New Customers
12442,12,172.06,12/6/2011,4,5,2,2,522,New Customers
15515,7,171.81,11/17/2010,388,2,2,2,222,Lost
17983,24,171.71,11/9/2010,396,2,5,2,252,At Risk
17575,5,171.7,2/10/2010,668,2,2,2,222,Lost
13560,32,171.42,12/2/2011,8,5,5,2,552,Others
16312,10,171.15,10/3/2010,433,2,2,2,222,Lost
16673,19,171.13,1/29/2010,680,2,2,2,222,Lost
14536,18,170.95,3/25/2011,260,3,2,2,322,Others
15403,8,170.88,8/5/2010,492,2,2,2,222,Lost
14811,28,170.5,11/17/2010,388,2,5,2,252,At Risk
15256,10,170.4,7/14/2011,149,3,2,2,322,Others
17922,8,170.4,6/14/2010,544,2,2,2,222,Lost
14860,11,170.32,11/20/2011,20,5,2,2,522,New Customers
16731,42,170.3,3/1/2010,649,2,5,2,252,At Risk
15335,35,170.22,10/17/2011,54,4,5,2,452,Others
13747,5,169.8,12/1/2010,374,3,2,2,322,Others
14218,12,169.48,10/28/2011,43,4,2,2,422,New Customers
12346,24,169.36,6/28/2010,530,2,5,2,252,At Risk
16002,42,169.21,3/24/2010,626,2,5,2,252,At Risk
15647,11,169,10/20/2010,416,2,2,2,222,Lost
12367,11,168.9,12/5/2011,5,5,2,2,522,New Customers
12768,10,168.69,9/15/2010,451,2,2,2,222,Lost
14578,24,168.63,12/6/2011,4,5,5,2,552,Others
18269,7,168.6,12/8/2010,367,3,2,2,322,Others
18099,19,168.31,8/4/2011,128,3,2,2,322,Others
17737,10,168.24,11/30/2011,10,5,2,2,522,New Customers
14131,46,168.22,3/1/2010,649,2,5,2,252,At Risk
12551,10,168,12/17/2010,358,3,2,2,322,Others
17559,12,167.62,7/15/2010,513,2,2,2,222,Lost
17367,33,167.55,4/15/2011,239,3,5,2,352,Others
18037,33,167.42,7/8/2011,155,3,5,2,352,Others
17586,8,167.4,3/30/2010,620,2,2,2,222,Lost
13609,7,167.35,4/25/2010,594,2,2,2,222,Lost
16405,5,167.25,2/10/2011,303,3,2,2,322,Others
15166,12,167.16,8/29/2010,468,2,2,2,222,Lost
17875,26,167.1,1/20/2010,689,2,5,2,252,At Risk
13547,44,167.08,10/27/2010,409,2,5,2,252,At Risk
13967,6,166.3,7/17/2011,146,3,2,2,322,Others
17650,8,166.08,11/18/2011,22,5,2,2,522,New Customers
18088,37,166.03,10/9/2011,62,4,5,2,452,Others
18107,38,165.88,9/23/2010,443,2,5,2,252,At Risk
13903,10,165.45,11/4/2010,401,2,2,2,222,Lost
13470,10,165,9/1/2011,100,3,2,2,322,Others
15316,1,165,1/17/2011,327,3,2,2,322,Others
16663,1,165,12/10/2009,730,2,2,2,222,Lost
13191,59,164.69,2/19/2010,659,2,5,2,252,At Risk
15904,30,164.68,12/1/2011,9,5,5,2,552,Others
17535,13,164.4,3/4/2011,281,3,2,2,322,Others
13603,27,164.34,11/13/2011,27,4,5,2,452,Others
17417,16,164.18,6/9/2010,549,2,2,2,222,Lost
14955,31,163.77,12/7/2009,733,2,5,2,252,At Risk
14354,9,163.62,12/4/2011,6,5,2,2,522,New Customers
14485,46,162.8,11/1/2011,39,4,5,2,452,Others
16517,17,162.7,3/7/2011,278,3,2,2,322,Others
18174,2,162.5,12/2/2011,8,5,2,2,522,New Customers
12954,10,162.45,3/11/2010,639,2,2,2,222,Lost
15733,10,162.3,3/2/2011,283,3,2,2,322,Others
15534,8,162.25,12/14/2009,726,2,2,2,222,Lost
16443,1,162.24,7/7/2010,521,2,2,2,222,Lost
18014,30,162.22,11/11/2011,29,4,5,2,452,Others
12661,11,162,9/29/2010,437,2,2,2,222,Lost
17971,21,161.94,6/9/2010,549,2,5,2,252,At Risk
17600,13,161.67,11/22/2011,18,5,2,2,522,New Customers
16113,30,161.38,6/9/2011,184,3,5,2,352,Others
13714,30,161.35,8/31/2010,466,2,5,2,252,At Risk
13779,27,161.13,7/12/2010,516,2,5,2,252,At Risk
13701,9,161,9/19/2010,447,2,2,2,222,Lost
13229,10,160.95,4/28/2011,226,3,2,2,322,Others
17605,13,160.75,4/28/2010,591,2,2,2,222,Lost
17202,8,160.65,10/15/2010,421,2,2,2,222,Lost
17487,8,160.55,12/11/2009,729,2,2,2,222,Lost
15229,9,160.5,5/2/2010,587,2,2,2,222,Lost
16645,14,160.39,12/4/2009,736,2,2,2,222,Lost
18146,10,160.35,7/22/2011,141,3,2,2,322,Others
12966,10,160.18,11/30/2011,10,5,2,2,522,New Customers
14571,30,160,10/10/2010,426,2,5,2,252,At Risk
13420,8,159.85,7/13/2011,150,3,2,2,322,Others
13302,3,159.2,7/7/2011,156,3,2,2,322,Others
17953,20,159.17,6/17/2010,541,2,5,2,252,At Risk
16213,6,159,9/22/2011,79,4,2,2,422,New Customers
18224,10,158.95,3/21/2011,264,3,2,2,322,Others
14089,13,158.75,10/14/2011,57,4,2,2,422,New Customers
15499,41,158.65,12/16/2009,724,2,5,2,252,At Risk
15548,23,158.09,4/23/2010,596,2,5,2,252,At Risk
15348,9,158.04,9/28/2011,73,4,2,2,422,New Customers
14318,9,158.02,9/5/2010,461,2,2,2,222,Lost
18004,37,157.92,12/12/2010,363,3,5,2,352,Others
17751,32,157.86,10/14/2010,422,2,5,2,252,At Risk
14207,2,157.8,1/21/2010,688,2,2,2,222,Lost
14822,9,157.7,8/11/2010,486,2,2,2,222,Lost
16687,8,157.63,11/14/2010,391,2,2,2,222,Lost
12894,21,157.35,5/13/2010,576,2,5,2,252,At Risk
17318,17,157.33,12/14/2009,726,2,2,2,222,Lost
16371,11,157.2,9/17/2010,449,2,2,2,222,Lost
17128,14,157.09,1/9/2011,335,3,2,2,322,Others
17118,10,157.02,1/26/2011,318,3,2,2,322,Others
15007,12,156.91,7/3/2011,160,3,2,2,322,Others
15742,41,156.87,3/30/2010,620,2,5,2,252,At Risk
13830,11,156.85,5/7/2010,582,2,2,2,222,Lost
14406,8,156.75,8/12/2011,120,3,2,2,322,Others
16578,9,156.6,3/23/2010,627,2,2,2,222,Lost
15438,25,156.58,7/31/2011,132,3,5,2,352,Others
15263,12,156.51,8/25/2011,107,3,2,2,322,Others
17885,53,156.34,11/27/2011,13,5,5,2,552,Others
13051,4,155.8,5/10/2010,579,2,2,2,222,Lost
17832,61,155.37,10/21/2011,50,4,5,2,452,Others
12738,11,155.35,12/2/2010,373,3,2,2,322,Others
14368,8,155,1/24/2011,320,3,2,2,322,Others
14046,14,154.99,2/28/2011,285,3,2,2,322,Others
17698,8,154.95,3/24/2011,261,3,2,2,322,Others
15740,9,154.88,10/21/2011,50,4,2,2,422,New Customers
17899,31,154.55,7/3/2011,160,3,5,2,352,Others
15226,8,154.41,2/2/2011,311,3,2,2,322,Others
13490,8,154.25,2/23/2010,655,2,2,2,222,Lost
14814,30,154.21,5/7/2010,582,2,5,2,252,At Risk
17517,11,153.94,2/4/2011,309,3,2,2,322,Others
15560,10,153.52,11/7/2010,398,2,2,2,222,Lost
15431,2,153.24,7/25/2010,503,2,2,2,222,Lost
12602,12,153.12,10/12/2011,59,4,2,2,422,New Customers
16248,7,152.94,10/9/2011,62,4,2,2,422,New Customers
18138,8,152.65,2/17/2011,296,3,2,2,322,Others
14066,7,152.55,3/18/2011,267,3,2,2,322,Others
15509,26,152.41,11/24/2010,381,2,5,2,252,At Risk
17327,4,152.35,10/26/2010,410,2,2,2,222,Lost
13653,9,152.2,8/9/2010,488,2,2,2,222,Lost
16617,5,151.85,4/18/2011,236,3,2,2,322,Others
14362,37,151.5,11/17/2011,23,5,5,2,552,Others
18076,8,151.49,11/24/2010,381,2,2,2,222,Lost
13697,12,151.3,11/1/2011,39,4,2,2,422,New Customers
14516,35,151.17,7/11/2010,517,2,5,2,252,At Risk
16337,10,151.05,11/3/2011,37,4,2,2,422,New Customers
16662,28,151.05,11/10/2010,395,2,5,2,252,At Risk
14073,13,151.04,11/7/2011,33,4,2,2,422,New Customers
12959,8,150.95,8/12/2010,485,2,2,2,222,Lost
14980,24,150.68,12/2/2009,738,2,5,2,252,At Risk
15991,6,150.55,6/23/2010,535,2,2,2,222,Lost
14084,7,150.5,7/15/2010,513,2,2,2,222,Lost
15775,9,150.5,4/8/2011,246,3,2,2,322,Others
15474,19,150.35,4/23/2010,596,2,2,2,222,Lost
18200,30,150.35,8/25/2011,107,3,5,2,352,Others
14845,1,150,4/19/2010,600,2,2,2,222,Lost
17234,14,149.89,6/10/2011,183,3,2,2,322,Others
13257,7,149.75,9/29/2010,437,2,2,2,222,Lost
17946,20,149.58,4/20/2011,234,3,5,2,352,Others
17390,12,149.3,10/15/2010,421,2,2,2,222,Lost
15435,29,149.29,11/17/2011,23,5,5,2,552,Others
13003,6,149.05,8/26/2011,106,3,2,2,322,Others
17549,6,148.86,11/16/2011,24,5,2,2,522,New Customers
13125,20,148.62,7/4/2010,524,2,5,2,252,At Risk
15526,4,148.44,11/6/2011,34,4,2,2,422,New Customers
15283,9,148.33,11/14/2010,391,2,2,2,222,Lost
17592,13,148.3,12/1/2009,739,2,2,2,222,Lost
13457,9,148.22,1/20/2010,689,2,2,2,222,Lost
13578,9,147.66,10/26/2010,410,2,2,2,222,Lost
15479,9,147.4,12/6/2009,734,2,2,2,222,Lost
16724,17,147.35,10/31/2010,405,2,2,2,222,Lost
14098,21,147.35,11/3/2011,37,4,5,2,452,Others
17794,7,147.3,1/22/2010,687,2,2,2,222,Lost
12858,37,147.27,11/21/2010,384,2,5,2,252,At Risk
17030,11,146.87,10/7/2011,64,4,2,2,422,New Customers
14683,21,146.56,4/30/2010,589,2,5,2,252,At Risk
15496,22,146.14,3/18/2010,632,2,5,2,252,At Risk
18137,29,145.99,6/6/2010,552,2,5,2,252,At Risk
12565,9,145.92,2/24/2011,289,3,2,2,322,Others
13866,7,145.67,9/26/2011,75,4,2,2,422,New Customers
15937,7,145.35,10/6/2011,65,4,2,2,422,New Customers
14972,20,145.07,8/3/2011,129,3,5,2,352,Others
16598,10,145.05,2/27/2011,286,3,2,2,322,Others
15902,18,145.01,11/24/2010,381,2,2,2,222,Lost
16852,9,144.91,11/29/2011,11,5,2,2,522,New Customers
17938,29,144.29,10/15/2010,421,2,5,2,252,At Risk
14109,9,144.2,9/28/2011,73,4,2,2,422,New Customers
15816,11,144.15,6/15/2010,543,2,2,2,222,Lost
12587,4,144,12/2/2011,8,5,2,2,522,New Customers
17186,2,144,10/24/2011,47,4,2,2,422,New Customers
12387,9,143.94,10/20/2010,416,2,2,2,222,Lost
14604,23,143.86,3/16/2010,634,2,5,2,252,At Risk
14574,11,143.7,12/7/2009,733,2,2,2,222,Lost
15705,6,143.1,5/22/2011,202,3,2,2,322,Others
17149,6,143.1,9/14/2010,452,2,2,2,222,Lost
15761,5,143.05,9/23/2010,443,2,2,2,222,Lost
16507,38,142.71,5/16/2010,573,2,5,2,252,At Risk
14386,7,142.4,2/16/2011,297,3,2,2,322,Others
17859,23,141.92,2/8/2011,305,3,5,2,352,Others
18038,27,141.48,6/1/2010,557,2,5,2,252,At Risk
14041,21,141.41,3/18/2011,267,3,5,2,352,Others
17273,12,141.12,10/11/2010,425,2,2,2,222,Lost
12636,1,141,12/1/2009,739,2,2,2,222,Lost
17959,2,140.75,4/26/2010,593,2,2,2,222,Lost
14773,10,140.55,4/26/2010,593,2,2,2,222,Lost
15388,10,140.54,3/14/2011,271,3,2,2,322,Others
15702,30,140.39,8/20/2010,477,2,5,2,252,At Risk
13483,10,140.34,10/5/2011,66,4,2,2,422,New Customers
15324,8,140.22,1/7/2010,702,2,2,2,222,Lost
13839,7,139.95,8/10/2010,487,2,2,2,222,Lost
16840,9,139.85,4/15/2010,604,2,2,2,222,Lost
16483,19,139.35,5/31/2011,193,3,2,2,322,Others
14772,9,139.26,8/19/2011,113,3,2,2,322,Others
14707,2,139.2,9/30/2010,436,2,2,2,222,Lost
18209,8,139.1,11/11/2011,29,4,2,2,422,New Customers
13273,16,138.98,8/18/2011,114,3,2,2,322,Others
12902,10,138.68,3/20/2011,265,3,2,2,322,Others
13716,21,138.28,3/15/2011,270,3,5,2,352,Others
17982,13,138.18,1/28/2010,681,2,2,2,222,Lost
15663,9,138.14,8/25/2011,107,3,2,2,322,Others
15848,34,137.99,3/28/2010,622,2,5,2,252,At Risk
16396,8,137.8,8/20/2010,477,2,2,2,222,Lost
13279,9,137.75,9/22/2011,79,4,2,2,422,New Customers
15836,10,137.37,10/20/2011,51,4,2,2,422,New Customers
13907,4,136.8,1/17/2010,692,2,2,2,222,Lost
13195,46,136.73,10/21/2010,415,2,5,2,252,At Risk
16237,7,136.65,9/28/2010,438,2,2,2,222,Lost
16289,21,136.31,9/3/2010,463,2,5,2,252,At Risk
16651,6,136.2,5/2/2010,587,2,2,2,222,Lost
16876,32,136.01,11/1/2010,404,2,5,2,252,At Risk
14366,1,136,7/2/2010,526,2,2,2,222,Lost
16462,3,136,9/27/2011,74,4,2,2,422,New Customers
12968,5,135.95,8/19/2011,113,3,2,2,322,Others
17583,7,135.95,5/28/2010,561,2,2,2,222,Lost
14889,10,135.9,1/7/2011,337,3,2,2,322,Others
15419,8,135.86,11/15/2011,25,5,2,2,522,New Customers
16114,8,135.75,6/22/2011,171,3,2,2,322,Others
14391,14,135.6,5/12/2010,577,2,2,2,222,Lost
13076,9,135.4,9/8/2010,458,2,2,2,222,Lost
16665,9,135.4,12/12/2010,363,3,2,2,322,Others
14588,16,135.39,5/10/2010,579,2,2,2,222,Lost
13144,6,135.35,1/11/2011,333,3,2,2,322,Others
17972,30,135.19,4/12/2011,242,3,5,2,352,Others
13702,5,135.18,9/20/2010,446,2,2,2,222,Lost
17960,37,135.08,6/21/2011,172,3,5,2,352,Others
17199,8,135.04,5/6/2010,583,2,2,2,222,Lost
13364,10,134.96,9/29/2011,72,4,2,2,422,New Customers
13119,11,134.9,2/9/2010,669,2,2,2,222,Lost
16055,8,134.8,5/3/2011,221,3,2,2,322,Others
14340,6,134.7,5/5/2011,219,3,2,2,322,Others
14174,26,134.46,11/6/2011,34,4,5,2,452,Others
15926,7,134.44,6/15/2010,543,2,2,2,222,Lost
16486,7,134.36,6/20/2010,538,2,2,2,222,Lost
14280,8,134.04,5/27/2011,197,3,2,2,322,Others
16886,8,134,9/9/2010,457,2,2,2,222,Lost
14349,31,133.5,11/29/2011,11,5,5,2,552,Others
17881,8,133.35,2/8/2011,305,3,2,2,322,Others
17826,33,133.34,11/30/2010,375,3,5,2,352,Others
12467,9,132.8,10/12/2010,424,2,2,2,222,Lost
12964,26,132.24,9/28/2010,438,2,5,2,252,At Risk
12512,31,132.18,10/4/2011,67,4,5,2,452,Others
14438,9,131.9,2/6/2011,307,3,2,2,322,Others
17565,30,131.83,5/2/2010,587,2,5,2,252,At Risk
17455,8,131.7,5/20/2011,204,3,2,2,322,Others
14795,6,131.45,6/26/2011,167,3,2,2,322,Others
14378,9,131.25,3/28/2010,622,2,2,2,222,Lost
15409,9,131.25,12/18/2009,722,2,2,2,222,Lost
17225,5,131.15,5/7/2010,582,2,2,2,222,Lost
16865,16,130.95,11/3/2010,402,2,2,2,222,Lost
15844,11,130.74,10/24/2011,47,4,2,2,422,New Customers
17240,7,130.6,4/22/2010,597,2,2,2,222,Lost
16410,5,130.32,12/5/2009,735,2,2,2,222,Lost
16288,7,129.85,8/26/2010,471,2,2,2,222,Lost
15317,5,129.75,1/31/2010,678,2,2,2,222,Lost
17762,17,129.75,9/9/2010,457,2,2,2,222,Lost
17847,9,129.69,7/12/2010,516,2,2,2,222,Lost
14999,9,129.48,4/26/2010,593,2,2,2,222,Lost
12555,1,129.23,1/26/2010,683,2,2,2,222,Lost
13071,12,129.22,4/6/2010,613,2,2,2,222,Lost
17056,8,128.6,12/1/2009,739,2,2,2,222,Lost
16828,8,128.5,9/7/2011,94,4,2,2,422,New Customers
17089,4,128.45,11/18/2010,387,2,2,2,222,Lost
16251,20,128.31,7/15/2010,513,2,5,2,252,At Risk
15892,38,128.2,2/8/2010,670,2,5,2,252,At Risk
17297,49,128.18,11/22/2011,18,5,5,2,552,Others
13666,19,127.9,10/10/2011,61,4,2,2,422,New Customers
13053,17,127.65,3/28/2010,622,2,2,2,222,Lost
13586,20,127.28,6/16/2010,542,2,5,2,252,At Risk
15578,13,127.1,6/30/2011,163,3,2,2,322,Others
15923,21,127.08,12/2/2010,373,3,5,2,352,Others
16973,6,127,11/18/2010,387,2,2,2,222,Lost
14751,7,126.45,1/24/2010,685,2,2,2,222,Lost
15463,7,126.14,11/10/2011,30,4,2,2,422,New Customers
16294,8,126.05,8/20/2010,477,2,2,2,222,Lost
13794,9,126.03,6/11/2010,547,2,2,2,222,Lost
17657,7,126,10/5/2010,431,2,2,2,222,Lost
12814,2,125.92,8/30/2011,102,3,2,2,322,Others
13522,5,125.8,11/9/2011,31,4,2,2,422,New Customers
16925,18,125.65,6/17/2010,541,2,2,2,222,Lost
15017,20,125.58,11/6/2011,34,4,5,2,452,Others
15731,8,125.3,6/4/2010,554,2,2,2,222,Lost
13912,7,124.95,10/12/2010,424,2,2,2,222,Lost
17148,9,124.88,10/19/2011,52,4,2,2,422,New Customers
17818,42,124.78,12/2/2009,738,2,5,2,252,At Risk
13312,5,124.75,9/14/2010,452,2,2,2,222,Lost
16849,8,124.57,6/6/2011,187,3,2,2,322,Others
17316,35,124.45,10/15/2010,421,2,5,2,252,At Risk
12773,6,124.25,5/24/2010,565,2,2,2,222,Lost
18000,6,124.25,5/24/2010,565,2,2,2,222,Lost
15779,8,124.08,9/2/2010,464,2,2,2,222,Lost
13968,8,123.66,10/12/2010,424,2,2,2,222,Lost
14187,8,123.5,8/23/2010,474,2,2,2,222,Lost
16397,9,123.13,3/21/2010,629,2,2,2,222,Lost
13876,7,122.7,10/7/2011,64,4,2,2,422,New Customers
13638,8,122.64,11/24/2011,16,5,2,2,522,New Customers
12969,5,122.45,4/16/2010,603,2,2,2,222,Lost
13084,2,122.4,8/5/2010,492,2,2,2,222,Lost
16073,1,122.4,2/15/2011,298,3,2,2,322,Others
13244,27,121.74,9/8/2011,93,4,5,2,452,Others
13182,11,121.18,10/25/2011,46,4,2,2,422,New Customers
15049,3,121.17,3/11/2011,274,3,2,2,322,Others
17260,6,120.95,10/24/2010,412,2,2,2,222,Lost
17446,9,120.9,6/16/2011,177,3,2,2,322,Others
14884,8,120.6,2/8/2010,670,2,2,2,222,Lost
14165,24,120.44,3/9/2011,276,3,5,2,352,Others
14444,11,120.44,9/9/2010,457,2,2,2,222,Lost
17543,13,120.05,6/8/2010,550,2,2,2,222,Lost
18015,46,120.03,12/5/2011,5,5,5,2,552,Others
14259,5,120,7/21/2011,142,3,2,2,322,Others
14453,22,119.93,6/2/2011,191,3,5,2,352,Others
15161,33,119.92,11/16/2010,389,2,5,2,252,At Risk
17541,31,119.86,7/18/2010,510,2,5,2,252,At Risk
17177,29,119.5,7/22/2010,506,2,5,2,252,At Risk
15843,8,118.95,2/9/2011,304,3,2,2,322,Others
17280,6,118.86,9/27/2010,439,2,2,2,222,Lost
17079,2,118.8,9/22/2011,79,4,2,2,422,New Customers
14155,6,118.75,3/18/2011,267,3,2,2,322,Others
14076,44,118.67,8/2/2011,130,3,5,2,352,Others
12929,8,117.85,2/1/2011,312,3,2,2,322,Others
16291,1,117.72,1/26/2010,683,2,2,2,222,Lost
17654,22,117.55,3/7/2011,278,3,5,2,352,Others
16959,7,117.35,9/13/2011,88,4,2,2,422,New Customers
14726,15,116.5,2/23/2010,655,2,2,2,222,Lost
17117,9,116.2,2/24/2011,289,3,2,2,322,Others
14874,6,116.18,6/22/2010,536,2,2,2,222,Lost
14143,7,115.8,7/29/2011,134,3,2,2,322,Others
16068,35,115.73,4/25/2010,594,2,5,2,252,At Risk
18027,21,115.31,9/2/2011,99,3,5,2,352,Others
18012,13,115.3,12/16/2009,724,2,2,2,222,Lost
17401,12,114.85,6/16/2010,542,2,2,2,222,Lost
15905,22,114.69,6/14/2010,544,2,5,2,252,At Risk
17933,14,114.69,3/17/2010,633,2,2,2,222,Lost
13188,2,114.6,11/28/2011,12,5,2,2,522,New Customers
16247,16,114.56,6/22/2011,171,3,2,2,322,Others
14632,8,114.56,3/22/2011,263,3,2,2,322,Others
14652,29,114.18,9/23/2011,78,4,5,2,452,Others
12938,9,114.14,11/14/2011,26,4,2,2,422,New Customers
14582,6,114.11,10/30/2011,41,4,2,2,422,New Customers
17275,23,114.1,11/21/2010,384,2,5,2,252,At Risk
15056,6,113.65,7/7/2010,521,2,2,2,222,Lost
14457,4,113.64,2/2/2011,311,3,2,2,322,Others
18105,18,113.48,11/2/2011,38,4,2,2,422,New Customers
16821,7,113.35,11/23/2010,382,2,2,2,222,Lost
17784,23,112.86,6/7/2010,551,2,5,2,252,At Risk
18148,10,112.85,3/3/2010,647,2,2,2,222,Lost
14689,13,112.8,5/15/2011,209,3,2,2,322,Others
16697,21,112.75,4/12/2011,242,3,5,2,352,Others
18129,14,112.55,4/10/2011,244,3,2,2,322,Others
13241,40,112.53,10/24/2010,412,2,5,2,252,At Risk
15610,6,112.46,10/19/2011,52,4,2,2,422,New Customers
13620,5,112.34,6/29/2010,529,2,2,2,222,Lost
17900,6,112.2,6/2/2011,191,3,2,2,322,Others
13193,25,112.08,10/9/2011,62,4,5,2,452,Others
12756,4,112.08,9/14/2011,87,4,2,2,422,New Customers
14750,32,112.03,12/3/2009,737,2,5,2,252,At Risk
17957,31,111.68,10/4/2011,67,4,5,2,452,Others
14668,12,111.63,9/20/2010,446,2,2,2,222,Lost
17304,5,111.5,6/23/2010,535,2,2,2,222,Lost
17887,10,111.35,8/2/2011,130,3,2,2,322,Others
17208,23,111.15,11/9/2010,396,2,5,2,252,At Risk
18120,17,111.15,5/9/2011,215,3,2,2,322,Others
15352,34,111.15,6/9/2010,549,2,5,2,252,At Risk
14464,4,111,5/20/2010,569,2,2,2,222,Lost
12692,13,110.95,3/12/2010,638,2,2,2,222,Lost
14509,25,110.95,6/23/2010,535,2,5,2,252,At Risk
15537,24,110.92,6/29/2011,164,3,5,2,352,Others
15853,30,110.8,10/19/2011,52,4,5,2,452,Others
18256,10,110.7,11/17/2010,388,2,2,2,222,Lost
14787,15,110.65,8/25/2010,472,2,2,2,222,Lost
16963,7,110.55,6/5/2011,188,3,2,2,322,Others
14641,7,110.46,11/18/2011,22,5,2,2,522,New Customers
17836,24,110.21,10/23/2011,48,4,5,2,452,Others
17909,8,110.05,12/2/2009,738,2,2,2,222,Lost
15851,8,109.73,7/1/2010,527,2,2,2,222,Lost
14033,1,109.44,6/2/2010,556,2,2,2,222,Lost
16363,5,109.36,10/17/2011,54,4,2,2,422,New Customers
16064,17,109.31,12/14/2009,726,2,2,2,222,Lost
16664,8,109.2,5/19/2010,570,2,2,2,222,Lost
14721,25,109.07,11/25/2010,380,3,5,2,352,Others
14345,6,108.98,11/1/2011,39,4,2,2,422,New Customers
13170,30,108.81,11/13/2011,27,4,5,2,452,Others
15875,23,108.52,3/3/2010,647,2,5,2,252,At Risk
16106,6,108.38,10/5/2011,66,4,2,2,422,New Customers
14374,7,108,6/16/2010,542,2,2,2,222,Lost
14661,4,107.95,11/13/2011,27,4,2,2,422,New Customers
13580,5,107.75,10/29/2010,407,2,2,2,222,Lost
14943,5,107.62,2/14/2010,664,2,2,2,222,Lost
15395,7,107.45,1/18/2011,326,3,2,2,322,Others
16301,6,107.33,12/3/2009,737,2,2,2,222,Lost
15328,8,107.24,10/28/2010,408,2,2,2,222,Lost
17893,15,107.21,4/28/2011,226,3,2,2,322,Others
16047,1,107.14,1/26/2010,683,2,2,2,222,Lost
15846,29,107.01,11/19/2010,386,2,5,2,252,At Risk
16630,4,106.8,10/28/2010,408,2,2,2,222,Lost
16082,16,106.75,2/7/2010,671,2,2,2,222,Lost
14637,7,106.68,1/31/2010,678,2,2,2,222,Lost
15168,5,106.56,11/14/2011,26,5,2,2,522,New Customers
15927,15,106.54,3/2/2010,648,2,2,2,222,Lost
17791,10,106.1,11/10/2011,30,4,2,2,422,New Customers
16581,9,105.84,6/10/2011,183,3,2,2,322,Others
18103,10,105.8,6/8/2010,550,2,2,2,222,Lost
15642,6,105.78,12/10/2009,730,2,2,2,222,Lost
14579,25,105.56,10/3/2010,433,2,5,2,252,At Risk
15340,7,105.5,5/27/2010,562,2,2,2,222,Lost
14027,6,104.82,10/10/2011,61,4,2,2,422,New Customers
17328,6,104.7,2/4/2010,674,2,2,2,222,Lost
16547,25,104.26,6/11/2010,547,2,5,2,252,At Risk
16375,13,104,8/26/2010,471,2,2,2,222,Lost
16896,18,103.95,6/2/2010,556,2,2,2,222,Lost
14542,5,103.25,6/7/2011,186,3,2,2,322,Others
15924,15,102.82,12/8/2009,732,2,2,2,222,Lost
18124,20,102.65,8/24/2010,473,2,5,2,252,At Risk
17467,4,102.6,11/9/2010,396,2,2,2,222,Lost
14836,6,102.45,11/29/2011,11,5,2,2,522,New Customers
13829,1,102,10/14/2010,422,2,2,2,222,Lost
15486,1,102,6/30/2010,528,2,2,2,222,Lost
16516,6,101.7,11/9/2011,31,4,2,2,422,New Customers
18068,1,101.7,2/23/2011,290,3,2,2,322,Others
16944,7,101.36,4/9/2010,610,2,2,2,222,Lost
18086,7,101.34,3/10/2011,275,3,2,2,322,Others
18195,5,101.16,11/17/2010,388,2,2,2,222,Lost
17741,6,101.1,10/29/2010,407,2,2,2,222,Lost
16498,15,100.97,7/1/2011,162,3,2,2,322,Others
17493,8,100.91,11/19/2010,386,2,2,2,222,Lost
14946,3,100.9,11/25/2011,15,5,2,2,522,New Customers
17224,8,100.86,7/26/2010,502,2,2,2,222,Lost
17427,2,100.8,9/29/2011,72,4,2,2,422,New Customers
14371,4,100.5,2/17/2011,296,3,2,2,322,Others
15635,2,100.35,11/9/2010,396,2,2,2,222,Lost
17570,1,100,11/23/2010,382,2,2,2,222,Lost
17939,12,99.14,7/3/2011,160,3,2,2,322,Others
12774,6,98.7,6/22/2010,536,2,2,2,222,Lost
17538,9,98.42,11/14/2011,26,5,2,2,522,New Customers
16694,3,98.3,12/16/2009,724,2,2,2,222,Lost
12984,4,97.5,11/21/2011,19,5,2,2,522,New Customers
17395,3,97.5,7/19/2010,509,2,2,2,222,Lost
14642,2,96.12,10/12/2011,59,4,2,2,422,New Customers
17816,45,96.11,11/3/2011,37,4,5,2,452,Others
13793,7,96,3/3/2010,647,2,2,2,222,Lost
15583,39,95.96,11/28/2010,377,3,5,2,352,Others
17024,3,95.85,10/25/2011,46,4,2,2,422,New Customers
17895,15,95.45,10/26/2011,45,4,2,2,422,New Customers
18249,8,95.34,11/22/2011,18,5,2,2,522,New Customers
12548,5,95.2,6/26/2011,167,3,2,2,322,Others
15285,6,94.92,10/28/2010,408,2,2,2,222,Lost
14833,7,94.8,7/29/2010,499,2,2,2,222,Lost
15868,4,94.53,5/5/2010,584,2,2,2,222,Lost
16339,18,94.05,2/28/2011,285,3,2,2,322,Others
15397,6,94,2/23/2011,290,3,2,2,322,Others
18033,33,93.82,10/5/2011,66,4,5,2,452,Others
14394,6,93.8,5/24/2010,565,2,2,2,222,Lost
15305,5,93.6,6/2/2010,556,2,2,2,222,Lost
15082,6,93.35,2/9/2010,669,2,2,2,222,Lost
12992,6,93.35,12/14/2009,726,2,2,2,222,Lost
16196,4,93.3,8/8/2010,489,2,2,2,222,Lost
14865,6,92.52,12/2/2011,8,5,2,2,522,New Customers
14054,6,92.46,10/5/2011,66,4,2,2,422,New Customers
13160,4,91.8,11/17/2011,23,5,2,2,522,New Customers
16831,6,91.8,5/24/2010,565,2,2,2,222,Lost
12659,5,91.68,11/10/2011,30,4,2,2,422,New Customers
13392,8,91.14,1/31/2010,678,2,2,2,222,Lost
14786,7,90.96,6/7/2010,551,2,2,2,222,Lost
13947,5,90.6,10/5/2011,66,4,2,2,422,New Customers
14435,3,90.42,7/26/2010,502,2,2,2,222,Lost
16506,3,90.3,11/20/2011,20,5,2,2,522,New Customers
16597,7,90.04,12/5/2011,5,5,2,2,522,New Customers
14117,3,90,7/19/2011,144,3,2,2,322,Others
15686,1,90,10/15/2010,421,2,2,2,222,Lost
14974,17,89.94,11/2/2011,38,4,2,2,422,New Customers
16061,3,89.65,10/4/2010,432,2,2,2,222,Lost
13535,1,89.5,11/2/2010,403,2,2,2,222,Lost
14760,5,89.2,2/15/2011,298,3,2,2,322,Others
12686,7,89.14,12/3/2010,372,3,2,2,322,Others
13222,1,88.5,5/11/2010,578,2,2,2,222,Lost
15603,4,88.48,9/22/2011,79,4,2,2,422,New Customers
15083,5,88.2,3/28/2011,257,3,2,2,322,Others
16564,5,87.8,5/19/2010,570,2,2,2,222,Lost
17606,6,87.3,12/2/2009,738,2,2,2,222,Lost
17763,14,86.15,3/21/2011,264,3,2,2,322,Others
13180,4,86.1,4/11/2010,608,2,2,2,222,Lost
15541,29,85.13,8/17/2011,115,3,5,2,352,Others
13841,1,85,4/1/2011,253,3,2,2,322,Others
12401,5,84.3,2/9/2011,304,3,2,2,322,Others
15094,5,83,9/2/2010,464,2,2,2,222,Lost
14347,6,82.6,12/3/2009,737,2,2,2,222,Lost
13469,6,82.4,2/24/2010,654,2,2,2,222,Lost
16028,5,82.2,4/23/2010,596,2,2,2,222,Lost
13215,1,81.6,11/2/2010,403,2,2,2,222,Lost
13006,4,81.57,10/14/2011,57,4,2,2,422,New Customers
17620,4,81.44,10/11/2011,60,4,2,2,422,New Customers
17008,1,81.36,10/6/2010,430,2,2,2,222,Lost
14717,11,81.3,12/6/2009,734,2,2,2,222,Lost
15170,4,81.15,10/29/2010,407,2,2,2,222,Lost
17336,1,81.12,8/24/2010,473,2,2,2,222,Lost
16789,5,80.8,12/1/2011,9,5,2,2,522,New Customers
17752,1,80.64,12/15/2010,360,3,2,2,322,Others
15833,5,80.4,12/2/2009,738,2,2,2,222,Lost
15131,7,80.28,11/10/2010,395,2,2,2,222,Lost
14190,1,79.9,2/11/2010,667,2,2,2,222,Lost
16165,1,79.9,7/22/2010,506,2,2,2,222,Lost
14007,5,79.48,7/15/2010,513,2,2,2,222,Lost
15753,1,79.2,2/8/2011,305,3,2,2,322,Others
12570,1,77.52,1/26/2010,683,2,2,2,222,Lost
17942,2,77.5,12/2/2011,8,5,2,2,522,New Customers
14785,3,77.4,11/29/2011,11,5,2,2,522,New Customers
13132,3,77.3,3/23/2011,262,3,2,2,322,Others
16867,6,76.74,1/19/2010,690,2,2,2,222,Lost
14373,4,76.55,12/16/2010,359,3,2,2,322,Others
14090,1,76.32,1/19/2011,325,3,2,2,322,Others
14613,1,76.32,1/28/2010,681,2,2,2,222,Lost
15668,1,76.32,5/6/2011,218,3,2,2,322,Others
18113,1,76.32,12/6/2010,369,3,2,2,322,Others
13219,11,76.23,3/31/2010,619,2,2,2,222,Lost
17628,5,75.75,9/19/2011,82,4,2,2,422,New Customers
16610,6,75.66,5/4/2011,220,3,2,2,322,Others
14559,2,75.6,11/14/2010,391,2,2,2,222,Lost
17192,20,75.28,6/21/2010,537,2,5,2,252,At Risk
16420,2,75,11/8/2010,397,2,2,2,222,Lost
17944,25,74.99,10/12/2010,424,2,5,2,252,At Risk
13095,6,74.4,9/30/2011,71,4,2,2,422,New Customers
12506,23,73.5,4/21/2011,233,3,5,2,352,Others
18032,5,73.5,1/9/2011,335,3,2,2,322,Others
16171,3,73.2,10/11/2011,60,4,2,2,422,New Customers
17906,12,72.9,4/6/2011,248,3,2,2,322,Others
13105,1,72,9/29/2010,437,2,2,2,222,Lost
16459,5,71.79,12/10/2009,730,2,2,2,222,Lost
13938,7,71.66,11/4/2011,36,4,2,2,422,New Customers
13185,1,71.4,3/17/2011,268,3,2,2,322,Others
16970,2,71.4,3/23/2010,627,2,2,2,222,Lost
17747,1,71.4,8/19/2011,113,3,2,2,322,Others
13915,2,70.8,11/10/2010,395,2,2,2,222,Lost
15564,4,70.74,9/2/2010,464,2,2,2,222,Lost
12568,5,70,3/5/2010,645,2,2,2,222,Lost
13172,1,69.6,11/4/2010,401,2,2,2,222,Lost
14906,1,68.44,9/20/2010,446,2,2,2,222,Lost
12861,4,68.25,3/30/2010,620,2,2,2,222,Lost
17249,27,68.03,10/7/2010,429,2,5,2,252,At Risk
14393,5,67.95,5/5/2011,219,3,2,2,322,Others
17532,4,65.34,11/19/2010,386,2,2,2,222,Lost
13022,5,65.3,10/6/2010,430,2,2,2,222,Lost
13130,2,64,9/6/2011,95,4,2,2,422,New Customers
16238,6,63.66,10/13/2010,423,2,2,2,222,Lost
17216,13,63.6,6/3/2010,555,2,2,2,222,Lost
17263,23,63.44,5/15/2011,209,3,5,2,352,Others
15470,4,63.42,5/13/2010,576,2,2,2,222,Lost
12404,1,63.24,1/26/2010,683,2,2,2,222,Lost
16058,2,62.7,10/29/2010,407,2,2,2,222,Lost
13218,5,62.64,8/4/2011,128,3,2,2,322,Others
14650,4,62.5,4/29/2010,590,2,2,2,222,Lost
15516,15,62.43,10/26/2011,45,4,2,2,422,New Customers
13380,3,62.4,10/3/2010,433,2,2,2,222,Lost
13303,4,61.72,11/4/2010,401,2,2,2,222,Lost
13818,5,61.28,10/6/2010,430,2,2,2,222,Lost
15375,6,60.96,1/18/2010,691,2,2,2,222,Lost
16605,1,60.48,12/15/2009,725,2,2,2,222,Lost
15250,3,60,3/9/2010,641,2,2,2,222,Lost
17174,4,59.9,5/6/2011,218,3,2,2,322,Others
13391,1,59.8,5/20/2011,204,3,2,2,322,Others
13682,3,59.5,6/5/2011,188,3,2,2,322,Others
15233,1,59.4,11/3/2010,402,2,2,2,222,Lost
15371,1,59.4,2/15/2010,663,2,2,2,222,Lost
14384,3,58.5,7/27/2010,501,2,2,2,222,Lost
12466,1,56.73,1/26/2010,683,2,2,2,222,Lost
17775,3,56.4,3/30/2011,255,3,2,2,322,Others
15899,4,56.25,12/6/2010,369,3,2,2,322,Others
13366,1,56.16,10/20/2011,51,4,2,2,422,New Customers
15685,17,55.98,9/15/2010,451,2,2,2,222,Lost
12776,4,55.5,2/10/2010,668,2,2,2,222,Lost
17494,3,54.7,7/26/2010,502,2,2,2,222,Lost
12860,16,54.22,1/15/2010,694,2,2,2,222,Lost
13306,4,53.65,10/5/2010,431,2,2,2,222,Lost
16349,9,53.5,2/22/2011,291,3,2,2,322,Others
17599,3,52.05,8/19/2010,478,2,2,2,222,Lost
15313,1,52,8/21/2011,111,3,2,2,322,Others
16786,1,51.84,11/11/2010,394,2,2,2,222,Lost
17844,5,51.56,8/25/2011,107,3,2,2,322,Others
13254,4,51.41,11/28/2010,377,3,2,2,322,Others
14351,1,51,6/28/2011,165,3,2,2,322,Others
13011,3,50.55,12/2/2010,373,3,2,2,322,Others
14743,3,50.48,4/26/2010,593,2,2,2,222,Lost
18184,1,49.8,11/24/2011,16,5,2,2,522,New Customers
14380,1,48.96,1/26/2010,683,2,2,2,222,Lost
16530,3,48.35,2/9/2010,669,2,2,2,222,Lost
16257,2,46.95,6/16/2011,177,3,2,2,322,Others
13438,1,46.5,6/10/2010,548,2,2,2,222,Lost
15698,2,46.2,3/25/2010,625,2,2,2,222,Lost
12496,10,45.34,3/29/2010,621,2,2,2,222,Lost
15672,3,45.3,12/14/2009,726,2,2,2,222,Lost
17916,19,43.87,3/21/2010,629,2,2,2,222,Lost
14300,3,43.2,11/21/2011,19,5,2,2,522,New Customers
13913,3,42.22,7/21/2010,507,2,2,2,222,Lost
13906,1,42,10/26/2010,410,2,2,2,222,Lost
16219,1,40.8,7/27/2010,501,2,2,2,222,Lost
14266,1,40.56,10/7/2010,429,2,2,2,222,Lost
15178,3,40.5,3/24/2011,261,3,2,2,322,Others
14086,1,39.95,9/3/2010,463,2,2,2,222,Lost
14589,3,39.75,12/3/2010,372,3,2,2,322,Others
16659,2,39.12,6/3/2011,190,3,2,2,322,Others
17246,6,38.92,6/11/2010,547,2,2,2,222,Lost
18019,5,38.45,10/19/2011,52,4,2,2,422,New Customers
15455,2,38.25,4/21/2010,598,2,2,2,222,Lost
15693,1,37.5,2/18/2010,660,2,2,2,222,Lost
16162,2,37.4,4/1/2011,253,3,2,2,322,Others
17352,5,36.25,1/12/2010,697,2,2,2,222,Lost
14993,10,36.13,5/25/2010,564,2,2,2,222,Lost
15940,1,35.8,2/1/2011,312,3,2,2,322,Others
16417,1,35.7,8/4/2010,493,2,2,2,222,Lost
14576,1,35.4,12/2/2010,373,3,2,2,322,Others
17831,2,35.4,11/6/2011,34,4,2,2,422,New Customers
15744,3,34.8,9/23/2011,78,4,2,2,422,New Customers
17533,1,34.8,10/1/2010,435,2,2,2,222,Lost
15871,5,33.1,9/28/2010,438,2,2,2,222,Lost
16941,2,33,4/7/2010,612,2,2,2,222,Lost
14977,4,31.93,12/14/2009,726,2,2,2,222,Lost
17129,2,31.85,7/7/2010,521,2,2,2,222,Lost
13120,1,30.6,4/15/2011,239,3,2,2,322,Others
14144,1,30.6,8/10/2010,487,2,2,2,222,Lost
16548,6,30.15,4/19/2010,600,2,2,2,222,Lost
15575,3,30.1,3/30/2010,620,2,2,2,222,Lost
15657,1,30,11/17/2011,23,5,2,2,522,New Customers
17319,3,29.1,2/8/2010,670,2,2,2,222,Lost
17102,1,25.5,3/23/2011,262,3,2,2,322,Others
15284,1,24.75,7/27/2010,501,2,2,2,222,Lost
14610,10,24.35,11/9/2010,396,2,2,2,222,Lost
16537,4,23.35,3/8/2010,642,2,2,2,222,Lost
12606,1,21,1/26/2010,683,2,2,2,222,Lost
16953,1,20.8,11/9/2011,31,4,2,2,422,New Customers
17986,1,20.8,10/14/2011,57,4,2,2,422,New Customers
13112,2,20.6,6/16/2010,542,2,2,2,222,Lost
15999,1,20.4,12/4/2009,736,2,2,2,222,Lost
13163,2,17.65,4/8/2010,611,2,2,2,222,Lost
16093,1,17,8/25/2011,107,3,2,2,322,Others
12846,1,15.58,1/26/2010,683,2,2,2,222,Lost
14580,1,14.85,7/9/2010,519,2,2,2,222,Lost
14900,1,13.92,7/5/2010,523,2,2,2,222,Lost
16878,3,13.3,9/16/2011,85,4,2,2,422,New Customers
17956,1,12.75,4/4/2011,250,3,2,2,322,Others
17378,1,10.95,11/30/2010,375,3,2,2,322,Others
18115,3,9.7,1/11/2010,698,2,2,2,222,Lost
16454,3,8.45,10/26/2011,45,4,2,2,422,New Customers
15040,1,7.49,6/16/2010,542,2,2,2,222,Lost
15913,1,6.3,6/23/2010,535,2,2,2,222,Lost
14792,2,6.2,10/7/2011,64,4,2,2,422,New Customers
13788,1,3.75,7/22/2010,506,2,2,2,222,Lost
16738,1,3.75,2/15/2011,298,3,2,2,322,Others
14095,1,2.95,12/17/2009,723,2,2,2,222,Lost
16446,2,2.9,5/18/2011,206,3,2,2,322,Others
